"id","city","temperature","wind_speed","condition","timestamp"
1,"Yerevan",14.7,3.0,"Mild 🌤","2026-03-19 11:37:11.724856"
2,"Gyumri",7.7,6.1,"Cold ❄️","2026-03-19 11:37:12.208315"
3,"Vanadzor",8.8,12.6,"Cold ❄️","2026-03-19 11:37:12.471872"
4,"Dilijan",10.6,11.6,"Mild 🌤","2026-03-19 11:37:12.769027"
5,"Hrazdan",8.4,3.8,"Cold ❄️","2026-03-19 11:37:13.141008"
6,"Abovyan",10.2,6.2,"Mild 🌤","2026-03-19 11:37:14.049193"
7,"Kapan",11.4,9.6,"Mild 🌤","2026-03-19 11:37:14.359774"
8,"Goris",8.3,12.7,"Cold ❄️","2026-03-19 11:37:14.634974"
9,"Sevan",6.5,8.4,"Cold ❄️","2026-03-19 11:37:14.988826"
10,"Ijevan",9.6,10.3,"Cold ❄️","2026-03-19 11:37:15.250533"
11,"Armavir",14.9,10.6,"Mild 🌤","2026-03-19 11:37:15.52584"
12,"Artashat",16.4,18.0,"Mild 🌤","2026-03-19 11:37:15.787995"
13,"Sisian",9.6,15.1,"Cold ❄️","2026-03-19 11:37:16.098601"
14,"Yerevan",14.7,3.0,"Mild 🌤","2026-03-19 11:37:15.108654"
15,"Gyumri",7.7,6.1,"Cold ❄️","2026-03-19 11:37:15.376915"
16,"Vanadzor",8.8,12.6,"Cold ❄️","2026-03-19 11:37:15.740245"
17,"Dilijan",10.6,11.6,"Mild 🌤","2026-03-19 11:37:16.046099"
18,"Hrazdan",8.4,3.8,"Cold ❄️","2026-03-19 11:37:16.413782"
19,"Abovyan",10.2,6.2,"Mild 🌤","2026-03-19 11:37:16.966032"
20,"Kapan",11.4,9.6,"Mild 🌤","2026-03-19 11:37:17.346939"
21,"Goris",8.3,12.7,"Cold ❄️","2026-03-19 11:37:17.742818"
22,"Sevan",6.5,8.4,"Cold ❄️","2026-03-19 11:37:18.024363"
23,"Ijevan",9.6,10.3,"Cold ❄️","2026-03-19 11:37:18.300158"
24,"Armavir",14.9,10.6,"Mild 🌤","2026-03-19 11:37:18.571091"
25,"Artashat",16.4,18.0,"Mild 🌤","2026-03-19 11:37:18.906176"
26,"Sisian",9.6,15.1,"Cold ❄️","2026-03-19 11:37:19.327666"
27,"Yerevan",14.7,3.0,"Mild 🌤","2026-03-19 11:37:21.247356"
28,"Gyumri",7.7,6.1,"Cold ❄️","2026-03-19 11:37:21.568013"
29,"Vanadzor",8.8,12.6,"Cold ❄️","2026-03-19 11:37:22.229321"
30,"Dilijan",10.6,11.6,"Mild 🌤","2026-03-19 11:37:23.297557"
31,"Hrazdan",8.4,3.8,"Cold ❄️","2026-03-19 11:37:24.627535"
32,"Abovyan",10.2,6.2,"Mild 🌤","2026-03-19 11:37:25.854753"
33,"Kapan",11.4,9.6,"Mild 🌤","2026-03-19 11:37:26.964861"
34,"Goris",8.3,12.7,"Cold ❄️","2026-03-19 11:37:28.005102"
35,"Sevan",6.5,8.4,"Cold ❄️","2026-03-19 11:37:31.774868"
36,"Ijevan",9.6,10.3,"Cold ❄️","2026-03-19 11:37:32.516504"
37,"Armavir",14.9,10.6,"Mild 🌤","2026-03-19 11:37:33.64053"
38,"Artashat",16.4,18.0,"Mild 🌤","2026-03-19 11:37:34.971631"
39,"Sisian",9.6,15.1,"Cold ❄️","2026-03-19 11:37:36.605097"
40,"Yerevan",14.7,3.0,"Mild 🌤","2026-03-19 11:37:37.836396"
41,"Gyumri",7.7,6.1,"Cold ❄️","2026-03-19 11:37:38.809137"
42,"Vanadzor",8.8,12.6,"Cold ❄️","2026-03-19 11:37:40.607831"
43,"Dilijan",10.6,11.6,"Mild 🌤","2026-03-19 11:37:41.834551"
44,"Hrazdan",8.4,3.8,"Cold ❄️","2026-03-19 11:37:42.85911"
45,"Abovyan",10.2,6.2,"Mild 🌤","2026-03-19 11:37:44.592264"
46,"Kapan",11.4,9.6,"Mild 🌤","2026-03-19 11:37:45.806499"
47,"Goris",8.3,12.7,"Cold ❄️","2026-03-19 11:37:46.896998"
48,"Sevan",6.5,8.4,"Cold ❄️","2026-03-19 11:37:47.574532"
49,"Ijevan",9.6,10.3,"Cold ❄️","2026-03-19 11:37:48.078655"
50,"Armavir",14.9,10.6,"Mild 🌤","2026-03-19 11:37:48.42996"
51,"Artashat",16.4,18.0,"Mild 🌤","2026-03-19 11:37:48.69261"
52,"Sisian",9.6,15.1,"Cold ❄️","2026-03-19 11:37:49.094825"
53,"Yerevan",14.7,3.0,"Mild 🌤","2026-03-19 11:37:37.838291"
54,"Gyumri",7.7,6.1,"Cold ❄️","2026-03-19 11:37:38.805293"
55,"Vanadzor",8.8,12.6,"Cold ❄️","2026-03-19 11:37:40.605618"
56,"Dilijan",10.6,11.6,"Mild 🌤","2026-03-19 11:37:41.832108"
57,"Hrazdan",8.4,3.8,"Cold ❄️","2026-03-19 11:37:42.85638"
58,"Abovyan",10.2,6.2,"Mild 🌤","2026-03-19 11:37:44.595201"
59,"Kapan",11.4,9.6,"Mild 🌤","2026-03-19 11:37:46.619915"
60,"Goris",8.3,12.7,"Cold ❄️","2026-03-19 11:37:47.359464"
61,"Sevan",6.5,8.4,"Cold ❄️","2026-03-19 11:37:48.023161"
62,"Ijevan",9.6,10.3,"Cold ❄️","2026-03-19 11:37:48.303322"
63,"Armavir",14.9,10.6,"Mild 🌤","2026-03-19 11:37:48.615566"
64,"Artashat",16.4,18.0,"Mild 🌤","2026-03-19 11:37:48.918134"
65,"Sisian",9.6,15.1,"Cold ❄️","2026-03-19 11:37:49.245347"
66,"Yerevan",14.7,3.0,"Mild 🌤","2026-03-19 11:37:49.517145"
67,"Gyumri",7.7,6.1,"Cold ❄️","2026-03-19 11:37:49.887911"
68,"Vanadzor",8.8,12.6,"Cold ❄️","2026-03-19 11:37:50.162965"
69,"Dilijan",10.6,11.6,"Mild 🌤","2026-03-19 11:37:50.428569"
70,"Hrazdan",8.4,3.8,"Cold ❄️","2026-03-19 11:37:50.711146"
71,"Abovyan",10.2,6.2,"Mild 🌤","2026-03-19 11:37:50.992675"
72,"Kapan",11.4,9.6,"Mild 🌤","2026-03-19 11:37:51.306689"
73,"Goris",8.3,12.7,"Cold ❄️","2026-03-19 11:37:51.606319"
74,"Sevan",6.5,8.4,"Cold ❄️","2026-03-19 11:37:51.871704"
75,"Ijevan",9.6,10.3,"Cold ❄️","2026-03-19 11:37:52.141576"
76,"Armavir",14.9,10.6,"Mild 🌤","2026-03-19 11:37:52.450866"
77,"Artashat",16.4,18.0,"Mild 🌤","2026-03-19 11:37:52.71851"
78,"Sisian",9.6,15.1,"Cold ❄️","2026-03-19 11:37:52.980355"
79,"Yerevan",14.7,3.0,"Mild 🌤","2026-03-19 11:37:49.397049"
80,"Gyumri",7.7,6.1,"Cold ❄️","2026-03-19 11:37:49.663748"
81,"Vanadzor",8.8,12.6,"Cold ❄️","2026-03-19 11:37:49.969196"
82,"Dilijan",10.6,11.6,"Mild 🌤","2026-03-19 11:37:50.2292"
83,"Hrazdan",8.4,3.8,"Cold ❄️","2026-03-19 11:37:50.549594"
84,"Abovyan",10.2,6.2,"Mild 🌤","2026-03-19 11:37:50.808572"
85,"Kapan",11.4,9.6,"Mild 🌤","2026-03-19 11:37:51.073525"
86,"Goris",8.3,12.7,"Cold ❄️","2026-03-19 11:37:51.371297"
87,"Sevan",6.5,8.4,"Cold ❄️","2026-03-19 11:37:51.644395"
88,"Ijevan",9.6,10.3,"Cold ❄️","2026-03-19 11:37:51.994822"
89,"Armavir",14.9,10.6,"Mild 🌤","2026-03-19 11:37:52.403158"
90,"Artashat",16.4,18.0,"Mild 🌤","2026-03-19 11:37:52.685892"
91,"Sisian",9.6,15.1,"Cold ❄️","2026-03-19 11:37:53.030532"
92,"Yerevan",14.7,3.0,"Mild 🌤","2026-03-19 11:37:49.409217"
93,"Gyumri",7.7,6.1,"Cold ❄️","2026-03-19 11:37:49.786075"
94,"Vanadzor",8.8,12.6,"Cold ❄️","2026-03-19 11:37:50.084292"
95,"Dilijan",10.6,11.6,"Mild 🌤","2026-03-19 11:37:50.347778"
96,"Hrazdan",8.4,3.8,"Cold ❄️","2026-03-19 11:37:50.620812"
97,"Abovyan",10.2,6.2,"Mild 🌤","2026-03-19 11:37:50.895287"
98,"Kapan",11.4,9.6,"Mild 🌤","2026-03-19 11:37:51.302146"
99,"Goris",8.3,12.7,"Cold ❄️","2026-03-19 11:37:51.562483"
100,"Sevan",6.5,8.4,"Cold ❄️","2026-03-19 11:37:51.926033"
101,"Ijevan",9.6,10.3,"Cold ❄️","2026-03-19 11:37:52.243655"
102,"Armavir",14.9,10.6,"Mild 🌤","2026-03-19 11:37:52.531959"
103,"Artashat",16.4,18.0,"Mild 🌤","2026-03-19 11:37:52.893729"
104,"Sisian",9.6,15.1,"Cold ❄️","2026-03-19 11:37:53.172693"
105,"Yerevan",14.7,3.0,"Mild 🌤","2026-03-19 11:37:51.554127"
106,"Gyumri",7.7,6.1,"Cold ❄️","2026-03-19 11:37:51.916057"
107,"Vanadzor",8.8,12.6,"Cold ❄️","2026-03-19 11:37:52.199852"
108,"Dilijan",10.6,11.6,"Mild 🌤","2026-03-19 11:37:52.47463"
109,"Hrazdan",8.4,3.8,"Cold ❄️","2026-03-19 11:37:52.750889"
110,"Abovyan",10.2,6.2,"Mild 🌤","2026-03-19 11:37:53.047131"
111,"Kapan",11.4,9.6,"Mild 🌤","2026-03-19 11:37:53.301467"
112,"Goris",8.3,12.7,"Cold ❄️","2026-03-19 11:37:53.589755"
113,"Sevan",6.5,8.4,"Cold ❄️","2026-03-19 11:37:53.876789"
114,"Ijevan",9.6,10.3,"Cold ❄️","2026-03-19 11:37:54.33417"
115,"Armavir",14.9,10.6,"Mild 🌤","2026-03-19 11:37:54.64908"
116,"Artashat",16.4,18.0,"Mild 🌤","2026-03-19 11:37:54.904832"
117,"Sisian",9.6,15.1,"Cold ❄️","2026-03-19 11:37:55.238831"
118,"Yerevan",14.7,3.0,"Mild 🌤","2026-03-19 11:37:55.26287"
119,"Gyumri",7.7,6.1,"Cold ❄️","2026-03-19 11:37:55.631909"
120,"Vanadzor",8.8,12.6,"Cold ❄️","2026-03-19 11:37:56.040521"
121,"Dilijan",10.6,11.6,"Mild 🌤","2026-03-19 11:37:56.452419"
122,"Hrazdan",8.4,3.8,"Cold ❄️","2026-03-19 11:37:57.039088"
123,"Abovyan",10.2,6.2,"Mild 🌤","2026-03-19 11:37:57.679476"
124,"Kapan",11.4,9.6,"Mild 🌤","2026-03-19 11:37:58.088859"
125,"Goris",8.3,12.7,"Cold ❄️","2026-03-19 11:37:58.476627"
126,"Sevan",6.5,8.4,"Cold ❄️","2026-03-19 11:37:58.750454"
127,"Ijevan",9.6,10.3,"Cold ❄️","2026-03-19 11:37:59.143324"
128,"Armavir",14.9,10.6,"Mild 🌤","2026-03-19 11:37:59.581335"
129,"Artashat",16.4,18.0,"Mild 🌤","2026-03-19 11:38:00.966004"
130,"Sisian",9.6,15.1,"Cold ❄️","2026-03-19 11:38:01.328304"
131,"Yerevan",14.7,3.0,"Mild 🌤","2026-03-19 11:38:01.532093"
132,"Gyumri",7.7,6.1,"Cold ❄️","2026-03-19 11:38:01.819303"
133,"Vanadzor",8.8,12.6,"Cold ❄️","2026-03-19 11:38:02.117243"
134,"Dilijan",10.6,11.6,"Mild 🌤","2026-03-19 11:38:02.472463"
135,"Hrazdan",8.4,3.8,"Cold ❄️","2026-03-19 11:38:02.731776"
136,"Abovyan",10.2,6.2,"Mild 🌤","2026-03-19 11:38:03.011526"
137,"Kapan",11.4,9.6,"Mild 🌤","2026-03-19 11:38:03.308506"
138,"Goris",8.3,12.7,"Cold ❄️","2026-03-19 11:38:03.689763"
139,"Sevan",6.5,8.4,"Cold ❄️","2026-03-19 11:38:03.993282"
140,"Ijevan",9.6,10.3,"Cold ❄️","2026-03-19 11:38:04.281966"
141,"Armavir",14.9,10.6,"Mild 🌤","2026-03-19 11:38:04.691976"
142,"Artashat",16.4,18.0,"Mild 🌤","2026-03-19 11:38:05.066741"
143,"Sisian",9.6,15.1,"Cold ❄️","2026-03-19 11:38:05.318681"
144,"Yerevan",14.7,3.0,"Mild 🌤","2026-03-19 11:38:05.365053"
145,"Gyumri",7.7,6.1,"Cold ❄️","2026-03-19 11:38:05.721113"
146,"Vanadzor",8.8,12.6,"Cold ❄️","2026-03-19 11:38:06.163911"
147,"Dilijan",10.6,11.6,"Mild 🌤","2026-03-19 11:38:06.504102"
148,"Hrazdan",8.4,3.8,"Cold ❄️","2026-03-19 11:38:06.834234"
149,"Abovyan",10.2,6.2,"Mild 🌤","2026-03-19 11:38:07.09152"
150,"Kapan",11.4,9.6,"Mild 🌤","2026-03-19 11:38:07.450427"
151,"Goris",8.3,12.7,"Cold ❄️","2026-03-19 11:38:07.784246"
152,"Sevan",6.5,8.4,"Cold ❄️","2026-03-19 11:38:08.179797"
153,"Ijevan",9.6,10.3,"Cold ❄️","2026-03-19 11:38:08.609499"
154,"Armavir",14.9,10.6,"Mild 🌤","2026-03-19 11:38:08.891869"
155,"Artashat",16.4,18.0,"Mild 🌤","2026-03-19 11:38:09.276644"
156,"Sisian",9.6,15.1,"Cold ❄️","2026-03-19 11:38:09.569797"
157,"Yerevan",14.7,3.0,"Mild 🌤","2026-03-19 11:38:11.53399"
158,"Gyumri",7.7,6.1,"Cold ❄️","2026-03-19 11:38:11.798669"
159,"Vanadzor",8.8,12.6,"Cold ❄️","2026-03-19 11:38:12.519057"
160,"Dilijan",10.6,11.6,"Mild 🌤","2026-03-19 11:38:13.870359"
161,"Hrazdan",8.4,3.8,"Cold ❄️","2026-03-19 11:38:14.613059"
162,"Abovyan",10.2,6.2,"Mild 🌤","2026-03-19 11:38:15.854475"
163,"Kapan",11.4,9.6,"Mild 🌤","2026-03-19 11:38:16.429339"
164,"Goris",8.3,12.7,"Cold ❄️","2026-03-19 11:38:17.588996"
165,"Sevan",6.5,8.4,"Cold ❄️","2026-03-19 11:38:18.105437"
166,"Ijevan",9.6,10.3,"Cold ❄️","2026-03-19 11:38:18.411236"
167,"Armavir",14.9,10.6,"Mild 🌤","2026-03-19 11:38:18.719164"
168,"Artashat",16.4,18.0,"Mild 🌤","2026-03-19 11:38:19.084768"
169,"Sisian",9.6,15.1,"Cold ❄️","2026-03-19 11:38:19.575878"
170,"Yerevan",14.7,3.0,"Mild 🌤","2026-03-19 11:38:19.879117"
171,"Gyumri",7.7,6.1,"Cold ❄️","2026-03-19 11:38:20.149832"
172,"Vanadzor",8.8,12.6,"Cold ❄️","2026-03-19 11:38:20.441519"
173,"Dilijan",10.6,11.6,"Mild 🌤","2026-03-19 11:38:20.801562"
174,"Hrazdan",8.4,3.8,"Cold ❄️","2026-03-19 11:38:21.13938"
175,"Abovyan",10.2,6.2,"Mild 🌤","2026-03-19 11:38:21.570732"
176,"Kapan",11.4,9.6,"Mild 🌤","2026-03-19 11:38:21.893445"
177,"Goris",8.3,12.7,"Cold ❄️","2026-03-19 11:38:22.155135"
178,"Sevan",6.5,8.4,"Cold ❄️","2026-03-19 11:38:22.464924"
179,"Ijevan",9.6,10.3,"Cold ❄️","2026-03-19 11:38:22.769276"
180,"Armavir",14.9,10.6,"Mild 🌤","2026-03-19 11:38:23.103826"
181,"Artashat",16.4,18.0,"Mild 🌤","2026-03-19 11:38:23.56754"
182,"Sisian",9.6,15.1,"Cold ❄️","2026-03-19 11:38:23.99485"
183,"Yerevan",14.7,3.0,"Mild 🌤","2026-03-19 11:38:24.301975"
184,"Gyumri",7.7,6.1,"Cold ❄️","2026-03-19 11:38:24.554917"
185,"Vanadzor",8.8,12.6,"Cold ❄️","2026-03-19 11:38:24.863276"
186,"Dilijan",10.6,11.6,"Mild 🌤","2026-03-19 11:38:25.181091"
187,"Hrazdan",8.4,3.8,"Cold ❄️","2026-03-19 11:38:25.452"
188,"Abovyan",10.2,6.2,"Mild 🌤","2026-03-19 11:38:25.804646"
189,"Kapan",11.4,9.6,"Mild 🌤","2026-03-19 11:38:26.076987"
190,"Goris",8.3,12.7,"Cold ❄️","2026-03-19 11:38:26.536917"
191,"Sevan",6.5,8.4,"Cold ❄️","2026-03-19 11:38:26.853223"
192,"Ijevan",9.6,10.3,"Cold ❄️","2026-03-19 11:38:27.140362"
193,"Armavir",14.9,10.6,"Mild 🌤","2026-03-19 11:38:27.557074"
194,"Artashat",16.4,18.0,"Mild 🌤","2026-03-19 11:38:27.828871"
195,"Sisian",9.6,15.1,"Cold ❄️","2026-03-19 11:38:28.103979"
196,"Yerevan",14.7,3.0,"Mild 🌤","2026-03-19 11:38:28.474655"
197,"Gyumri",7.7,6.1,"Cold ❄️","2026-03-19 11:38:28.786814"
198,"Vanadzor",8.8,12.6,"Cold ❄️","2026-03-19 11:38:29.05689"
199,"Dilijan",10.6,11.6,"Mild 🌤","2026-03-19 11:38:29.332129"
200,"Hrazdan",8.4,3.8,"Cold ❄️","2026-03-19 11:38:29.600706"
201,"Abovyan",10.2,6.2,"Mild 🌤","2026-03-19 11:38:29.954589"
202,"Kapan",11.4,9.6,"Mild 🌤","2026-03-19 11:38:30.330604"
203,"Goris",8.3,12.7,"Cold ❄️","2026-03-19 11:38:30.621628"
204,"Sevan",6.5,8.4,"Cold ❄️","2026-03-19 11:38:30.988088"
205,"Ijevan",9.6,10.3,"Cold ❄️","2026-03-19 11:38:31.289481"
206,"Armavir",14.9,10.6,"Mild 🌤","2026-03-19 11:38:31.643815"
207,"Artashat",16.4,18.0,"Mild 🌤","2026-03-19 11:38:31.964241"
208,"Sisian",9.6,15.1,"Cold ❄️","2026-03-19 11:38:32.271807"
209,"Yerevan",14.7,3.0,"Mild 🌤","2026-03-19 11:38:32.584945"
210,"Gyumri",7.7,6.1,"Cold ❄️","2026-03-19 11:38:32.91283"
211,"Vanadzor",8.8,12.6,"Cold ❄️","2026-03-19 11:38:33.368784"
212,"Dilijan",10.6,11.6,"Mild 🌤","2026-03-19 11:38:33.760836"
213,"Hrazdan",8.4,3.8,"Cold ❄️","2026-03-19 11:38:34.556665"
214,"Abovyan",10.2,6.2,"Mild 🌤","2026-03-19 11:38:35.089298"
215,"Kapan",11.4,9.6,"Mild 🌤","2026-03-19 11:38:35.470869"
216,"Goris",8.3,12.7,"Cold ❄️","2026-03-19 11:38:35.751637"
217,"Sevan",6.5,8.4,"Cold ❄️","2026-03-19 11:38:36.072875"
218,"Ijevan",9.6,10.3,"Cold ❄️","2026-03-19 11:38:36.351822"
219,"Armavir",14.9,10.6,"Mild 🌤","2026-03-19 11:38:36.723443"
220,"Artashat",16.4,18.0,"Mild 🌤","2026-03-19 11:38:37.291452"
221,"Sisian",9.6,15.1,"Cold ❄️","2026-03-19 11:38:37.557881"
222,"Yerevan",14.7,3.0,"Mild 🌤","2026-03-19 11:38:37.878185"
223,"Gyumri",7.7,6.1,"Cold ❄️","2026-03-19 11:38:38.274103"
224,"Vanadzor",8.8,12.6,"Cold ❄️","2026-03-19 11:38:38.622228"
225,"Dilijan",10.6,11.6,"Mild 🌤","2026-03-19 11:38:38.90563"
226,"Hrazdan",8.4,3.8,"Cold ❄️","2026-03-19 11:38:39.204371"
227,"Abovyan",10.2,6.2,"Mild 🌤","2026-03-19 11:38:39.560424"
228,"Kapan",11.4,9.6,"Mild 🌤","2026-03-19 11:38:39.942455"
229,"Goris",8.3,12.7,"Cold ❄️","2026-03-19 11:38:40.353689"
230,"Sevan",6.5,8.4,"Cold ❄️","2026-03-19 11:38:40.632581"
231,"Ijevan",9.6,10.3,"Cold ❄️","2026-03-19 11:38:40.914484"
232,"Armavir",14.9,10.6,"Mild 🌤","2026-03-19 11:38:41.285926"
233,"Artashat",16.4,18.0,"Mild 🌤","2026-03-19 11:38:41.562798"
234,"Sisian",9.6,15.1,"Cold ❄️","2026-03-19 11:38:41.868147"
235,"Yerevan",14.7,3.0,"Mild 🌤","2026-03-19 11:38:42.147762"
236,"Gyumri",7.7,6.1,"Cold ❄️","2026-03-19 11:38:42.513463"
237,"Vanadzor",8.8,12.6,"Cold ❄️","2026-03-19 11:38:43.523507"
238,"Dilijan",10.6,11.6,"Mild 🌤","2026-03-19 11:38:46.942832"
239,"Hrazdan",8.4,3.8,"Cold ❄️","2026-03-19 11:38:47.652858"
240,"Abovyan",10.2,6.2,"Mild 🌤","2026-03-19 11:38:48.988906"
241,"Kapan",11.4,9.6,"Mild 🌤","2026-03-19 11:38:50.621751"
242,"Goris",8.3,12.7,"Cold ❄️","2026-03-19 11:38:51.834131"
243,"Sevan",6.5,8.4,"Cold ❄️","2026-03-19 11:38:52.468656"
244,"Ijevan",9.6,10.3,"Cold ❄️","2026-03-19 11:38:53.873512"
245,"Armavir",14.9,10.6,"Mild 🌤","2026-03-19 11:38:54.153921"
246,"Artashat",16.4,18.0,"Mild 🌤","2026-03-19 11:38:54.594805"
247,"Sisian",9.6,15.1,"Cold ❄️","2026-03-19 11:38:54.87432"
248,"Yerevan",14.7,3.0,"Mild 🌤","2026-03-19 11:38:55.141929"
249,"Gyumri",7.7,6.1,"Cold ❄️","2026-03-19 11:38:55.610941"
250,"Vanadzor",8.8,12.6,"Cold ❄️","2026-03-19 11:38:55.879928"
251,"Dilijan",10.6,11.6,"Mild 🌤","2026-03-19 11:38:56.178336"
252,"Hrazdan",8.4,3.8,"Cold ❄️","2026-03-19 11:38:56.488782"
253,"Abovyan",10.2,6.2,"Mild 🌤","2026-03-19 11:38:56.848723"
254,"Kapan",11.4,9.6,"Mild 🌤","2026-03-19 11:38:57.147772"
255,"Goris",8.3,12.7,"Cold ❄️","2026-03-19 11:38:57.423167"
256,"Sevan",6.5,8.4,"Cold ❄️","2026-03-19 11:38:57.888413"
257,"Ijevan",9.6,10.3,"Cold ❄️","2026-03-19 11:38:58.145724"
258,"Armavir",14.9,10.6,"Mild 🌤","2026-03-19 11:38:58.435099"
259,"Artashat",16.4,18.0,"Mild 🌤","2026-03-19 11:38:58.754685"
260,"Sisian",9.6,15.1,"Cold ❄️","2026-03-19 11:38:59.035804"
261,"Yerevan",14.7,3.0,"Mild 🌤","2026-03-19 11:38:59.440502"
262,"Gyumri",7.7,6.1,"Cold ❄️","2026-03-19 11:38:59.790508"
263,"Vanadzor",8.8,12.6,"Cold ❄️","2026-03-19 11:39:00.040899"
264,"Dilijan",10.6,11.6,"Mild 🌤","2026-03-19 11:39:00.373046"
265,"Hrazdan",8.4,3.8,"Cold ❄️","2026-03-19 11:39:00.667826"
266,"Abovyan",10.2,6.2,"Mild 🌤","2026-03-19 11:39:01.097917"
267,"Kapan",11.4,9.6,"Mild 🌤","2026-03-19 11:39:01.549436"
268,"Goris",8.3,12.7,"Cold ❄️","2026-03-19 11:39:01.841876"
269,"Sevan",6.5,8.4,"Cold ❄️","2026-03-19 11:39:02.163834"
270,"Ijevan",9.6,10.3,"Cold ❄️","2026-03-19 11:39:02.501915"
271,"Armavir",14.9,10.6,"Mild 🌤","2026-03-19 11:39:02.798849"
272,"Artashat",16.4,18.0,"Mild 🌤","2026-03-19 11:39:03.190198"
273,"Sisian",9.6,15.1,"Cold ❄️","2026-03-19 11:39:03.471955"
274,"Yerevan",14.7,3.0,"Mild 🌤","2026-03-19 11:39:04.306319"
275,"Gyumri",7.7,6.1,"Cold ❄️","2026-03-19 11:39:04.646945"
276,"Vanadzor",8.8,12.6,"Cold ❄️","2026-03-19 11:39:04.92507"
277,"Dilijan",10.6,11.6,"Mild 🌤","2026-03-19 11:39:05.216284"
278,"Hrazdan",8.4,3.8,"Cold ❄️","2026-03-19 11:39:05.482572"
279,"Abovyan",10.2,6.2,"Mild 🌤","2026-03-19 11:39:05.787389"
280,"Kapan",11.4,9.6,"Mild 🌤","2026-03-19 11:39:06.115976"
281,"Goris",8.3,12.7,"Cold ❄️","2026-03-19 11:39:06.508557"
282,"Sevan",6.5,8.4,"Cold ❄️","2026-03-19 11:39:06.815925"
283,"Ijevan",9.6,10.3,"Cold ❄️","2026-03-19 11:39:07.107212"
284,"Armavir",14.9,10.6,"Mild 🌤","2026-03-19 11:39:07.464658"
285,"Artashat",16.4,18.0,"Mild 🌤","2026-03-19 11:39:07.760032"
286,"Sisian",9.6,15.1,"Cold ❄️","2026-03-19 11:39:08.026924"
287,"Yerevan",14.7,3.0,"Mild 🌤","2026-03-19 11:39:08.315598"
288,"Gyumri",7.7,6.1,"Cold ❄️","2026-03-19 11:39:08.590275"
289,"Vanadzor",8.8,12.6,"Cold ❄️","2026-03-19 11:39:08.966976"
290,"Dilijan",10.6,11.6,"Mild 🌤","2026-03-19 11:39:09.259627"
291,"Hrazdan",8.4,3.8,"Cold ❄️","2026-03-19 11:39:09.551133"
292,"Abovyan",10.2,6.2,"Mild 🌤","2026-03-19 11:39:09.862929"
293,"Kapan",11.4,9.6,"Mild 🌤","2026-03-19 11:39:10.349813"
294,"Goris",8.3,12.7,"Cold ❄️","2026-03-19 11:39:11.316195"
295,"Sevan",6.5,8.4,"Cold ❄️","2026-03-19 11:39:11.578145"
296,"Ijevan",9.6,10.3,"Cold ❄️","2026-03-19 11:39:12.205299"
297,"Armavir",14.9,10.6,"Mild 🌤","2026-03-19 11:39:13.085259"
298,"Artashat",16.4,18.0,"Mild 🌤","2026-03-19 11:39:14.208844"
299,"Sisian",9.6,15.1,"Cold ❄️","2026-03-19 11:39:14.632193"
300,"Yerevan",14.7,3.0,"Mild 🌤","2026-03-19 11:39:15.059491"
301,"Gyumri",7.7,6.1,"Cold ❄️","2026-03-19 11:39:15.951866"
302,"Vanadzor",8.8,12.6,"Cold ❄️","2026-03-19 11:39:16.993625"
303,"Dilijan",10.6,11.6,"Mild 🌤","2026-03-19 11:39:17.958757"
304,"Hrazdan",8.4,3.8,"Cold ❄️","2026-03-19 11:39:18.327007"
305,"Abovyan",10.2,6.2,"Mild 🌤","2026-03-19 11:39:18.679176"
306,"Kapan",11.4,9.6,"Mild 🌤","2026-03-19 11:39:18.995572"
307,"Goris",8.3,12.7,"Cold ❄️","2026-03-19 11:39:19.267655"
308,"Sevan",6.5,8.4,"Cold ❄️","2026-03-19 11:39:19.630632"
309,"Ijevan",9.6,10.3,"Cold ❄️","2026-03-19 11:39:19.894741"
310,"Armavir",14.9,10.6,"Mild 🌤","2026-03-19 11:39:20.202988"
311,"Artashat",16.4,18.0,"Mild 🌤","2026-03-19 11:39:20.587638"
312,"Sisian",9.6,15.1,"Cold ❄️","2026-03-19 11:39:20.92234"
313,"Yerevan",14.7,3.0,"Mild 🌤","2026-03-19 11:39:21.203633"
314,"Gyumri",7.7,6.1,"Cold ❄️","2026-03-19 11:39:21.531008"
315,"Vanadzor",8.8,12.6,"Cold ❄️","2026-03-19 11:39:21.911067"
316,"Dilijan",10.6,11.6,"Mild 🌤","2026-03-19 11:39:22.317765"
317,"Hrazdan",8.4,3.8,"Cold ❄️","2026-03-19 11:39:22.622299"
318,"Abovyan",10.2,6.2,"Mild 🌤","2026-03-19 11:39:22.939293"
319,"Kapan",11.4,9.6,"Mild 🌤","2026-03-19 11:39:23.198778"
320,"Goris",8.3,12.7,"Cold ❄️","2026-03-19 11:39:23.501564"
321,"Sevan",6.5,8.4,"Cold ❄️","2026-03-19 11:39:23.892477"
322,"Ijevan",9.6,10.3,"Cold ❄️","2026-03-19 11:39:26.618377"
323,"Armavir",14.9,10.6,"Mild 🌤","2026-03-19 11:39:28.355261"
324,"Artashat",16.4,18.0,"Mild 🌤","2026-03-19 11:39:29.693886"
325,"Sisian",9.6,15.1,"Cold ❄️","2026-03-19 11:39:30.920191"
326,"Yerevan",14.7,3.0,"Mild 🌤","2026-03-19 11:39:32.556383"
327,"Gyumri",7.7,6.1,"Cold ❄️","2026-03-19 11:39:33.870704"
328,"Vanadzor",8.8,12.6,"Cold ❄️","2026-03-19 11:39:37.837752"
329,"Dilijan",10.6,11.6,"Mild 🌤","2026-03-19 11:39:40.652079"
330,"Hrazdan",8.4,3.8,"Cold ❄️","2026-03-19 11:39:43.34042"
331,"Abovyan",10.2,6.2,"Mild 🌤","2026-03-19 11:39:46.237587"
332,"Kapan",11.4,9.6,"Mild 🌤","2026-03-19 11:39:48.499928"
333,"Goris",8.3,12.7,"Cold ❄️","2026-03-19 11:39:49.477112"
334,"Sevan",6.5,8.4,"Cold ❄️","2026-03-19 11:39:50.298326"
335,"Ijevan",9.6,10.3,"Cold ❄️","2026-03-19 11:39:51.448273"
336,"Armavir",14.9,10.6,"Mild 🌤","2026-03-19 11:39:52.140584"
337,"Artashat",16.4,18.0,"Mild 🌤","2026-03-19 11:39:52.505513"
338,"Sisian",9.6,15.1,"Cold ❄️","2026-03-19 11:39:52.772227"
339,"Yerevan",14.7,3.0,"Mild 🌤","2026-03-19 11:39:53.118779"
340,"Gyumri",7.7,6.1,"Cold ❄️","2026-03-19 11:39:53.396496"
341,"Vanadzor",8.8,12.6,"Cold ❄️","2026-03-19 11:39:53.809529"
342,"Dilijan",10.6,11.6,"Mild 🌤","2026-03-19 11:39:54.079658"
343,"Hrazdan",8.4,3.8,"Cold ❄️","2026-03-19 11:39:54.41424"
344,"Abovyan",10.2,6.2,"Mild 🌤","2026-03-19 11:39:54.731888"
345,"Kapan",11.4,9.6,"Mild 🌤","2026-03-19 11:39:55.014473"
346,"Goris",8.3,12.7,"Cold ❄️","2026-03-19 11:39:55.294185"
347,"Sevan",6.5,8.4,"Cold ❄️","2026-03-19 11:39:55.563085"
348,"Ijevan",9.6,10.3,"Cold ❄️","2026-03-19 11:39:55.844995"
349,"Armavir",14.9,10.6,"Mild 🌤","2026-03-19 11:39:56.138904"
350,"Artashat",16.4,18.0,"Mild 🌤","2026-03-19 11:39:56.508611"
351,"Sisian",9.6,15.1,"Cold ❄️","2026-03-19 11:39:56.776464"
352,"Yerevan",14.7,3.0,"Mild 🌤","2026-03-19 11:39:57.248525"
353,"Gyumri",7.7,6.1,"Cold ❄️","2026-03-19 11:39:57.648765"
354,"Vanadzor",8.8,12.6,"Cold ❄️","2026-03-19 11:39:57.922052"
355,"Dilijan",10.6,11.6,"Mild 🌤","2026-03-19 11:39:58.274232"
356,"Hrazdan",8.4,3.8,"Cold ❄️","2026-03-19 11:39:58.557666"
357,"Abovyan",10.2,6.2,"Mild 🌤","2026-03-19 11:39:58.828181"
358,"Kapan",11.4,9.6,"Mild 🌤","2026-03-19 11:39:59.114523"
359,"Goris",8.3,12.7,"Cold ❄️","2026-03-19 11:39:59.371122"
360,"Sevan",6.5,8.4,"Cold ❄️","2026-03-19 11:39:59.65526"
361,"Ijevan",9.6,10.3,"Cold ❄️","2026-03-19 11:40:04.213332"
362,"Armavir",14.9,10.6,"Mild 🌤","2026-03-19 11:40:07.286259"
363,"Sisian",9.6,15.1,"Cold ❄️","2026-03-19 11:40:09.954117"
364,"Yerevan",14.7,3.0,"Mild 🌤","2026-03-19 11:40:11.794427"
365,"Gyumri",7.7,6.1,"Cold ❄️","2026-03-19 11:40:12.822829"
366,"Vanadzor",8.8,12.6,"Cold ❄️","2026-03-19 11:40:13.946475"
367,"Dilijan",10.6,11.6,"Mild 🌤","2026-03-19 11:40:14.465278"
368,"Hrazdan",8.4,3.8,"Cold ❄️","2026-03-19 11:40:15.551994"
369,"Abovyan",10.2,6.2,"Mild 🌤","2026-03-19 11:40:16.60644"
370,"Kapan",11.4,9.6,"Mild 🌤","2026-03-19 11:40:17.83553"
371,"Goris",8.3,12.7,"Cold ❄️","2026-03-19 11:40:18.552712"
372,"Sevan",6.5,8.4,"Cold ❄️","2026-03-19 11:40:19.683853"
373,"Ijevan",9.6,10.3,"Cold ❄️","2026-03-19 11:40:20.949805"
374,"Armavir",14.9,10.6,"Mild 🌤","2026-03-19 11:40:21.948081"
375,"Artashat",16.4,18.0,"Mild 🌤","2026-03-19 11:40:23.058383"
376,"Sisian",9.6,15.1,"Cold ❄️","2026-03-19 11:40:23.980381"
377,"Yerevan",14.7,3.0,"Mild 🌤","2026-03-19 11:40:25.924484"
378,"Gyumri",7.7,6.1,"Cold ❄️","2026-03-19 11:40:28.593545"
379,"Vanadzor",8.8,12.6,"Cold ❄️","2026-03-19 11:40:29.715504"
380,"Dilijan",10.6,11.6,"Mild 🌤","2026-03-19 11:40:30.565071"
381,"Hrazdan",8.4,3.8,"Cold ❄️","2026-03-19 11:40:31.665866"
382,"Abovyan",10.2,6.2,"Mild 🌤","2026-03-19 11:40:32.894799"
383,"Kapan",11.4,9.6,"Mild 🌤","2026-03-19 11:40:34.225901"
384,"Goris",8.3,12.7,"Cold ❄️","2026-03-19 11:40:35.659847"
385,"Sevan",6.5,8.4,"Cold ❄️","2026-03-19 11:40:37.099357"
386,"Ijevan",9.6,10.3,"Cold ❄️","2026-03-19 11:40:38.93529"
387,"Armavir",14.9,10.6,"Mild 🌤","2026-03-19 11:40:39.956259"
388,"Artashat",16.4,18.0,"Mild 🌤","2026-03-19 11:40:41.29425"
389,"Sisian",9.6,15.1,"Cold ❄️","2026-03-19 11:40:43.756904"
390,"Yerevan",14.7,3.0,"Mild 🌤","2026-03-19 11:40:44.976936"
391,"Gyumri",7.7,6.1,"Cold ❄️","2026-03-19 11:40:46.204333"
392,"Vanadzor",8.8,12.6,"Cold ❄️","2026-03-19 11:40:47.433526"
393,"Dilijan",10.6,11.6,"Mild 🌤","2026-03-19 11:40:48.865278"
394,"Hrazdan",8.4,3.8,"Cold ❄️","2026-03-19 11:40:49.995123"
395,"Abovyan",10.2,6.2,"Mild 🌤","2026-03-19 11:40:51.184299"
396,"Kapan",11.4,9.6,"Mild 🌤","2026-03-19 11:40:52.009076"
397,"Goris",8.3,12.7,"Cold ❄️","2026-03-19 11:40:52.998504"
398,"Sevan",6.5,8.4,"Cold ❄️","2026-03-19 11:40:53.870921"
399,"Ijevan",9.6,10.3,"Cold ❄️","2026-03-19 11:40:54.18611"
400,"Armavir",14.9,10.6,"Mild 🌤","2026-03-19 11:40:54.675581"
401,"Artashat",16.4,18.0,"Mild 🌤","2026-03-19 11:40:55.03933"
402,"Sisian",9.6,15.1,"Cold ❄️","2026-03-19 11:40:55.323482"
403,"Yerevan",14.7,3.0,"Mild 🌤","2026-03-19 11:40:57.104916"
404,"Gyumri",7.7,6.1,"Cold ❄️","2026-03-19 11:40:57.446715"
405,"Vanadzor",8.8,12.6,"Cold ❄️","2026-03-19 11:40:57.728446"
406,"Dilijan",10.6,11.6,"Mild 🌤","2026-03-19 11:40:58.525166"
407,"Hrazdan",8.4,3.8,"Cold ❄️","2026-03-19 11:40:59.887228"
408,"Abovyan",10.2,6.2,"Mild 🌤","2026-03-19 11:41:00.949914"
409,"Kapan",11.4,9.6,"Mild 🌤","2026-03-19 11:41:02.654029"
410,"Goris",8.3,12.7,"Cold ❄️","2026-03-19 11:41:04.024725"
411,"Sevan",6.5,8.4,"Cold ❄️","2026-03-19 11:41:05.454547"
412,"Ijevan",9.6,10.3,"Cold ❄️","2026-03-19 11:41:06.887867"
413,"Armavir",14.9,10.6,"Mild 🌤","2026-03-19 11:41:09.040176"
414,"Artashat",16.4,18.0,"Mild 🌤","2026-03-19 11:41:10.371166"
415,"Sisian",9.6,15.1,"Cold ❄️","2026-03-19 11:41:11.501164"
416,"Yerevan",14.7,3.0,"Mild 🌤","2026-03-19 11:41:13.237313"
417,"Gyumri",7.7,6.1,"Cold ❄️","2026-03-19 11:41:14.567787"
418,"Vanadzor",8.8,12.6,"Cold ❄️","2026-03-19 11:41:15.886319"
419,"Dilijan",10.6,11.6,"Mild 🌤","2026-03-19 11:41:17.029168"
420,"Hrazdan",8.4,3.8,"Cold ❄️","2026-03-19 11:41:17.963575"
421,"Abovyan",10.2,6.2,"Mild 🌤","2026-03-19 11:41:19.382611"
422,"Kapan",11.4,9.6,"Mild 🌤","2026-03-19 11:41:20.200606"
423,"Goris",8.3,12.7,"Cold ❄️","2026-03-19 11:41:20.820928"
424,"Sevan",6.5,8.4,"Cold ❄️","2026-03-19 11:41:21.840756"
425,"Ijevan",9.6,10.3,"Cold ❄️","2026-03-19 11:41:23.174736"
426,"Armavir",14.9,10.6,"Mild 🌤","2026-03-19 11:41:24.606416"
427,"Artashat",16.4,18.0,"Mild 🌤","2026-03-19 11:41:26.246632"
428,"Sisian",9.6,15.1,"Cold ❄️","2026-03-19 11:41:27.854785"
429,"Yerevan",14.7,3.0,"Mild 🌤","2026-03-19 11:41:43.855207"
430,"Gyumri",7.7,6.1,"Cold ❄️","2026-03-19 11:41:46.312195"
431,"Vanadzor",8.8,12.6,"Cold ❄️","2026-03-19 11:41:47.866242"
432,"Dilijan",10.6,11.6,"Mild 🌤","2026-03-19 11:41:48.85442"
433,"Hrazdan",8.4,3.8,"Cold ❄️","2026-03-19 11:41:49.736722"
434,"Abovyan",10.2,6.2,"Mild 🌤","2026-03-19 11:41:50.615059"
435,"Kapan",11.4,9.6,"Mild 🌤","2026-03-19 11:41:51.63831"
436,"Goris",8.3,12.7,"Cold ❄️","2026-03-19 11:41:52.307059"
437,"Sevan",6.5,8.4,"Cold ❄️","2026-03-19 11:41:52.681775"
438,"Ijevan",9.6,10.3,"Cold ❄️","2026-03-19 11:41:52.948267"
439,"Armavir",14.9,10.6,"Mild 🌤","2026-03-19 11:41:54.207137"
440,"Artashat",16.4,18.0,"Mild 🌤","2026-03-19 11:41:54.487886"
441,"Sisian",9.6,15.1,"Cold ❄️","2026-03-19 11:41:54.771781"
442,"Yerevan",14.7,3.0,"Mild 🌤","2026-03-19 11:41:55.145623"
443,"Gyumri",7.7,6.1,"Cold ❄️","2026-03-19 11:41:55.446425"
444,"Vanadzor",8.8,12.6,"Cold ❄️","2026-03-19 11:41:55.730735"
445,"Dilijan",10.6,11.6,"Mild 🌤","2026-03-19 11:41:56.133817"
446,"Hrazdan",8.4,3.8,"Cold ❄️","2026-03-19 11:41:56.395728"
447,"Abovyan",10.2,6.2,"Mild 🌤","2026-03-19 11:41:56.674464"
448,"Kapan",11.4,9.6,"Mild 🌤","2026-03-19 11:41:57.088418"
449,"Goris",8.3,12.7,"Cold ❄️","2026-03-19 11:41:57.701352"
450,"Sevan",6.5,8.4,"Cold ❄️","2026-03-19 11:41:58.064144"
451,"Ijevan",9.6,10.3,"Cold ❄️","2026-03-19 11:41:58.473742"
452,"Armavir",14.9,10.6,"Mild 🌤","2026-03-19 11:41:58.743835"
453,"Artashat",16.4,18.0,"Mild 🌤","2026-03-19 11:41:59.051832"
454,"Sisian",9.6,15.1,"Cold ❄️","2026-03-19 11:41:59.367927"
455,"Yerevan",14.7,3.0,"Mild 🌤","2026-03-19 11:42:02.945135"
456,"Gyumri",7.7,6.1,"Cold ❄️","2026-03-19 11:42:03.232289"
457,"Vanadzor",8.8,12.6,"Cold ❄️","2026-03-19 11:42:03.488564"
458,"Dilijan",10.6,11.6,"Mild 🌤","2026-03-19 11:42:03.788724"
459,"Hrazdan",8.4,3.8,"Cold ❄️","2026-03-19 11:42:04.093238"
460,"Abovyan",10.2,6.2,"Mild 🌤","2026-03-19 11:42:04.362771"
461,"Kapan",11.4,9.6,"Mild 🌤","2026-03-19 11:42:04.679319"
462,"Goris",8.3,12.7,"Cold ❄️","2026-03-19 11:42:04.95149"
463,"Sevan",6.5,8.4,"Cold ❄️","2026-03-19 11:42:05.228167"
464,"Ijevan",9.6,10.3,"Cold ❄️","2026-03-19 11:42:05.589859"
465,"Armavir",14.9,10.6,"Mild 🌤","2026-03-19 11:42:05.876348"
466,"Artashat",16.4,18.0,"Mild 🌤","2026-03-19 11:42:06.194813"
467,"Sisian",9.6,15.1,"Cold ❄️","2026-03-19 11:42:06.503391"
468,"Yerevan",14.7,3.0,"Mild 🌤","2026-03-19 11:42:12.964826"
469,"Gyumri",7.7,6.1,"Cold ❄️","2026-03-19 11:42:13.275117"
470,"Vanadzor",8.8,12.6,"Cold ❄️","2026-03-19 11:42:13.537977"
471,"Dilijan",10.6,11.6,"Mild 🌤","2026-03-19 11:42:13.847732"
472,"Hrazdan",8.4,3.8,"Cold ❄️","2026-03-19 11:42:15.141975"
473,"Abovyan",10.2,6.2,"Mild 🌤","2026-03-19 11:42:15.547931"
474,"Kapan",11.4,9.6,"Mild 🌤","2026-03-19 11:42:15.837185"
475,"Goris",8.3,12.7,"Cold ❄️","2026-03-19 11:42:16.122119"
476,"Sevan",6.5,8.4,"Cold ❄️","2026-03-19 11:42:16.475929"
477,"Ijevan",9.6,10.3,"Cold ❄️","2026-03-19 11:42:16.740993"
478,"Armavir",14.9,10.6,"Mild 🌤","2026-03-19 11:42:18.336797"
479,"Artashat",16.4,18.0,"Mild 🌤","2026-03-19 11:42:18.65158"
480,"Sisian",9.6,15.1,"Cold ❄️","2026-03-19 11:42:19.076156"
481,"Yerevan",14.7,3.0,"Mild 🌤","2026-03-19 11:42:23.519271"
482,"Gyumri",7.7,6.1,"Cold ❄️","2026-03-19 11:42:25.024629"
483,"Vanadzor",8.8,12.6,"Cold ❄️","2026-03-19 11:42:25.902572"
484,"Dilijan",10.6,11.6,"Mild 🌤","2026-03-19 11:42:26.225139"
485,"Hrazdan",8.4,3.8,"Cold ❄️","2026-03-19 11:42:26.581116"
486,"Abovyan",10.2,6.2,"Mild 🌤","2026-03-19 11:42:26.924428"
487,"Kapan",11.4,9.6,"Mild 🌤","2026-03-19 11:42:27.198159"
488,"Goris",8.3,12.7,"Cold ❄️","2026-03-19 11:42:27.468563"
489,"Sevan",6.5,8.4,"Cold ❄️","2026-03-19 11:42:27.720453"
490,"Ijevan",9.6,10.3,"Cold ❄️","2026-03-19 11:42:27.99922"
491,"Armavir",14.9,10.6,"Mild 🌤","2026-03-19 11:42:28.320472"
492,"Artashat",16.4,18.0,"Mild 🌤","2026-03-19 11:42:28.700938"
493,"Sisian",9.6,15.1,"Cold ❄️","2026-03-19 11:42:28.946085"
494,"Yerevan",14.7,3.0,"Mild 🌤","2026-03-19 11:42:33.842381"
495,"Gyumri",7.7,6.1,"Cold ❄️","2026-03-19 11:42:34.751041"
496,"Vanadzor",8.8,12.6,"Cold ❄️","2026-03-19 11:42:35.883697"
497,"Dilijan",10.6,11.6,"Mild 🌤","2026-03-19 11:42:37.865241"
498,"Hrazdan",8.4,3.8,"Cold ❄️","2026-03-19 11:42:38.692383"
499,"Abovyan",10.2,6.2,"Mild 🌤","2026-03-19 11:42:39.67206"
500,"Kapan",11.4,9.6,"Mild 🌤","2026-03-19 11:42:40.705979"
501,"Goris",8.3,12.7,"Cold ❄️","2026-03-19 11:42:41.616175"
502,"Sevan",6.5,8.4,"Cold ❄️","2026-03-19 11:42:42.158094"
503,"Ijevan",9.6,10.3,"Cold ❄️","2026-03-19 11:42:42.425874"
504,"Armavir",14.9,10.6,"Mild 🌤","2026-03-19 11:42:42.721725"
505,"Artashat",16.4,18.0,"Mild 🌤","2026-03-19 11:42:42.994803"
506,"Sisian",9.6,15.1,"Cold ❄️","2026-03-19 11:42:43.281411"
507,"Yerevan",14.7,3.0,"Mild 🌤","2026-03-19 11:42:43.59983"
508,"Gyumri",7.7,6.1,"Cold ❄️","2026-03-19 11:42:43.866298"
509,"Vanadzor",8.8,12.6,"Cold ❄️","2026-03-19 11:42:44.193675"
510,"Dilijan",10.6,11.6,"Mild 🌤","2026-03-19 11:42:44.556415"
511,"Hrazdan",8.4,3.8,"Cold ❄️","2026-03-19 11:42:44.846085"
512,"Abovyan",10.2,6.2,"Mild 🌤","2026-03-19 11:42:45.111066"
513,"Kapan",11.4,9.6,"Mild 🌤","2026-03-19 11:42:45.382205"
514,"Goris",8.3,12.7,"Cold ❄️","2026-03-19 11:42:45.696676"
515,"Sevan",6.5,8.4,"Cold ❄️","2026-03-19 11:42:45.946344"
516,"Ijevan",9.6,10.3,"Cold ❄️","2026-03-19 11:42:46.218634"
517,"Armavir",14.9,10.6,"Mild 🌤","2026-03-19 11:42:46.539306"
518,"Artashat",16.4,18.0,"Mild 🌤","2026-03-19 11:42:46.853369"
519,"Sisian",9.6,15.1,"Cold ❄️","2026-03-19 11:42:47.174269"
520,"Yerevan",14.7,3.0,"Mild 🌤","2026-03-19 11:42:53.614522"
521,"Gyumri",7.7,6.1,"Cold ❄️","2026-03-19 11:42:53.999312"
522,"Vanadzor",8.8,12.6,"Cold ❄️","2026-03-19 11:42:55.43395"
523,"Dilijan",10.6,11.6,"Mild 🌤","2026-03-19 11:42:56.006011"
524,"Hrazdan",8.4,3.8,"Cold ❄️","2026-03-19 11:42:57.486167"
525,"Abovyan",10.2,6.2,"Mild 🌤","2026-03-19 11:42:59.306366"
526,"Kapan",11.4,9.6,"Mild 🌤","2026-03-19 11:43:00.118181"
527,"Goris",8.3,12.7,"Cold ❄️","2026-03-19 11:43:01.411731"
528,"Sevan",6.5,8.4,"Cold ❄️","2026-03-19 11:43:02.717281"
529,"Ijevan",9.6,10.3,"Cold ❄️","2026-03-19 11:43:04.101879"
530,"Armavir",14.9,10.6,"Mild 🌤","2026-03-19 11:43:04.717181"
531,"Artashat",16.4,18.0,"Mild 🌤","2026-03-19 11:43:05.838512"
532,"Sisian",9.6,15.1,"Cold ❄️","2026-03-19 11:43:06.138609"
533,"Yerevan",14.7,3.0,"Mild 🌤","2026-03-19 11:43:06.406827"
534,"Gyumri",7.7,6.1,"Cold ❄️","2026-03-19 11:43:06.665916"
535,"Vanadzor",8.8,12.6,"Cold ❄️","2026-03-19 11:43:06.921862"
536,"Dilijan",10.6,11.6,"Mild 🌤","2026-03-19 11:43:07.215779"
537,"Hrazdan",8.4,3.8,"Cold ❄️","2026-03-19 11:43:07.502199"
538,"Abovyan",10.2,6.2,"Mild 🌤","2026-03-19 11:43:07.931491"
539,"Kapan",11.4,9.6,"Mild 🌤","2026-03-19 11:43:08.233142"
540,"Goris",8.3,12.7,"Cold ❄️","2026-03-19 11:43:08.551589"
541,"Sevan",6.5,8.4,"Cold ❄️","2026-03-19 11:43:08.977184"
542,"Ijevan",9.6,10.3,"Cold ❄️","2026-03-19 11:43:09.333218"
543,"Armavir",14.9,10.6,"Mild 🌤","2026-03-19 11:43:09.59741"
544,"Artashat",16.4,18.0,"Mild 🌤","2026-03-19 11:43:09.884476"
545,"Sisian",9.6,15.1,"Cold ❄️","2026-03-19 11:43:10.5297"
546,"Yerevan",14.7,3.0,"Mild 🌤","2026-03-19 11:43:14.583005"
547,"Gyumri",7.7,6.1,"Cold ❄️","2026-03-19 11:43:15.711839"
548,"Vanadzor",8.8,12.6,"Cold ❄️","2026-03-19 11:43:17.05151"
549,"Dilijan",10.6,11.6,"Mild 🌤","2026-03-19 11:43:17.973343"
550,"Hrazdan",8.4,3.8,"Cold ❄️","2026-03-19 11:43:19.090096"
551,"Abovyan",10.2,6.2,"Mild 🌤","2026-03-19 11:43:20.188427"
552,"Kapan",11.4,9.6,"Mild 🌤","2026-03-19 11:43:20.913199"
553,"Goris",8.3,12.7,"Cold ❄️","2026-03-19 11:43:21.650175"
554,"Sevan",6.5,8.4,"Cold ❄️","2026-03-19 11:43:22.059143"
555,"Ijevan",9.6,10.3,"Cold ❄️","2026-03-19 11:43:22.336394"
556,"Armavir",14.9,10.6,"Mild 🌤","2026-03-19 11:43:22.616635"
557,"Artashat",16.4,18.0,"Mild 🌤","2026-03-19 11:43:22.899884"
558,"Sisian",9.6,15.1,"Cold ❄️","2026-03-19 11:43:23.189102"
559,"Yerevan",14.7,3.0,"Mild 🌤","2026-03-19 11:43:23.788039"
560,"Gyumri",7.7,6.1,"Cold ❄️","2026-03-19 11:43:24.064014"
561,"Vanadzor",8.8,12.6,"Cold ❄️","2026-03-19 11:43:24.346229"
562,"Dilijan",10.6,11.6,"Mild 🌤","2026-03-19 11:43:24.645495"
563,"Hrazdan",8.4,3.8,"Cold ❄️","2026-03-19 11:43:25.217551"
564,"Abovyan",10.2,6.2,"Mild 🌤","2026-03-19 11:43:25.58186"
565,"Kapan",11.4,9.6,"Mild 🌤","2026-03-19 11:43:25.848743"
566,"Goris",8.3,12.7,"Cold ❄️","2026-03-19 11:43:26.240632"
567,"Sevan",6.5,8.4,"Cold ❄️","2026-03-19 11:43:26.600184"
568,"Ijevan",9.6,10.3,"Cold ❄️","2026-03-19 11:43:27.981033"
569,"Armavir",14.9,10.6,"Mild 🌤","2026-03-19 11:43:29.949958"
570,"Artashat",16.4,18.0,"Mild 🌤","2026-03-19 11:43:30.866485"
571,"Sisian",9.6,15.1,"Cold ❄️","2026-03-19 11:43:32.402942"
572,"Yerevan",14.7,3.0,"Mild 🌤","2026-03-19 11:43:34.667451"
573,"Gyumri",7.7,6.1,"Cold ❄️","2026-03-19 11:43:36.585674"
574,"Vanadzor",8.8,12.6,"Cold ❄️","2026-03-19 11:43:37.31781"
575,"Dilijan",10.6,11.6,"Mild 🌤","2026-03-19 11:43:38.648457"
576,"Hrazdan",8.4,3.8,"Cold ❄️","2026-03-19 11:43:39.54137"
577,"Abovyan",10.2,6.2,"Mild 🌤","2026-03-19 11:43:41.111109"
578,"Kapan",11.4,9.6,"Mild 🌤","2026-03-19 11:43:42.234502"
579,"Goris",8.3,12.7,"Cold ❄️","2026-03-19 11:43:43.671198"
580,"Sevan",6.5,8.4,"Cold ❄️","2026-03-19 11:43:44.58939"
581,"Ijevan",9.6,10.3,"Cold ❄️","2026-03-19 11:43:45.838045"
582,"Armavir",14.9,10.6,"Mild 🌤","2026-03-19 11:43:47.4551"
583,"Artashat",16.4,18.0,"Mild 🌤","2026-03-19 11:43:48.588822"
584,"Sisian",9.6,15.1,"Cold ❄️","2026-03-19 11:43:50.301285"
585,"Yerevan",14.7,3.0,"Mild 🌤","2026-03-19 11:43:51.239275"
586,"Gyumri",7.7,6.1,"Cold ❄️","2026-03-19 11:43:51.997746"
587,"Vanadzor",8.8,12.6,"Cold ❄️","2026-03-19 11:43:52.263571"
588,"Dilijan",10.6,11.6,"Mild 🌤","2026-03-19 11:43:52.538658"
589,"Hrazdan",8.4,3.8,"Cold ❄️","2026-03-19 11:43:53.11354"
590,"Abovyan",10.2,6.2,"Mild 🌤","2026-03-19 11:43:53.44949"
591,"Kapan",11.4,9.6,"Mild 🌤","2026-03-19 11:43:53.739375"
592,"Goris",8.3,12.7,"Cold ❄️","2026-03-19 11:43:54.042988"
593,"Sevan",6.5,8.4,"Cold ❄️","2026-03-19 11:43:54.304324"
594,"Ijevan",9.6,10.3,"Cold ❄️","2026-03-19 11:43:54.56475"
595,"Armavir",14.9,10.6,"Mild 🌤","2026-03-19 11:43:54.819218"
596,"Artashat",16.4,18.0,"Mild 🌤","2026-03-19 11:43:55.149786"
597,"Sisian",9.6,15.1,"Cold ❄️","2026-03-19 11:43:55.404436"
598,"Yerevan",14.7,3.0,"Mild 🌤","2026-03-19 11:43:55.703827"
599,"Gyumri",7.7,6.1,"Cold ❄️","2026-03-19 11:43:56.364875"
600,"Vanadzor",8.8,12.6,"Cold ❄️","2026-03-19 11:43:56.620074"
601,"Dilijan",10.6,11.6,"Mild 🌤","2026-03-19 11:43:56.95333"
602,"Hrazdan",8.4,3.8,"Cold ❄️","2026-03-19 11:43:57.847185"
603,"Abovyan",10.2,6.2,"Mild 🌤","2026-03-19 11:43:58.10766"
604,"Kapan",11.4,9.6,"Mild 🌤","2026-03-19 11:43:58.499528"
605,"Goris",8.3,12.7,"Cold ❄️","2026-03-19 11:43:59.073047"
606,"Sevan",6.5,8.4,"Cold ❄️","2026-03-19 11:43:59.397458"
607,"Ijevan",9.6,10.3,"Cold ❄️","2026-03-19 11:43:59.652018"
608,"Armavir",14.9,10.6,"Mild 🌤","2026-03-19 11:43:59.900949"
609,"Artashat",16.4,18.0,"Mild 🌤","2026-03-19 11:44:00.166742"
610,"Sisian",9.6,15.1,"Cold ❄️","2026-03-19 11:44:00.506649"
611,"Yerevan",14.7,3.0,"Mild 🌤","2026-03-19 11:44:03.941118"
612,"Gyumri",7.7,6.1,"Cold ❄️","2026-03-19 11:44:05.272518"
613,"Vanadzor",8.8,12.6,"Cold ❄️","2026-03-19 11:44:06.199042"
614,"Dilijan",10.6,11.6,"Mild 🌤","2026-03-19 11:44:07.632192"
615,"Hrazdan",8.4,3.8,"Cold ❄️","2026-03-19 11:44:08.140556"
616,"Abovyan",10.2,6.2,"Mild 🌤","2026-03-19 11:44:09.228878"
617,"Kapan",11.4,9.6,"Mild 🌤","2026-03-19 11:44:10.132879"
618,"Goris",8.3,12.7,"Cold ❄️","2026-03-19 11:44:10.684851"
619,"Sevan",6.5,8.4,"Cold ❄️","2026-03-19 11:44:11.831099"
620,"Ijevan",9.6,10.3,"Cold ❄️","2026-03-19 11:44:12.95748"
621,"Armavir",14.9,10.6,"Mild 🌤","2026-03-19 11:44:14.289138"
622,"Artashat",16.4,18.0,"Mild 🌤","2026-03-19 11:44:15.855889"
623,"Sisian",9.6,15.1,"Cold ❄️","2026-03-19 11:44:16.647734"
624,"Yerevan",14.7,3.0,"Mild 🌤","2026-03-19 11:44:18.178114"
625,"Gyumri",7.7,6.1,"Cold ❄️","2026-03-19 11:44:19.991132"
626,"Vanadzor",8.8,12.6,"Cold ❄️","2026-03-19 11:44:21.047106"
627,"Dilijan",10.6,11.6,"Mild 🌤","2026-03-19 11:44:22.061267"
628,"Hrazdan",8.4,3.8,"Cold ❄️","2026-03-19 11:44:23.70679"
629,"Abovyan",10.2,6.2,"Mild 🌤","2026-03-19 11:44:25.653683"
630,"Kapan",11.4,9.6,"Mild 🌤","2026-03-19 11:44:26.983653"
631,"Goris",8.3,12.7,"Cold ❄️","2026-03-19 11:44:28.211934"
632,"Sevan",6.5,8.4,"Cold ❄️","2026-03-19 11:44:29.648463"
633,"Ijevan",9.6,10.3,"Cold ❄️","2026-03-19 11:44:30.672461"
634,"Armavir",14.9,10.6,"Mild 🌤","2026-03-19 11:44:31.855571"
635,"Artashat",16.4,18.0,"Mild 🌤","2026-03-19 11:44:33.881096"
636,"Sisian",9.6,15.1,"Cold ❄️","2026-03-19 11:44:35.377963"
637,"Yerevan",14.7,3.0,"Mild 🌤","2026-03-19 11:44:36.303044"
638,"Gyumri",7.7,6.1,"Cold ❄️","2026-03-19 11:44:37.429424"
639,"Vanadzor",8.8,12.6,"Cold ❄️","2026-03-19 11:44:38.660919"
640,"Dilijan",10.6,11.6,"Mild 🌤","2026-03-19 11:44:39.783076"
641,"Hrazdan",8.4,3.8,"Cold ❄️","2026-03-19 11:44:40.827889"
642,"Abovyan",10.2,6.2,"Mild 🌤","2026-03-19 11:44:41.423064"
643,"Kapan",11.4,9.6,"Mild 🌤","2026-03-19 11:44:42.938782"
644,"Goris",8.3,12.7,"Cold ❄️","2026-03-19 11:44:43.194877"
645,"Sevan",6.5,8.4,"Cold ❄️","2026-03-19 11:44:43.60682"
646,"Ijevan",9.6,10.3,"Cold ❄️","2026-03-19 11:44:44.664288"
647,"Armavir",14.9,10.6,"Mild 🌤","2026-03-19 11:44:45.822667"
648,"Artashat",16.4,18.0,"Mild 🌤","2026-03-19 11:44:47.053512"
649,"Sisian",9.6,15.1,"Cold ❄️","2026-03-19 11:44:48.182852"
650,"Yerevan",14.7,3.0,"Mild 🌤","2026-03-19 11:44:49.021483"
651,"Gyumri",7.7,6.1,"Cold ❄️","2026-03-19 11:44:49.716929"
652,"Vanadzor",8.8,12.6,"Cold ❄️","2026-03-19 11:44:50.030528"
653,"Dilijan",10.6,11.6,"Mild 🌤","2026-03-19 11:44:50.319798"
654,"Hrazdan",8.4,3.8,"Cold ❄️","2026-03-19 11:44:50.695769"
655,"Abovyan",10.2,6.2,"Mild 🌤","2026-03-19 11:44:50.970856"
656,"Kapan",11.4,9.6,"Mild 🌤","2026-03-19 11:44:51.280475"
657,"Goris",8.3,12.7,"Cold ❄️","2026-03-19 11:44:51.61485"
658,"Sevan",6.5,8.4,"Cold ❄️","2026-03-19 11:44:51.912156"
659,"Ijevan",9.6,10.3,"Cold ❄️","2026-03-19 11:44:52.19289"
660,"Armavir",14.9,10.6,"Mild 🌤","2026-03-19 11:44:52.496161"
661,"Artashat",16.4,18.0,"Mild 🌤","2026-03-19 11:44:52.838622"
662,"Sisian",9.6,15.1,"Cold ❄️","2026-03-19 11:44:53.096062"
663,"Yerevan",14.7,3.0,"Mild 🌤","2026-03-19 11:44:53.383948"
664,"Gyumri",7.7,6.1,"Cold ❄️","2026-03-19 11:44:53.628708"
665,"Vanadzor",8.8,12.6,"Cold ❄️","2026-03-19 11:44:53.964385"
666,"Dilijan",10.6,11.6,"Mild 🌤","2026-03-19 11:44:54.399965"
667,"Hrazdan",8.4,3.8,"Cold ❄️","2026-03-19 11:44:54.787838"
668,"Abovyan",10.2,6.2,"Mild 🌤","2026-03-19 11:44:55.168018"
669,"Kapan",11.4,9.6,"Mild 🌤","2026-03-19 11:44:55.47393"
670,"Goris",8.3,12.7,"Cold ❄️","2026-03-19 11:44:55.850813"
671,"Sevan",6.5,8.4,"Cold ❄️","2026-03-19 11:44:56.186485"
672,"Ijevan",9.6,10.3,"Cold ❄️","2026-03-19 11:44:56.484765"
673,"Armavir",14.9,10.6,"Mild 🌤","2026-03-19 11:44:56.811221"
674,"Artashat",16.4,18.0,"Mild 🌤","2026-03-19 11:44:57.209869"
675,"Sisian",9.6,15.1,"Cold ❄️","2026-03-19 11:44:57.480574"
676,"Yerevan",14.7,3.0,"Mild 🌤","2026-03-19 11:44:57.813167"
677,"Gyumri",7.7,6.1,"Cold ❄️","2026-03-19 11:44:58.212976"
678,"Vanadzor",8.8,12.6,"Cold ❄️","2026-03-19 11:44:58.565188"
679,"Dilijan",10.6,11.6,"Mild 🌤","2026-03-19 11:44:58.826982"
680,"Hrazdan",8.4,3.8,"Cold ❄️","2026-03-19 11:44:59.17395"
681,"Abovyan",10.2,6.2,"Mild 🌤","2026-03-19 11:44:59.448617"
682,"Kapan",11.4,9.6,"Mild 🌤","2026-03-19 11:44:59.729032"
683,"Goris",8.3,12.7,"Cold ❄️","2026-03-19 11:44:59.97727"
684,"Sevan",6.5,8.7,"Cold ❄️","2026-03-19 11:45:00.27439"
685,"Ijevan",9.6,9.8,"Cold ❄️","2026-03-19 11:45:00.674538"
686,"Armavir",15.0,9.4,"Mild 🌤","2026-03-19 11:45:00.975289"
687,"Artashat",16.4,18.1,"Mild 🌤","2026-03-19 11:45:01.255086"
688,"Sisian",9.5,15.3,"Cold ❄️","2026-03-19 11:45:01.514803"
689,"Yerevan",14.7,2.3,"Mild 🌤","2026-03-19 11:45:05.83386"
690,"Gyumri",7.7,6.0,"Cold ❄️","2026-03-19 11:45:06.815543"
691,"Vanadzor",8.7,12.9,"Cold ❄️","2026-03-19 11:45:07.22577"
692,"Dilijan",10.4,11.8,"Mild 🌤","2026-03-19 11:45:08.420873"
693,"Hrazdan",8.5,3.5,"Cold ❄️","2026-03-19 11:45:08.797827"
694,"Abovyan",10.2,5.8,"Mild 🌤","2026-03-19 11:45:09.104854"
695,"Kapan",11.4,9.3,"Mild 🌤","2026-03-19 11:45:09.455179"
696,"Goris",8.2,12.7,"Cold ❄️","2026-03-19 11:45:09.761478"
697,"Sevan",6.5,8.7,"Cold ❄️","2026-03-19 11:45:12.139638"
698,"Ijevan",9.6,9.8,"Cold ❄️","2026-03-19 11:45:13.839204"
699,"Armavir",15.0,9.4,"Mild 🌤","2026-03-19 11:45:17.260211"
700,"Artashat",16.4,18.1,"Mild 🌤","2026-03-19 11:45:19.382431"
701,"Sisian",9.5,15.3,"Cold ❄️","2026-03-19 11:45:20.55643"
702,"Yerevan",14.7,2.3,"Mild 🌤","2026-03-19 11:45:21.835176"
703,"Gyumri",7.7,6.0,"Cold ❄️","2026-03-19 11:45:23.817798"
704,"Vanadzor",8.7,12.9,"Cold ❄️","2026-03-19 11:45:24.432631"
705,"Dilijan",10.4,11.8,"Mild 🌤","2026-03-19 11:45:25.763937"
706,"Hrazdan",8.5,3.5,"Cold ❄️","2026-03-19 11:45:26.549394"
707,"Abovyan",10.2,5.8,"Mild 🌤","2026-03-19 11:45:27.809737"
708,"Kapan",11.4,9.3,"Mild 🌤","2026-03-19 11:45:28.830312"
709,"Goris",8.2,12.7,"Cold ❄️","2026-03-19 11:45:29.836926"
710,"Sevan",6.5,8.7,"Cold ❄️","2026-03-19 11:45:30.981809"
711,"Ijevan",9.6,9.8,"Cold ❄️","2026-03-19 11:45:31.271882"
712,"Armavir",15.0,9.4,"Mild 🌤","2026-03-19 11:45:31.542704"
713,"Artashat",16.4,18.1,"Mild 🌤","2026-03-19 11:45:31.804315"
714,"Sisian",9.5,15.3,"Cold ❄️","2026-03-19 11:45:32.059512"
715,"Yerevan",14.7,2.3,"Mild 🌤","2026-03-19 11:45:33.447468"
716,"Gyumri",7.7,6.0,"Cold ❄️","2026-03-19 11:45:33.765108"
717,"Vanadzor",8.7,12.9,"Cold ❄️","2026-03-19 11:45:34.023224"
718,"Dilijan",10.4,11.8,"Mild 🌤","2026-03-19 11:45:34.301716"
719,"Hrazdan",8.5,3.5,"Cold ❄️","2026-03-19 11:45:34.545252"
720,"Abovyan",10.2,5.8,"Mild 🌤","2026-03-19 11:45:34.812206"
721,"Kapan",11.4,9.3,"Mild 🌤","2026-03-19 11:45:35.083791"
722,"Goris",8.2,12.7,"Cold ❄️","2026-03-19 11:45:35.344517"
723,"Sevan",6.5,8.7,"Cold ❄️","2026-03-19 11:45:35.609368"
724,"Ijevan",9.6,9.8,"Cold ❄️","2026-03-19 11:45:35.997284"
725,"Armavir",15.0,9.4,"Mild 🌤","2026-03-19 11:45:36.244326"
726,"Artashat",16.4,18.1,"Mild 🌤","2026-03-19 11:45:36.502127"
727,"Sisian",9.5,15.3,"Cold ❄️","2026-03-19 11:45:36.892479"
728,"Yerevan",14.7,2.3,"Mild 🌤","2026-03-19 11:45:37.224883"
729,"Gyumri",7.7,6.0,"Cold ❄️","2026-03-19 11:45:37.476849"
730,"Vanadzor",8.7,12.9,"Cold ❄️","2026-03-19 11:45:37.733527"
731,"Dilijan",10.4,11.8,"Mild 🌤","2026-03-19 11:45:38.307939"
732,"Hrazdan",8.5,3.5,"Cold ❄️","2026-03-19 11:45:38.635325"
733,"Abovyan",10.2,5.8,"Mild 🌤","2026-03-19 11:45:38.889556"
734,"Kapan",11.4,9.3,"Mild 🌤","2026-03-19 11:45:39.143658"
735,"Goris",8.2,12.7,"Cold ❄️","2026-03-19 11:45:39.416674"
736,"Sevan",6.5,8.7,"Cold ❄️","2026-03-19 11:45:39.670216"
737,"Ijevan",9.6,9.8,"Cold ❄️","2026-03-19 11:45:41.059781"
738,"Armavir",15.0,9.4,"Mild 🌤","2026-03-19 11:45:41.522832"
739,"Artashat",16.4,18.1,"Mild 🌤","2026-03-19 11:45:41.849751"
740,"Sisian",9.5,15.3,"Cold ❄️","2026-03-19 11:45:42.105791"
741,"Yerevan",14.7,2.3,"Mild 🌤","2026-03-19 11:45:45.642514"
742,"Gyumri",7.7,6.0,"Cold ❄️","2026-03-19 11:45:46.299741"
743,"Vanadzor",8.7,12.9,"Cold ❄️","2026-03-19 11:45:46.922294"
744,"Dilijan",10.4,11.8,"Mild 🌤","2026-03-19 11:45:47.169826"
745,"Hrazdan",8.5,3.5,"Cold ❄️","2026-03-19 11:45:47.431206"
746,"Abovyan",10.2,5.8,"Mild 🌤","2026-03-19 11:45:47.6836"
747,"Kapan",11.4,9.3,"Mild 🌤","2026-03-19 11:45:47.935985"
748,"Goris",8.2,12.7,"Cold ❄️","2026-03-19 11:45:48.252183"
749,"Sevan",6.5,8.7,"Cold ❄️","2026-03-19 11:45:48.524162"
750,"Ijevan",9.6,9.8,"Cold ❄️","2026-03-19 11:45:48.781122"
751,"Armavir",15.0,9.4,"Mild 🌤","2026-03-19 11:45:49.036667"
752,"Artashat",16.4,18.1,"Mild 🌤","2026-03-19 11:45:49.284555"
753,"Sisian",9.5,15.3,"Cold ❄️","2026-03-19 11:45:49.675342"
754,"Yerevan",14.7,2.3,"Mild 🌤","2026-03-19 11:45:56.684283"
755,"Gyumri",7.7,6.0,"Cold ❄️","2026-03-19 11:45:57.870623"
756,"Vanadzor",8.7,12.9,"Cold ❄️","2026-03-19 11:45:59.343728"
757,"Dilijan",10.4,11.8,"Mild 🌤","2026-03-19 11:45:59.959161"
758,"Hrazdan",8.5,3.5,"Cold ❄️","2026-03-19 11:46:01.397533"
759,"Abovyan",10.2,5.8,"Mild 🌤","2026-03-19 11:46:02.728668"
760,"Kapan",11.4,9.3,"Mild 🌤","2026-03-19 11:46:04.162783"
761,"Goris",8.2,12.7,"Cold ❄️","2026-03-19 11:46:05.464236"
762,"Sevan",6.5,8.7,"Cold ❄️","2026-03-19 11:46:07.331719"
763,"Ijevan",9.6,9.8,"Cold ❄️","2026-03-19 11:46:08.360803"
764,"Armavir",15.0,9.4,"Mild 🌤","2026-03-19 11:46:09.691645"
765,"Artashat",16.4,18.1,"Mild 🌤","2026-03-19 11:46:10.973138"
766,"Sisian",9.5,15.3,"Cold ❄️","2026-03-19 11:46:12.251746"
767,"Yerevan",14.7,2.3,"Mild 🌤","2026-03-19 11:46:13.683544"
768,"Gyumri",7.7,6.0,"Cold ❄️","2026-03-19 11:46:14.717894"
769,"Vanadzor",8.7,12.9,"Cold ❄️","2026-03-19 11:46:15.141063"
770,"Dilijan",10.4,11.8,"Mild 🌤","2026-03-19 11:46:16.050237"
771,"Hrazdan",8.5,3.5,"Cold ❄️","2026-03-19 11:46:17.267634"
772,"Abovyan",10.2,5.8,"Mild 🌤","2026-03-19 11:46:17.909582"
773,"Kapan",11.4,9.3,"Mild 🌤","2026-03-19 11:46:18.212906"
774,"Goris",8.2,12.7,"Cold ❄️","2026-03-19 11:46:18.526971"
775,"Sevan",6.5,8.7,"Cold ❄️","2026-03-19 11:46:18.836376"
776,"Ijevan",9.6,9.8,"Cold ❄️","2026-03-19 11:46:19.098673"
777,"Armavir",15.0,9.4,"Mild 🌤","2026-03-19 11:46:19.390123"
778,"Artashat",16.4,18.1,"Mild 🌤","2026-03-19 11:46:19.695287"
779,"Sisian",9.5,15.3,"Cold ❄️","2026-03-19 11:46:19.97274"
780,"Yerevan",14.7,2.3,"Mild 🌤","2026-03-19 11:46:13.685676"
781,"Gyumri",7.7,6.0,"Cold ❄️","2026-03-19 11:46:14.714071"
782,"Vanadzor",8.7,12.9,"Cold ❄️","2026-03-19 11:46:15.886156"
783,"Dilijan",10.4,11.8,"Mild 🌤","2026-03-19 11:46:16.971003"
784,"Hrazdan",8.5,3.5,"Cold ❄️","2026-03-19 11:46:17.856303"
785,"Abovyan",10.2,5.8,"Mild 🌤","2026-03-19 11:46:18.174423"
786,"Kapan",11.4,9.3,"Mild 🌤","2026-03-19 11:46:18.470839"
787,"Goris",8.2,12.7,"Cold ❄️","2026-03-19 11:46:18.785038"
788,"Sevan",6.5,8.7,"Cold ❄️","2026-03-19 11:46:19.042454"
789,"Ijevan",9.6,9.8,"Cold ❄️","2026-03-19 11:46:20.140572"
790,"Armavir",15.0,9.4,"Mild 🌤","2026-03-19 11:46:22.343189"
791,"Artashat",16.4,18.1,"Mild 🌤","2026-03-19 11:46:22.634606"
792,"Sisian",9.5,15.3,"Cold ❄️","2026-03-19 11:46:22.952825"
793,"Yerevan",14.7,2.3,"Mild 🌤","2026-03-19 11:46:20.247269"
794,"Gyumri",7.7,6.0,"Cold ❄️","2026-03-19 11:46:22.396963"
795,"Vanadzor",8.7,12.9,"Cold ❄️","2026-03-19 11:46:23.170581"
796,"Dilijan",10.4,11.8,"Mild 🌤","2026-03-19 11:46:23.427486"
797,"Hrazdan",8.5,3.5,"Cold ❄️","2026-03-19 11:46:23.698224"
798,"Abovyan",10.2,5.8,"Mild 🌤","2026-03-19 11:46:24.003352"
799,"Kapan",11.4,9.3,"Mild 🌤","2026-03-19 11:46:24.602682"
800,"Goris",8.2,12.7,"Cold ❄️","2026-03-19 11:46:24.890437"
801,"Sevan",6.5,8.7,"Cold ❄️","2026-03-19 11:46:25.173233"
802,"Ijevan",9.6,9.8,"Cold ❄️","2026-03-19 11:46:25.525071"
803,"Armavir",15.0,9.4,"Mild 🌤","2026-03-19 11:46:25.798345"
804,"Artashat",16.4,18.1,"Mild 🌤","2026-03-19 11:46:26.112985"
805,"Sisian",9.5,15.3,"Cold ❄️","2026-03-19 11:46:26.786961"
806,"Yerevan",14.7,2.3,"Mild 🌤","2026-03-19 11:46:23.221083"
807,"Gyumri",7.7,6.0,"Cold ❄️","2026-03-19 11:46:23.48301"
808,"Vanadzor",8.7,12.9,"Cold ❄️","2026-03-19 11:46:24.518025"
809,"Dilijan",10.4,11.8,"Mild 🌤","2026-03-19 11:46:24.781502"
810,"Hrazdan",8.5,3.5,"Cold ❄️","2026-03-19 11:46:25.046536"
811,"Abovyan",10.2,5.8,"Mild 🌤","2026-03-19 11:46:25.353652"
812,"Kapan",11.4,9.3,"Mild 🌤","2026-03-19 11:46:25.616509"
813,"Goris",8.2,12.7,"Cold ❄️","2026-03-19 11:46:25.916122"
814,"Sevan",6.5,8.7,"Cold ❄️","2026-03-19 11:46:26.172716"
815,"Ijevan",9.6,9.8,"Cold ❄️","2026-03-19 11:46:26.434157"
816,"Armavir",15.0,9.4,"Mild 🌤","2026-03-19 11:46:26.763802"
817,"Artashat",16.4,18.1,"Mild 🌤","2026-03-19 11:46:27.094185"
818,"Sisian",9.5,15.3,"Cold ❄️","2026-03-19 11:46:27.382075"
819,"Yerevan",14.7,2.3,"Mild 🌤","2026-03-19 11:46:25.675211"
820,"Gyumri",7.7,6.0,"Cold ❄️","2026-03-19 11:46:27.035444"
821,"Vanadzor",8.7,12.9,"Cold ❄️","2026-03-19 11:46:27.28224"
822,"Dilijan",10.4,11.8,"Mild 🌤","2026-03-19 11:46:27.560181"
823,"Hrazdan",8.5,3.5,"Cold ❄️","2026-03-19 11:46:27.891996"
824,"Abovyan",10.2,5.8,"Mild 🌤","2026-03-19 11:46:28.20864"
825,"Kapan",11.4,9.3,"Mild 🌤","2026-03-19 11:46:28.611788"
826,"Goris",8.2,12.7,"Cold ❄️","2026-03-19 11:46:28.953278"
827,"Sevan",6.5,8.7,"Cold ❄️","2026-03-19 11:46:29.2195"
828,"Ijevan",9.6,9.8,"Cold ❄️","2026-03-19 11:46:29.528286"
829,"Armavir",15.0,9.4,"Mild 🌤","2026-03-19 11:46:29.909854"
830,"Artashat",16.4,18.1,"Mild 🌤","2026-03-19 11:46:30.215298"
831,"Sisian",9.5,15.3,"Cold ❄️","2026-03-19 11:46:30.609426"
832,"Yerevan",14.7,2.3,"Mild 🌤","2026-03-19 11:46:30.630334"
833,"Gyumri",7.7,6.0,"Cold ❄️","2026-03-19 11:46:30.905333"
834,"Vanadzor",8.7,12.9,"Cold ❄️","2026-03-19 11:46:31.211491"
835,"Dilijan",10.4,11.8,"Mild 🌤","2026-03-19 11:46:31.490615"
836,"Hrazdan",8.5,3.5,"Cold ❄️","2026-03-19 11:46:31.761788"
837,"Abovyan",10.2,5.8,"Mild 🌤","2026-03-19 11:46:32.08416"
838,"Kapan",11.4,9.3,"Mild 🌤","2026-03-19 11:46:32.356092"
839,"Goris",8.2,12.7,"Cold ❄️","2026-03-19 11:46:32.710867"
840,"Sevan",6.5,8.7,"Cold ❄️","2026-03-19 11:46:33.079188"
841,"Ijevan",9.6,9.8,"Cold ❄️","2026-03-19 11:46:33.522787"
842,"Armavir",15.0,9.4,"Mild 🌤","2026-03-19 11:46:33.876683"
843,"Artashat",16.4,18.1,"Mild 🌤","2026-03-19 11:46:34.244879"
844,"Sisian",9.5,15.3,"Cold ❄️","2026-03-19 11:46:34.693431"
845,"Yerevan",14.7,2.3,"Mild 🌤","2026-03-19 11:46:36.275636"
846,"Gyumri",7.7,6.0,"Cold ❄️","2026-03-19 11:46:36.710895"
847,"Vanadzor",8.7,12.9,"Cold ❄️","2026-03-19 11:46:37.951829"
848,"Dilijan",10.4,11.8,"Mild 🌤","2026-03-19 11:46:38.874019"
849,"Hrazdan",8.5,3.5,"Cold ❄️","2026-03-19 11:46:39.550611"
850,"Abovyan",10.2,5.8,"Mild 🌤","2026-03-19 11:46:39.986838"
851,"Kapan",11.4,9.3,"Mild 🌤","2026-03-19 11:46:40.281097"
852,"Goris",8.2,12.7,"Cold ❄️","2026-03-19 11:46:40.554016"
853,"Sevan",6.5,8.7,"Cold ❄️","2026-03-19 11:46:40.837533"
854,"Ijevan",9.6,9.8,"Cold ❄️","2026-03-19 11:46:41.137828"
855,"Armavir",15.0,9.4,"Mild 🌤","2026-03-19 11:46:41.403318"
856,"Artashat",16.4,18.1,"Mild 🌤","2026-03-19 11:46:41.718557"
857,"Sisian",9.5,15.3,"Cold ❄️","2026-03-19 11:46:42.122054"
858,"Yerevan",14.7,2.3,"Mild 🌤","2026-03-19 11:46:42.576393"
859,"Gyumri",7.7,6.0,"Cold ❄️","2026-03-19 11:46:42.918195"
860,"Vanadzor",8.7,12.9,"Cold ❄️","2026-03-19 11:46:43.254599"
861,"Dilijan",10.4,11.8,"Mild 🌤","2026-03-19 11:46:43.559353"
862,"Hrazdan",8.5,3.5,"Cold ❄️","2026-03-19 11:46:43.853967"
863,"Abovyan",10.2,5.8,"Mild 🌤","2026-03-19 11:46:44.226754"
864,"Kapan",11.4,9.3,"Mild 🌤","2026-03-19 11:46:44.550302"
865,"Goris",8.2,12.7,"Cold ❄️","2026-03-19 11:46:44.956823"
866,"Sevan",6.5,8.7,"Cold ❄️","2026-03-19 11:46:45.368141"
867,"Ijevan",9.6,9.8,"Cold ❄️","2026-03-19 11:46:45.712784"
868,"Armavir",15.0,9.4,"Mild 🌤","2026-03-19 11:46:45.980162"
869,"Artashat",16.4,18.1,"Mild 🌤","2026-03-19 11:46:46.328681"
870,"Sisian",9.5,15.3,"Cold ❄️","2026-03-19 11:46:46.73449"
871,"Yerevan",14.7,2.3,"Mild 🌤","2026-03-19 11:46:47.111262"
872,"Gyumri",7.7,6.0,"Cold ❄️","2026-03-19 11:46:47.429573"
873,"Vanadzor",8.7,12.9,"Cold ❄️","2026-03-19 11:46:47.789253"
874,"Dilijan",10.4,11.8,"Mild 🌤","2026-03-19 11:46:48.058182"
875,"Hrazdan",8.5,3.5,"Cold ❄️","2026-03-19 11:46:48.358893"
876,"Abovyan",10.2,5.8,"Mild 🌤","2026-03-19 11:46:48.858815"
877,"Kapan",11.4,9.3,"Mild 🌤","2026-03-19 11:46:49.144432"
878,"Goris",8.2,12.7,"Cold ❄️","2026-03-19 11:46:49.493855"
879,"Sevan",6.5,8.7,"Cold ❄️","2026-03-19 11:46:49.850631"
880,"Ijevan",9.6,9.8,"Cold ❄️","2026-03-19 11:46:50.257796"
881,"Armavir",15.0,9.4,"Mild 🌤","2026-03-19 11:46:50.627425"
882,"Artashat",16.4,18.1,"Mild 🌤","2026-03-19 11:46:50.969117"
883,"Sisian",9.5,15.3,"Cold ❄️","2026-03-19 11:46:51.307252"
884,"Yerevan",14.7,2.3,"Mild 🌤","2026-03-19 11:46:51.692196"
885,"Gyumri",7.7,6.0,"Cold ❄️","2026-03-19 11:46:52.063628"
886,"Vanadzor",8.7,12.9,"Cold ❄️","2026-03-19 11:46:52.365072"
887,"Dilijan",10.4,11.8,"Mild 🌤","2026-03-19 11:46:52.632442"
888,"Hrazdan",8.5,3.5,"Cold ❄️","2026-03-19 11:46:52.909473"
889,"Abovyan",10.2,5.8,"Mild 🌤","2026-03-19 11:46:53.228904"
890,"Kapan",11.4,9.3,"Mild 🌤","2026-03-19 11:46:53.750169"
891,"Goris",8.2,12.7,"Cold ❄️","2026-03-19 11:46:54.149126"
892,"Sevan",6.5,8.7,"Cold ❄️","2026-03-19 11:46:54.501287"
893,"Ijevan",9.6,9.8,"Cold ❄️","2026-03-19 11:46:54.771293"
894,"Armavir",15.0,9.4,"Mild 🌤","2026-03-19 11:46:55.024148"
895,"Artashat",16.4,18.1,"Mild 🌤","2026-03-19 11:46:55.301773"
896,"Sisian",9.5,15.3,"Cold ❄️","2026-03-19 11:46:55.572994"
897,"Yerevan",14.7,2.3,"Mild 🌤","2026-03-19 11:46:55.89352"
898,"Gyumri",7.7,6.0,"Cold ❄️","2026-03-19 11:46:56.302695"
899,"Vanadzor",8.7,12.9,"Cold ❄️","2026-03-19 11:46:56.709579"
900,"Dilijan",10.4,11.8,"Mild 🌤","2026-03-19 11:46:56.990525"
901,"Hrazdan",8.5,3.5,"Cold ❄️","2026-03-19 11:46:57.580309"
902,"Abovyan",10.2,5.8,"Mild 🌤","2026-03-19 11:46:57.933206"
903,"Kapan",11.4,9.3,"Mild 🌤","2026-03-19 11:46:58.279817"
904,"Goris",8.2,12.7,"Cold ❄️","2026-03-19 11:46:58.650989"
905,"Sevan",6.5,8.7,"Cold ❄️","2026-03-19 11:46:59.005994"
906,"Ijevan",9.6,9.8,"Cold ❄️","2026-03-19 11:46:59.30729"
907,"Armavir",15.0,9.4,"Mild 🌤","2026-03-19 11:46:59.60644"
908,"Artashat",16.4,18.1,"Mild 🌤","2026-03-19 11:46:59.890435"
909,"Yerevan",14.7,2.3,"Mild 🌤","2026-03-19 11:47:05.434319"
910,"Gyumri",7.7,6.0,"Cold ❄️","2026-03-19 11:47:06.037016"
911,"Vanadzor",8.7,12.9,"Cold ❄️","2026-03-19 11:47:06.317753"
912,"Dilijan",10.4,11.8,"Mild 🌤","2026-03-19 11:47:06.581608"
913,"Hrazdan",8.5,3.5,"Cold ❄️","2026-03-19 11:47:06.899901"
914,"Abovyan",10.2,5.8,"Mild 🌤","2026-03-19 11:47:07.169584"
915,"Kapan",11.4,9.3,"Mild 🌤","2026-03-19 11:47:07.455468"
916,"Goris",8.2,12.7,"Cold ❄️","2026-03-19 11:47:07.737556"
917,"Sevan",6.5,8.7,"Cold ❄️","2026-03-19 11:47:08.011087"
918,"Ijevan",9.6,9.8,"Cold ❄️","2026-03-19 11:47:08.440107"
919,"Armavir",15.0,9.4,"Mild 🌤","2026-03-19 11:47:08.790633"
920,"Artashat",16.4,18.1,"Mild 🌤","2026-03-19 11:47:09.227927"
921,"Sisian",9.5,15.3,"Cold ❄️","2026-03-19 11:47:09.610385"
922,"Yerevan",14.7,2.3,"Mild 🌤","2026-03-19 11:47:09.898574"
923,"Gyumri",7.7,6.0,"Cold ❄️","2026-03-19 11:47:10.210067"
924,"Vanadzor",8.7,12.9,"Cold ❄️","2026-03-19 11:47:10.510481"
925,"Dilijan",10.4,11.8,"Mild 🌤","2026-03-19 11:47:11.050318"
926,"Hrazdan",8.5,3.5,"Cold ❄️","2026-03-19 11:47:11.557233"
927,"Abovyan",10.2,5.8,"Mild 🌤","2026-03-19 11:47:11.944904"
928,"Kapan",11.4,9.3,"Mild 🌤","2026-03-19 11:47:12.268365"
929,"Goris",8.2,12.7,"Cold ❄️","2026-03-19 11:47:12.580543"
930,"Sevan",6.5,8.7,"Cold ❄️","2026-03-19 11:47:13.040208"
931,"Ijevan",9.6,9.8,"Cold ❄️","2026-03-19 11:47:13.43339"
932,"Armavir",15.0,9.4,"Mild 🌤","2026-03-19 11:47:13.822088"
933,"Artashat",16.4,18.1,"Mild 🌤","2026-03-19 11:47:14.321549"
934,"Sisian",9.5,15.3,"Cold ❄️","2026-03-19 11:47:14.730414"
935,"Yerevan",14.7,2.3,"Mild 🌤","2026-03-19 11:47:15.116594"
936,"Gyumri",7.7,6.0,"Cold ❄️","2026-03-19 11:47:15.382721"
937,"Vanadzor",8.7,12.9,"Cold ❄️","2026-03-19 11:47:15.956624"
938,"Dilijan",10.4,11.8,"Mild 🌤","2026-03-19 11:47:16.514328"
939,"Hrazdan",8.5,3.5,"Cold ❄️","2026-03-19 11:47:16.953143"
940,"Abovyan",10.2,5.8,"Mild 🌤","2026-03-19 11:47:17.222828"
941,"Kapan",11.4,9.3,"Mild 🌤","2026-03-19 11:47:17.537631"
942,"Goris",8.2,12.7,"Cold ❄️","2026-03-19 11:47:17.863936"
943,"Sevan",6.5,8.7,"Cold ❄️","2026-03-19 11:47:18.246663"
944,"Ijevan",9.6,9.8,"Cold ❄️","2026-03-19 11:47:18.587337"
945,"Armavir",15.0,9.4,"Mild 🌤","2026-03-19 11:47:18.902917"
946,"Artashat",16.4,18.1,"Mild 🌤","2026-03-19 11:47:19.546869"
947,"Sisian",9.5,15.3,"Cold ❄️","2026-03-19 11:47:19.921282"
948,"Yerevan",14.7,2.3,"Mild 🌤","2026-03-19 11:47:17.024444"
949,"Gyumri",7.7,6.0,"Cold ❄️","2026-03-19 11:47:17.26938"
950,"Vanadzor",8.7,12.9,"Cold ❄️","2026-03-19 11:47:17.592133"
951,"Dilijan",10.4,11.8,"Mild 🌤","2026-03-19 11:47:17.899281"
952,"Hrazdan",8.5,3.5,"Cold ❄️","2026-03-19 11:47:18.250802"
953,"Abovyan",10.2,5.8,"Mild 🌤","2026-03-19 11:47:18.62401"
954,"Kapan",11.4,9.3,"Mild 🌤","2026-03-19 11:47:18.947102"
955,"Goris",8.2,12.7,"Cold ❄️","2026-03-19 11:47:19.550782"
956,"Sevan",6.5,8.7,"Cold ❄️","2026-03-19 11:47:19.857469"
957,"Ijevan",9.6,9.8,"Cold ❄️","2026-03-19 11:47:20.125369"
958,"Armavir",15.0,9.4,"Mild 🌤","2026-03-19 11:47:20.38524"
959,"Artashat",16.4,18.1,"Mild 🌤","2026-03-19 11:47:21.378666"
960,"Sisian",9.5,15.3,"Cold ❄️","2026-03-19 11:47:21.671724"
961,"Yerevan",14.7,2.3,"Mild 🌤","2026-03-19 11:50:53.662702"
962,"Gyumri",7.7,6.0,"Cold ❄️","2026-03-19 11:50:54.685986"
963,"Vanadzor",8.7,12.9,"Cold ❄️","2026-03-19 11:50:55.808561"
964,"Dilijan",10.4,11.8,"Mild 🌤","2026-03-19 11:50:56.482028"
965,"Hrazdan",8.5,3.5,"Cold ❄️","2026-03-19 11:50:57.839815"
966,"Abovyan",10.2,5.8,"Mild 🌤","2026-03-19 11:50:58.139186"
967,"Kapan",11.4,9.3,"Mild 🌤","2026-03-19 11:50:58.424111"
968,"Goris",8.2,12.7,"Cold ❄️","2026-03-19 11:50:58.691192"
969,"Sevan",6.5,8.7,"Cold ❄️","2026-03-19 11:50:59.003268"
970,"Ijevan",9.6,9.8,"Cold ❄️","2026-03-19 11:50:59.302562"
971,"Armavir",15.0,9.4,"Mild 🌤","2026-03-19 11:51:00.155806"
972,"Artashat",16.4,18.1,"Mild 🌤","2026-03-19 11:51:00.574992"
973,"Sisian",9.5,15.3,"Cold ❄️","2026-03-19 11:51:00.988886"
974,"Yerevan",14.7,2.3,"Mild 🌤","2026-03-19 11:50:58.998838"
975,"Gyumri",7.7,6.0,"Cold ❄️","2026-03-19 11:50:59.312065"
976,"Vanadzor",8.7,12.9,"Cold ❄️","2026-03-19 11:50:59.56453"
977,"Dilijan",10.4,11.8,"Mild 🌤","2026-03-19 11:50:59.875521"
978,"Hrazdan",8.5,3.5,"Cold ❄️","2026-03-19 11:51:00.251956"
979,"Abovyan",10.2,5.8,"Mild 🌤","2026-03-19 11:51:00.784889"
980,"Kapan",11.4,9.3,"Mild 🌤","2026-03-19 11:51:01.091673"
981,"Goris",8.2,12.7,"Cold ❄️","2026-03-19 11:51:01.392167"
982,"Sevan",6.5,8.7,"Cold ❄️","2026-03-19 11:51:01.754501"
983,"Ijevan",9.6,9.8,"Cold ❄️","2026-03-19 11:51:02.157951"
984,"Armavir",15.0,9.4,"Mild 🌤","2026-03-19 11:51:02.438648"
985,"Artashat",16.4,18.1,"Mild 🌤","2026-03-19 11:51:02.806902"
986,"Sisian",9.5,15.3,"Cold ❄️","2026-03-19 11:51:03.130126"
987,"Yerevan",14.7,2.3,"Mild 🌤","2026-03-19 11:50:59.377627"
988,"Gyumri",7.7,6.0,"Cold ❄️","2026-03-19 11:51:00.24801"
989,"Vanadzor",8.7,12.9,"Cold ❄️","2026-03-19 11:51:00.5763"
990,"Dilijan",10.4,11.8,"Mild 🌤","2026-03-19 11:51:00.929879"
991,"Hrazdan",8.5,3.5,"Cold ❄️","2026-03-19 11:51:01.248084"
992,"Abovyan",10.2,5.8,"Mild 🌤","2026-03-19 11:51:01.52929"
993,"Kapan",11.4,9.3,"Mild 🌤","2026-03-19 11:51:01.856078"
994,"Goris",8.2,12.7,"Cold ❄️","2026-03-19 11:51:02.963424"
995,"Sevan",6.5,8.7,"Cold ❄️","2026-03-19 11:51:03.460367"
996,"Ijevan",9.6,9.8,"Cold ❄️","2026-03-19 11:51:03.793067"
997,"Armavir",15.0,9.4,"Mild 🌤","2026-03-19 11:51:04.103069"
998,"Artashat",16.4,18.1,"Mild 🌤","2026-03-19 11:51:04.361046"
999,"Sisian",9.5,15.3,"Cold ❄️","2026-03-19 11:51:04.777595"
1000,"Yerevan",14.7,2.3,"Mild 🌤","2026-03-19 11:51:05.181636"
1001,"Gyumri",7.7,6.0,"Cold ❄️","2026-03-19 11:51:05.486001"
1002,"Vanadzor",8.7,12.9,"Cold ❄️","2026-03-19 11:51:05.761128"
1003,"Dilijan",10.4,11.8,"Mild 🌤","2026-03-19 11:51:06.101226"
1004,"Hrazdan",8.5,3.5,"Cold ❄️","2026-03-19 11:51:06.457756"
1005,"Abovyan",10.2,5.8,"Mild 🌤","2026-03-19 11:51:07.350933"
1006,"Kapan",11.4,9.3,"Mild 🌤","2026-03-19 11:51:07.650322"
1007,"Goris",8.2,12.7,"Cold ❄️","2026-03-19 11:51:07.906679"
1008,"Sevan",6.5,8.7,"Cold ❄️","2026-03-19 11:51:08.276752"
1009,"Ijevan",9.6,9.8,"Cold ❄️","2026-03-19 11:51:08.614213"
1010,"Armavir",15.0,9.4,"Mild 🌤","2026-03-19 11:51:08.933035"
1011,"Artashat",16.4,18.1,"Mild 🌤","2026-03-19 11:51:09.278643"
1012,"Sisian",9.5,15.3,"Cold ❄️","2026-03-19 11:51:09.581887"
1013,"Yerevan",14.7,2.3,"Mild 🌤","2026-03-19 11:51:10.188992"
1014,"Gyumri",7.7,6.0,"Cold ❄️","2026-03-19 11:51:10.497228"
1015,"Vanadzor",8.7,12.9,"Cold ❄️","2026-03-19 11:51:10.784471"
1016,"Dilijan",10.4,11.8,"Mild 🌤","2026-03-19 11:51:11.160902"
1017,"Hrazdan",8.5,3.5,"Cold ❄️","2026-03-19 11:51:11.454699"
1018,"Abovyan",10.2,5.8,"Mild 🌤","2026-03-19 11:51:11.727777"
1019,"Kapan",11.4,9.3,"Mild 🌤","2026-03-19 11:51:12.063588"
1020,"Goris",8.2,12.7,"Cold ❄️","2026-03-19 11:51:12.392591"
1021,"Sevan",6.5,8.7,"Cold ❄️","2026-03-19 11:51:12.881834"
1022,"Ijevan",9.6,9.8,"Cold ❄️","2026-03-19 11:51:13.267943"
1023,"Armavir",15.0,9.4,"Mild 🌤","2026-03-19 11:51:13.869025"
1024,"Artashat",16.4,18.1,"Mild 🌤","2026-03-19 11:51:14.588391"
1025,"Sisian",9.5,15.3,"Cold ❄️","2026-03-19 11:51:15.004639"
1026,"Yerevan",14.7,2.3,"Mild 🌤","2026-03-19 11:51:15.696068"
1027,"Gyumri",7.7,6.0,"Cold ❄️","2026-03-19 11:51:15.94465"
1028,"Vanadzor",8.7,12.9,"Cold ❄️","2026-03-19 11:51:19.260106"
1029,"Dilijan",10.4,11.8,"Mild 🌤","2026-03-19 11:51:20.064837"
1030,"Hrazdan",8.5,3.5,"Cold ❄️","2026-03-19 11:51:21.614224"
1031,"Abovyan",10.2,5.8,"Mild 🌤","2026-03-19 11:51:22.946537"
1032,"Kapan",11.4,9.3,"Mild 🌤","2026-03-19 11:51:24.988991"
1033,"Goris",8.2,12.7,"Cold ❄️","2026-03-19 11:51:26.214296"
1034,"Sevan",6.5,8.7,"Cold ❄️","2026-03-19 11:51:27.548475"
1035,"Ijevan",9.6,9.8,"Cold ❄️","2026-03-19 11:51:28.621597"
1036,"Armavir",15.0,9.4,"Mild 🌤","2026-03-19 11:51:29.488841"
1037,"Artashat",16.4,18.1,"Mild 🌤","2026-03-19 11:51:30.785025"
1038,"Sisian",9.5,15.3,"Cold ❄️","2026-03-19 11:51:31.040754"
1039,"Yerevan",14.7,2.3,"Mild 🌤","2026-03-19 11:51:17.93319"
1040,"Gyumri",7.7,6.0,"Cold ❄️","2026-03-19 11:51:19.257034"
1041,"Vanadzor",8.7,12.9,"Cold ❄️","2026-03-19 11:51:20.062197"
1042,"Dilijan",10.4,11.8,"Mild 🌤","2026-03-19 11:51:21.611824"
1043,"Hrazdan",8.5,3.5,"Cold ❄️","2026-03-19 11:51:22.942067"
1044,"Abovyan",10.2,5.8,"Mild 🌤","2026-03-19 11:51:25.888161"
1045,"Kapan",11.4,9.3,"Mild 🌤","2026-03-19 11:51:27.236652"
1046,"Goris",8.2,12.7,"Cold ❄️","2026-03-19 11:51:28.044792"
1047,"Sevan",6.5,8.7,"Cold ❄️","2026-03-19 11:51:29.953196"
1048,"Ijevan",9.6,9.8,"Cold ❄️","2026-03-19 11:51:30.238042"
1049,"Armavir",15.0,9.4,"Mild 🌤","2026-03-19 11:51:30.489381"
1050,"Artashat",16.4,18.1,"Mild 🌤","2026-03-19 11:51:31.11238"
1051,"Sisian",9.5,15.3,"Cold ❄️","2026-03-19 11:51:31.500757"
1052,"Yerevan",14.7,2.3,"Mild 🌤","2026-03-19 11:51:31.448759"
1053,"Gyumri",7.7,6.0,"Cold ❄️","2026-03-19 11:51:31.747145"
1054,"Vanadzor",8.7,12.9,"Cold ❄️","2026-03-19 11:51:32.040329"
1055,"Dilijan",10.4,11.8,"Mild 🌤","2026-03-19 11:51:32.39172"
1056,"Hrazdan",8.5,3.5,"Cold ❄️","2026-03-19 11:51:32.699846"
1057,"Abovyan",10.2,5.8,"Mild 🌤","2026-03-19 11:51:33.002792"
1058,"Kapan",11.4,9.3,"Mild 🌤","2026-03-19 11:51:33.300806"
1059,"Goris",8.2,12.7,"Cold ❄️","2026-03-19 11:51:33.589752"
1060,"Sevan",6.5,8.7,"Cold ❄️","2026-03-19 11:51:33.890788"
1061,"Ijevan",9.6,9.8,"Cold ❄️","2026-03-19 11:51:34.228382"
1062,"Armavir",15.0,9.4,"Mild 🌤","2026-03-19 11:51:34.481261"
1063,"Artashat",16.4,18.1,"Mild 🌤","2026-03-19 11:51:34.736431"
1064,"Sisian",9.5,15.3,"Cold ❄️","2026-03-19 11:51:35.038189"
1065,"Yerevan",14.7,2.3,"Mild 🌤","2026-03-19 11:51:31.788659"
1066,"Gyumri",7.7,6.0,"Cold ❄️","2026-03-19 11:51:32.053421"
1067,"Vanadzor",8.7,12.9,"Cold ❄️","2026-03-19 11:51:32.396077"
1068,"Dilijan",10.4,11.8,"Mild 🌤","2026-03-19 11:51:32.696108"
1069,"Hrazdan",8.5,3.5,"Cold ❄️","2026-03-19 11:51:33.009511"
1070,"Abovyan",10.2,5.8,"Mild 🌤","2026-03-19 11:51:33.33234"
1071,"Kapan",11.4,9.3,"Mild 🌤","2026-03-19 11:51:33.59927"
1072,"Goris",8.2,12.7,"Cold ❄️","2026-03-19 11:51:33.872156"
1073,"Sevan",6.5,8.7,"Cold ❄️","2026-03-19 11:51:34.188676"
1074,"Ijevan",9.6,9.8,"Cold ❄️","2026-03-19 11:51:34.461785"
1075,"Armavir",15.0,9.4,"Mild 🌤","2026-03-19 11:51:34.729954"
1076,"Artashat",16.4,18.1,"Mild 🌤","2026-03-19 11:51:35.032677"
1077,"Sisian",9.5,15.3,"Cold ❄️","2026-03-19 11:51:35.319356"
1078,"Yerevan",14.7,2.3,"Mild 🌤","2026-03-19 11:51:31.782204"
1079,"Gyumri",7.7,6.0,"Cold ❄️","2026-03-19 11:51:32.050839"
1080,"Vanadzor",8.7,12.9,"Cold ❄️","2026-03-19 11:51:32.388645"
1081,"Dilijan",10.4,11.8,"Mild 🌤","2026-03-19 11:51:32.736495"
1082,"Hrazdan",8.5,3.5,"Cold ❄️","2026-03-19 11:51:33.013276"
1083,"Abovyan",10.2,5.8,"Mild 🌤","2026-03-19 11:51:33.314126"
1084,"Kapan",11.4,9.3,"Mild 🌤","2026-03-19 11:51:33.619381"
1085,"Goris",8.2,12.7,"Cold ❄️","2026-03-19 11:51:34.85957"
1086,"Sevan",6.5,8.7,"Cold ❄️","2026-03-19 11:51:35.134197"
1087,"Ijevan",9.6,9.8,"Cold ❄️","2026-03-19 11:51:35.47394"
1088,"Armavir",15.0,9.4,"Mild 🌤","2026-03-19 11:51:35.757427"
1089,"Artashat",16.4,18.1,"Mild 🌤","2026-03-19 11:51:36.043685"
1090,"Sisian",9.5,15.3,"Cold ❄️","2026-03-19 11:51:36.31922"
1091,"Yerevan",14.7,2.3,"Mild 🌤","2026-03-19 11:51:37.760856"
1092,"Gyumri",7.7,6.0,"Cold ❄️","2026-03-19 11:51:39.013339"
1093,"Vanadzor",8.7,12.9,"Cold ❄️","2026-03-19 11:51:40.037259"
1094,"Dilijan",10.4,11.8,"Mild 🌤","2026-03-19 11:51:41.879534"
1095,"Hrazdan",8.5,3.5,"Cold ❄️","2026-03-19 11:51:43.277293"
1096,"Abovyan",10.2,5.8,"Mild 🌤","2026-03-19 11:51:44.133051"
1097,"Kapan",11.4,9.3,"Mild 🌤","2026-03-19 11:51:45.256054"
1098,"Goris",8.2,12.7,"Cold ❄️","2026-03-19 11:51:45.909309"
1099,"Sevan",6.5,8.7,"Cold ❄️","2026-03-19 11:51:46.19373"
1100,"Ijevan",9.6,9.8,"Cold ❄️","2026-03-19 11:51:46.469845"
1101,"Armavir",15.0,9.4,"Mild 🌤","2026-03-19 11:51:46.835923"
1102,"Artashat",16.4,18.1,"Mild 🌤","2026-03-19 11:51:47.230909"
1103,"Sisian",9.5,15.3,"Cold ❄️","2026-03-19 11:51:47.484486"
1104,"Yerevan",14.7,2.3,"Mild 🌤","2026-03-19 11:51:48.223277"
1105,"Gyumri",7.7,6.0,"Cold ❄️","2026-03-19 11:51:48.492751"
1106,"Vanadzor",8.7,12.9,"Cold ❄️","2026-03-19 11:51:48.904185"
1107,"Dilijan",10.4,11.8,"Mild 🌤","2026-03-19 11:51:49.967"
1108,"Hrazdan",8.5,3.5,"Cold ❄️","2026-03-19 11:51:52.830606"
1109,"Kapan",11.4,9.3,"Mild 🌤","2026-03-19 11:52:01.848958"
1110,"Goris",8.2,12.7,"Cold ❄️","2026-03-19 11:52:02.580122"
1111,"Sevan",6.5,8.7,"Cold ❄️","2026-03-19 11:52:03.886076"
1112,"Ijevan",9.6,9.8,"Cold ❄️","2026-03-19 11:52:04.850366"
1113,"Armavir",15.0,9.4,"Mild 🌤","2026-03-19 11:52:08.188432"
1114,"Artashat",16.4,18.1,"Mild 🌤","2026-03-19 11:52:09.926853"
1115,"Sisian",9.5,15.3,"Cold ❄️","2026-03-19 11:52:11.670348"
1116,"Yerevan",14.7,2.3,"Mild 🌤","2026-03-19 11:52:12.89559"
1117,"Gyumri",7.7,6.0,"Cold ❄️","2026-03-19 11:52:13.644691"
1118,"Vanadzor",8.7,12.9,"Cold ❄️","2026-03-19 11:52:14.146209"
1119,"Dilijan",10.4,11.8,"Mild 🌤","2026-03-19 11:52:14.461337"
1120,"Hrazdan",8.5,3.5,"Cold ❄️","2026-03-19 11:52:14.774797"
1121,"Abovyan",10.2,5.8,"Mild 🌤","2026-03-19 11:52:15.117495"
1122,"Kapan",11.4,9.3,"Mild 🌤","2026-03-19 11:52:15.536138"
1123,"Goris",8.2,12.7,"Cold ❄️","2026-03-19 11:52:15.912985"
1124,"Sevan",6.5,8.7,"Cold ❄️","2026-03-19 11:52:16.175978"
1125,"Ijevan",9.6,9.8,"Cold ❄️","2026-03-19 11:52:16.580648"
1126,"Armavir",15.0,9.4,"Mild 🌤","2026-03-19 11:52:16.967455"
1127,"Artashat",16.4,18.1,"Mild 🌤","2026-03-19 11:52:17.315569"
1128,"Sisian",9.5,15.3,"Cold ❄️","2026-03-19 11:52:17.619187"
1129,"Yerevan",14.7,2.3,"Mild 🌤","2026-03-19 11:52:18.464998"
1130,"Gyumri",7.7,6.0,"Cold ❄️","2026-03-19 11:52:18.718344"
1131,"Vanadzor",8.7,12.9,"Cold ❄️","2026-03-19 11:52:19.175543"
1132,"Dilijan",10.4,11.8,"Mild 🌤","2026-03-19 11:52:19.578785"
1133,"Hrazdan",8.5,3.5,"Cold ❄️","2026-03-19 11:52:19.975895"
1134,"Abovyan",10.2,5.8,"Mild 🌤","2026-03-19 11:52:20.230828"
1135,"Kapan",11.4,9.3,"Mild 🌤","2026-03-19 11:52:20.550804"
1136,"Goris",8.2,12.7,"Cold ❄️","2026-03-19 11:52:20.82965"
1137,"Sevan",6.5,8.7,"Cold ❄️","2026-03-19 11:52:21.104191"
1138,"Ijevan",9.6,9.8,"Cold ❄️","2026-03-19 11:52:21.437882"
1139,"Armavir",15.0,9.4,"Mild 🌤","2026-03-19 11:52:21.768918"
1140,"Artashat",16.4,18.1,"Mild 🌤","2026-03-19 11:52:22.0264"
1141,"Sisian",9.5,15.3,"Cold ❄️","2026-03-19 11:52:22.345683"
1142,"Yerevan",14.7,2.3,"Mild 🌤","2026-03-19 11:52:22.731275"
1143,"Gyumri",7.7,6.0,"Cold ❄️","2026-03-19 11:52:23.123694"
1144,"Vanadzor",8.7,12.9,"Cold ❄️","2026-03-19 11:52:23.460931"
1145,"Dilijan",10.4,11.8,"Mild 🌤","2026-03-19 11:52:23.722536"
1146,"Hrazdan",8.5,3.5,"Cold ❄️","2026-03-19 11:52:23.983301"
1147,"Abovyan",10.2,5.8,"Mild 🌤","2026-03-19 11:52:24.258108"
1148,"Kapan",11.4,9.3,"Mild 🌤","2026-03-19 11:52:24.553258"
1149,"Goris",8.2,12.7,"Cold ❄️","2026-03-19 11:52:24.901652"
1150,"Sevan",6.5,8.7,"Cold ❄️","2026-03-19 11:52:25.203804"
1151,"Ijevan",9.6,9.8,"Cold ❄️","2026-03-19 11:52:25.489644"
1152,"Armavir",15.0,9.4,"Mild 🌤","2026-03-19 11:52:25.867653"
1153,"Artashat",16.4,18.1,"Mild 🌤","2026-03-19 11:52:26.163023"
1154,"Sisian",9.5,15.3,"Cold ❄️","2026-03-19 11:52:26.448344"
1155,"Yerevan",14.7,2.3,"Mild 🌤","2026-03-19 11:52:26.791856"
1156,"Gyumri",7.7,6.0,"Cold ❄️","2026-03-19 11:52:27.138456"
1157,"Vanadzor",8.7,12.9,"Cold ❄️","2026-03-19 11:52:27.572726"
1158,"Dilijan",10.4,11.8,"Mild 🌤","2026-03-19 11:52:27.884857"
1159,"Hrazdan",8.5,3.5,"Cold ❄️","2026-03-19 11:52:28.196602"
1160,"Abovyan",10.2,5.8,"Mild 🌤","2026-03-19 11:52:28.477975"
1161,"Kapan",11.4,9.3,"Mild 🌤","2026-03-19 11:52:28.861779"
1162,"Goris",8.2,12.7,"Cold ❄️","2026-03-19 11:52:29.157272"
1163,"Sevan",6.5,8.7,"Cold ❄️","2026-03-19 11:52:29.424035"
1164,"Ijevan",9.6,9.8,"Cold ❄️","2026-03-19 11:52:29.699106"
1165,"Armavir",15.0,9.4,"Mild 🌤","2026-03-19 11:52:30.014743"
1166,"Artashat",16.4,18.1,"Mild 🌤","2026-03-19 11:52:30.294834"
1167,"Sisian",9.5,15.3,"Cold ❄️","2026-03-19 11:52:30.638735"
1168,"Yerevan",14.7,2.3,"Mild 🌤","2026-03-19 11:52:30.923733"
1169,"Gyumri",7.7,6.0,"Cold ❄️","2026-03-19 11:52:31.216214"
1170,"Vanadzor",8.7,12.9,"Cold ❄️","2026-03-19 11:52:31.556729"
1171,"Dilijan",10.4,11.8,"Mild 🌤","2026-03-19 11:52:31.83124"
1172,"Hrazdan",8.5,3.5,"Cold ❄️","2026-03-19 11:52:32.101905"
1173,"Abovyan",10.2,5.8,"Mild 🌤","2026-03-19 11:52:32.374399"
1174,"Kapan",11.4,9.3,"Mild 🌤","2026-03-19 11:52:32.656332"
1175,"Goris",8.2,12.7,"Cold ❄️","2026-03-19 11:52:33.034509"
1176,"Sevan",6.5,8.7,"Cold ❄️","2026-03-19 11:52:33.410594"
1177,"Ijevan",9.6,9.8,"Cold ❄️","2026-03-19 11:52:33.787867"
1178,"Armavir",15.0,9.4,"Mild 🌤","2026-03-19 11:52:34.217049"
1179,"Artashat",16.4,18.1,"Mild 🌤","2026-03-19 11:52:34.506592"
1180,"Sisian",9.5,15.3,"Cold ❄️","2026-03-19 11:52:34.816506"
1181,"Yerevan",14.7,2.3,"Mild 🌤","2026-03-19 11:52:35.118003"
1182,"Gyumri",7.7,6.0,"Cold ❄️","2026-03-19 11:52:35.546676"
1183,"Vanadzor",8.7,12.9,"Cold ❄️","2026-03-19 11:52:36.13686"
1184,"Dilijan",10.4,11.8,"Mild 🌤","2026-03-19 11:52:36.460467"
1185,"Hrazdan",8.5,3.5,"Cold ❄️","2026-03-19 11:52:36.751743"
1186,"Abovyan",10.2,5.8,"Mild 🌤","2026-03-19 11:52:37.172167"
1187,"Kapan",11.4,9.3,"Mild 🌤","2026-03-19 11:52:37.469684"
1188,"Goris",8.2,12.7,"Cold ❄️","2026-03-19 11:52:43.512156"
1189,"Sevan",6.5,8.7,"Cold ❄️","2026-03-19 11:52:44.597765"
1190,"Ijevan",9.6,9.8,"Cold ❄️","2026-03-19 11:52:45.030419"
1191,"Armavir",15.0,9.4,"Mild 🌤","2026-03-19 11:52:45.77218"
1192,"Artashat",16.4,18.1,"Mild 🌤","2026-03-19 11:52:46.095766"
1193,"Yerevan",14.7,2.3,"Mild 🌤","2026-03-19 11:52:52.535021"
1194,"Gyumri",7.7,6.0,"Cold ❄️","2026-03-19 11:52:56.62682"
1195,"Vanadzor",8.7,12.9,"Cold ❄️","2026-03-19 11:52:57.456844"
1196,"Dilijan",10.4,11.8,"Mild 🌤","2026-03-19 11:52:58.337436"
1197,"Hrazdan",8.5,3.5,"Cold ❄️","2026-03-19 11:52:59.610975"
1198,"Abovyan",10.2,5.8,"Mild 🌤","2026-03-19 11:53:00.433009"
1199,"Kapan",11.4,9.3,"Mild 🌤","2026-03-19 11:53:01.763566"
1200,"Goris",8.2,12.7,"Cold ❄️","2026-03-19 11:53:02.548825"
1201,"Sevan",6.5,8.7,"Cold ❄️","2026-03-19 11:53:03.607991"
1202,"Ijevan",9.6,9.8,"Cold ❄️","2026-03-19 11:53:04.631622"
1203,"Armavir",15.0,9.4,"Mild 🌤","2026-03-19 11:53:05.558433"
1204,"Artashat",16.4,18.1,"Mild 🌤","2026-03-19 11:53:06.891459"
1205,"Sisian",9.5,15.3,"Cold ❄️","2026-03-19 11:53:08.219117"
1206,"Yerevan",14.7,2.3,"Mild 🌤","2026-03-19 11:53:09.164336"
1207,"Gyumri",7.7,6.0,"Cold ❄️","2026-03-19 11:53:10.0128"
1208,"Vanadzor",8.7,12.9,"Cold ❄️","2026-03-19 11:53:10.351268"
1209,"Dilijan",10.4,11.8,"Mild 🌤","2026-03-19 11:53:10.730863"
1210,"Hrazdan",8.5,3.5,"Cold ❄️","2026-03-19 11:53:13.121297"
1211,"Abovyan",10.2,5.8,"Mild 🌤","2026-03-19 11:53:13.42404"
1212,"Kapan",11.4,9.3,"Mild 🌤","2026-03-19 11:53:13.798843"
1213,"Goris",8.2,12.7,"Cold ❄️","2026-03-19 11:53:14.201438"
1214,"Sevan",6.5,8.7,"Cold ❄️","2026-03-19 11:53:22.66652"
1215,"Sisian",9.5,15.3,"Cold ❄️","2026-03-19 11:53:38.244784"
1216,"Yerevan",14.7,2.3,"Mild 🌤","2026-03-19 11:53:09.166937"
1217,"Gyumri",7.7,6.0,"Cold ❄️","2026-03-19 11:53:10.006369"
1218,"Vanadzor",8.7,12.9,"Cold ❄️","2026-03-19 11:53:10.30321"
1219,"Dilijan",10.4,11.8,"Mild 🌤","2026-03-19 11:53:10.649531"
1220,"Hrazdan",8.5,3.5,"Cold ❄️","2026-03-19 11:53:13.010918"
1221,"Abovyan",10.2,5.8,"Mild 🌤","2026-03-19 11:53:13.33523"
1222,"Kapan",11.4,9.3,"Mild 🌤","2026-03-19 11:53:13.686065"
1223,"Goris",8.2,12.7,"Cold ❄️","2026-03-19 11:53:14.115326"
1224,"Sevan",6.5,8.7,"Cold ❄️","2026-03-19 11:53:18.895451"
1225,"Sisian",9.5,15.3,"Cold ❄️","2026-03-19 11:53:38.855326"
1226,"Yerevan",14.7,2.3,"Mild 🌤","2026-03-19 11:53:39.161426"
1227,"Gyumri",7.7,6.0,"Cold ❄️","2026-03-19 11:53:39.985345"
1228,"Vanadzor",8.7,12.9,"Cold ❄️","2026-03-19 11:53:40.458706"
1229,"Dilijan",10.4,11.8,"Mild 🌤","2026-03-19 11:53:40.782673"
1230,"Hrazdan",8.5,3.5,"Cold ❄️","2026-03-19 11:53:41.096717"
1231,"Abovyan",10.2,5.8,"Mild 🌤","2026-03-19 11:53:41.373525"
1232,"Kapan",11.4,9.3,"Mild 🌤","2026-03-19 11:53:41.638675"
1233,"Goris",8.2,12.7,"Cold ❄️","2026-03-19 11:53:41.902779"
1234,"Sevan",6.5,8.7,"Cold ❄️","2026-03-19 11:53:42.267305"
1235,"Ijevan",9.6,9.8,"Cold ❄️","2026-03-19 11:53:42.533608"
1236,"Armavir",15.0,9.4,"Mild 🌤","2026-03-19 11:53:42.832646"
1237,"Artashat",16.4,18.1,"Mild 🌤","2026-03-19 11:53:43.106948"
1238,"Sisian",9.5,15.3,"Cold ❄️","2026-03-19 11:53:43.382093"
1239,"Yerevan",14.7,2.3,"Mild 🌤","2026-03-19 11:53:39.733606"
1240,"Vanadzor",8.7,12.9,"Cold ❄️","2026-03-19 11:53:40.654981"
1241,"Dilijan",10.4,11.8,"Mild 🌤","2026-03-19 11:53:40.950085"
1242,"Hrazdan",8.5,3.5,"Cold ❄️","2026-03-19 11:53:41.236594"
1243,"Abovyan",10.2,5.8,"Mild 🌤","2026-03-19 11:53:41.481898"
1244,"Kapan",11.4,9.3,"Mild 🌤","2026-03-19 11:53:41.74879"
1245,"Goris",8.2,12.7,"Cold ❄️","2026-03-19 11:53:42.010903"
1246,"Sevan",6.5,8.7,"Cold ❄️","2026-03-19 11:53:42.300235"
1247,"Ijevan",9.6,9.8,"Cold ❄️","2026-03-19 11:53:42.566279"
1248,"Armavir",15.0,9.4,"Mild 🌤","2026-03-19 11:53:42.861827"
1249,"Artashat",16.4,18.1,"Mild 🌤","2026-03-19 11:53:43.132243"
1250,"Sisian",9.5,15.3,"Cold ❄️","2026-03-19 11:53:43.407923"
1251,"Yerevan",14.7,2.3,"Mild 🌤","2026-03-19 11:53:39.727064"
1252,"Gyumri",7.7,6.0,"Cold ❄️","2026-03-19 11:53:40.468486"
1253,"Vanadzor",8.7,12.9,"Cold ❄️","2026-03-19 11:53:40.846804"
1254,"Dilijan",10.4,11.8,"Mild 🌤","2026-03-19 11:53:41.185921"
1255,"Hrazdan",8.5,3.5,"Cold ❄️","2026-03-19 11:53:41.475699"
1256,"Abovyan",10.2,5.8,"Mild 🌤","2026-03-19 11:53:41.751306"
1257,"Kapan",11.4,9.3,"Mild 🌤","2026-03-19 11:53:42.00449"
1258,"Goris",8.2,12.7,"Cold ❄️","2026-03-19 11:53:42.270658"
1259,"Sevan",6.5,8.7,"Cold ❄️","2026-03-19 11:53:42.556328"
1260,"Ijevan",9.6,9.8,"Cold ❄️","2026-03-19 11:53:42.887594"
1261,"Armavir",15.0,9.4,"Mild 🌤","2026-03-19 11:53:43.188276"
1262,"Artashat",16.4,18.1,"Mild 🌤","2026-03-19 11:53:43.489748"
1263,"Sisian",9.5,15.3,"Cold ❄️","2026-03-19 11:53:43.781456"
1264,"Yerevan",14.7,2.3,"Mild 🌤","2026-03-19 11:53:39.747195"
1265,"Gyumri",7.7,6.0,"Cold ❄️","2026-03-19 11:53:40.737646"
1266,"Vanadzor",8.7,12.9,"Cold ❄️","2026-03-19 11:53:41.030172"
1267,"Dilijan",10.4,11.8,"Mild 🌤","2026-03-19 11:53:41.307312"
1268,"Hrazdan",8.5,3.5,"Cold ❄️","2026-03-19 11:53:41.563874"
1269,"Abovyan",10.2,5.8,"Mild 🌤","2026-03-19 11:53:41.816761"
1270,"Kapan",11.4,9.3,"Mild 🌤","2026-03-19 11:53:42.069346"
1271,"Goris",8.2,12.7,"Cold ❄️","2026-03-19 11:53:42.348074"
1272,"Sevan",6.5,8.7,"Cold ❄️","2026-03-19 11:53:42.631926"
1273,"Ijevan",9.6,9.8,"Cold ❄️","2026-03-19 11:53:42.891699"
1274,"Armavir",15.0,9.4,"Mild 🌤","2026-03-19 11:53:43.193513"
1275,"Artashat",16.4,18.1,"Mild 🌤","2026-03-19 11:53:43.484154"
1276,"Sisian",9.5,15.3,"Cold ❄️","2026-03-19 11:53:43.783495"
1277,"Yerevan",14.7,2.3,"Mild 🌤","2026-03-19 11:53:39.980469"
1278,"Gyumri",7.7,6.0,"Cold ❄️","2026-03-19 11:53:40.394887"
1279,"Vanadzor",8.7,12.9,"Cold ❄️","2026-03-19 11:53:40.818198"
1280,"Dilijan",10.4,11.8,"Mild 🌤","2026-03-19 11:53:41.117288"
1281,"Hrazdan",8.5,3.5,"Cold ❄️","2026-03-19 11:53:41.389619"
1282,"Abovyan",10.2,5.8,"Mild 🌤","2026-03-19 11:53:41.657304"
1283,"Kapan",11.4,9.3,"Mild 🌤","2026-03-19 11:53:41.930904"
1284,"Goris",8.2,12.7,"Cold ❄️","2026-03-19 11:53:42.468061"
1285,"Sevan",6.5,8.7,"Cold ❄️","2026-03-19 11:53:42.734941"
1286,"Ijevan",9.6,9.8,"Cold ❄️","2026-03-19 11:53:43.009157"
1287,"Armavir",15.0,9.4,"Mild 🌤","2026-03-19 11:53:43.305926"
1288,"Artashat",16.4,18.1,"Mild 🌤","2026-03-19 11:53:43.568459"
1289,"Sisian",9.5,15.3,"Cold ❄️","2026-03-19 11:53:43.853328"
1290,"Yerevan",14.7,2.3,"Mild 🌤","2026-03-19 11:53:40.521322"
1291,"Gyumri",7.7,6.0,"Cold ❄️","2026-03-19 11:53:40.84871"
1292,"Vanadzor",8.7,12.9,"Cold ❄️","2026-03-19 11:53:41.172039"
1293,"Dilijan",10.4,11.8,"Mild 🌤","2026-03-19 11:53:41.441139"
1294,"Hrazdan",8.5,3.5,"Cold ❄️","2026-03-19 11:53:41.718024"
1295,"Abovyan",10.2,5.8,"Mild 🌤","2026-03-19 11:53:41.978166"
1296,"Kapan",11.4,9.3,"Mild 🌤","2026-03-19 11:53:42.25674"
1297,"Goris",8.2,12.7,"Cold ❄️","2026-03-19 11:53:42.537096"
1298,"Sevan",6.5,8.7,"Cold ❄️","2026-03-19 11:53:42.918007"
1299,"Ijevan",9.6,9.8,"Cold ❄️","2026-03-19 11:53:43.196536"
1300,"Armavir",15.0,9.4,"Mild 🌤","2026-03-19 11:53:43.486567"
1301,"Artashat",16.4,18.1,"Mild 🌤","2026-03-19 11:53:43.794302"
1302,"Sisian",9.5,15.3,"Cold ❄️","2026-03-19 11:53:44.079006"
1303,"Yerevan",14.7,2.3,"Mild 🌤","2026-03-19 11:53:44.37838"
1304,"Gyumri",7.7,6.0,"Cold ❄️","2026-03-19 11:53:44.628106"
1305,"Vanadzor",8.7,12.9,"Cold ❄️","2026-03-19 11:53:44.908639"
1306,"Dilijan",10.4,11.8,"Mild 🌤","2026-03-19 11:53:45.169123"
1307,"Hrazdan",8.5,3.5,"Cold ❄️","2026-03-19 11:53:45.427591"
1308,"Abovyan",10.2,5.8,"Mild 🌤","2026-03-19 11:53:45.752635"
1309,"Kapan",11.4,9.3,"Mild 🌤","2026-03-19 11:53:46.092058"
1310,"Goris",8.2,12.7,"Cold ❄️","2026-03-19 11:53:46.436627"
1311,"Sevan",6.5,8.7,"Cold ❄️","2026-03-19 11:53:46.725071"
1312,"Ijevan",9.6,9.8,"Cold ❄️","2026-03-19 11:53:47.046107"
1313,"Armavir",15.0,9.4,"Mild 🌤","2026-03-19 11:53:47.371656"
1314,"Artashat",16.4,18.1,"Mild 🌤","2026-03-19 11:53:47.676333"
1315,"Sisian",9.5,15.3,"Cold ❄️","2026-03-19 11:53:48.011327"
1316,"Yerevan",14.7,2.3,"Mild 🌤","2026-03-19 11:53:44.097705"
1317,"Gyumri",7.7,6.0,"Cold ❄️","2026-03-19 11:53:44.389626"
1318,"Vanadzor",8.7,12.9,"Cold ❄️","2026-03-19 11:53:44.673619"
1319,"Dilijan",10.4,11.8,"Mild 🌤","2026-03-19 11:53:45.290016"
1320,"Hrazdan",8.5,3.5,"Cold ❄️","2026-03-19 11:53:45.570998"
1321,"Abovyan",10.2,5.8,"Mild 🌤","2026-03-19 11:53:45.967083"
1322,"Kapan",11.4,9.3,"Mild 🌤","2026-03-19 11:53:46.289904"
1323,"Goris",8.2,12.7,"Cold ❄️","2026-03-19 11:53:46.599266"
1324,"Sevan",6.5,8.7,"Cold ❄️","2026-03-19 11:53:46.924433"
1325,"Ijevan",9.6,9.8,"Cold ❄️","2026-03-19 11:53:47.238844"
1326,"Armavir",15.0,9.4,"Mild 🌤","2026-03-19 11:53:47.541633"
1327,"Artashat",16.4,18.1,"Mild 🌤","2026-03-19 11:53:47.875736"
1328,"Sisian",9.5,15.3,"Cold ❄️","2026-03-19 11:53:48.296633"
1329,"Yerevan",14.7,2.3,"Mild 🌤","2026-03-19 11:53:43.661756"
1330,"Gyumri",7.7,6.0,"Cold ❄️","2026-03-19 11:53:43.97967"
1331,"Vanadzor",8.7,12.9,"Cold ❄️","2026-03-19 11:53:44.225738"
1332,"Dilijan",10.4,11.8,"Mild 🌤","2026-03-19 11:53:44.530022"
1333,"Hrazdan",8.5,3.5,"Cold ❄️","2026-03-19 11:53:44.826969"
1334,"Abovyan",10.2,5.8,"Mild 🌤","2026-03-19 11:53:45.094753"
1335,"Kapan",11.4,9.3,"Mild 🌤","2026-03-19 11:53:45.347091"
1336,"Goris",8.2,12.7,"Cold ❄️","2026-03-19 11:53:45.628478"
1337,"Ijevan",9.6,9.8,"Cold ❄️","2026-03-19 11:53:51.003986"
1338,"Armavir",15.0,9.4,"Mild 🌤","2026-03-19 11:53:51.299997"
1339,"Artashat",16.4,18.1,"Mild 🌤","2026-03-19 11:53:51.621457"
1340,"Sisian",9.5,15.3,"Cold ❄️","2026-03-19 11:53:51.946334"
1341,"Yerevan",14.7,2.3,"Mild 🌤","2026-03-19 11:53:43.664851"
1342,"Gyumri",7.7,6.0,"Cold ❄️","2026-03-19 11:53:43.962239"
1343,"Vanadzor",8.7,12.9,"Cold ❄️","2026-03-19 11:53:44.230346"
1344,"Dilijan",10.4,11.8,"Mild 🌤","2026-03-19 11:53:44.53141"
1345,"Hrazdan",8.5,3.5,"Cold ❄️","2026-03-19 11:53:44.821088"
1346,"Kapan",11.4,9.3,"Mild 🌤","2026-03-19 11:53:50.253929"
1347,"Goris",8.2,12.7,"Cold ❄️","2026-03-19 11:53:50.566155"
1348,"Sevan",6.5,8.7,"Cold ❄️","2026-03-19 11:53:50.82073"
1349,"Ijevan",9.6,9.8,"Cold ❄️","2026-03-19 11:53:51.103373"
1350,"Armavir",15.0,9.4,"Mild 🌤","2026-03-19 11:53:51.358556"
1351,"Artashat",16.4,18.1,"Mild 🌤","2026-03-19 11:53:51.650098"
1352,"Sisian",9.5,15.3,"Cold ❄️","2026-03-19 11:53:51.956141"
1353,"Yerevan",14.7,2.3,"Mild 🌤","2026-03-19 11:53:48.422964"
1354,"Gyumri",7.7,6.0,"Cold ❄️","2026-03-19 11:53:48.682524"
1355,"Vanadzor",8.7,12.9,"Cold ❄️","2026-03-19 11:53:48.986992"
1356,"Dilijan",10.4,11.8,"Mild 🌤","2026-03-19 11:53:49.312339"
1357,"Hrazdan",8.5,3.5,"Cold ❄️","2026-03-19 11:53:49.702853"
1358,"Abovyan",10.2,5.8,"Mild 🌤","2026-03-19 11:53:50.008699"
1359,"Kapan",11.4,9.3,"Mild 🌤","2026-03-19 11:53:50.257831"
1360,"Goris",8.2,12.7,"Cold ❄️","2026-03-19 11:53:50.550242"
1361,"Sevan",6.5,8.7,"Cold ❄️","2026-03-19 11:53:50.823287"
1362,"Ijevan",9.6,9.8,"Cold ❄️","2026-03-19 11:53:51.105683"
1363,"Armavir",15.0,9.4,"Mild 🌤","2026-03-19 11:53:51.360711"
1364,"Artashat",16.4,18.1,"Mild 🌤","2026-03-19 11:53:51.625225"
1365,"Sisian",9.5,15.3,"Cold ❄️","2026-03-19 11:53:51.961679"
1391,"Yerevan",14.7,2.3,"Mild 🌤","2026-03-19 11:53:44.133858"
1392,"Gyumri",7.7,6.0,"Cold ❄️","2026-03-19 11:53:44.42543"
1393,"Vanadzor",8.7,12.9,"Cold ❄️","2026-03-19 11:53:44.696061"
1394,"Dilijan",10.4,11.8,"Mild 🌤","2026-03-19 11:53:45.374161"
1395,"Abovyan",10.2,5.8,"Mild 🌤","2026-03-19 11:53:50.767806"
1396,"Kapan",11.4,9.3,"Mild 🌤","2026-03-19 11:53:51.049476"
1397,"Goris",8.2,12.7,"Cold ❄️","2026-03-19 11:53:51.309817"
1398,"Sevan",6.5,8.7,"Cold ❄️","2026-03-19 11:53:51.617702"
1399,"Ijevan",9.6,9.8,"Cold ❄️","2026-03-19 11:53:51.950497"
1400,"Armavir",15.0,9.4,"Mild 🌤","2026-03-19 11:53:52.253498"
1401,"Artashat",16.4,18.1,"Mild 🌤","2026-03-19 11:53:52.54284"
1402,"Sisian",9.5,15.3,"Cold ❄️","2026-03-19 11:53:52.900829"
1428,"Yerevan",14.7,2.3,"Mild 🌤","2026-03-19 11:53:53.220598"
1429,"Gyumri",7.7,6.0,"Cold ❄️","2026-03-19 11:53:53.58078"
1430,"Vanadzor",8.7,12.9,"Cold ❄️","2026-03-19 11:53:53.858664"
1431,"Dilijan",10.4,11.8,"Mild 🌤","2026-03-19 11:53:54.154611"
1432,"Hrazdan",8.5,3.5,"Cold ❄️","2026-03-19 11:53:54.534825"
1433,"Abovyan",10.2,5.8,"Mild 🌤","2026-03-19 11:53:54.883349"
1434,"Kapan",11.4,9.3,"Mild 🌤","2026-03-19 11:53:55.196115"
1435,"Goris",8.2,12.7,"Cold ❄️","2026-03-19 11:53:56.238139"
1436,"Sevan",6.5,8.7,"Cold ❄️","2026-03-19 11:53:56.543336"
1437,"Ijevan",9.6,9.8,"Cold ❄️","2026-03-19 11:53:56.905194"
1438,"Artashat",16.4,18.1,"Mild 🌤","2026-03-19 11:54:02.820188"
1439,"Sisian",9.5,15.3,"Cold ❄️","2026-03-19 11:54:03.692711"
1466,"Yerevan",14.7,2.3,"Mild 🌤","2026-03-19 11:54:12.819144"
1467,"Gyumri",7.7,6.0,"Cold ❄️","2026-03-19 11:54:13.280229"
1468,"Vanadzor",8.7,12.9,"Cold ❄️","2026-03-19 11:54:13.892318"
1469,"Dilijan",10.4,11.8,"Mild 🌤","2026-03-19 11:54:15.302301"
1470,"Hrazdan",8.5,3.5,"Cold ❄️","2026-03-19 11:54:15.676698"
1471,"Abovyan",10.2,5.8,"Mild 🌤","2026-03-19 11:54:16.916908"
1472,"Kapan",11.4,9.3,"Mild 🌤","2026-03-19 11:54:18.802416"
1473,"Goris",8.2,12.7,"Cold ❄️","2026-03-19 11:54:19.884031"
1474,"Sevan",6.5,8.7,"Cold ❄️","2026-03-19 11:54:21.345662"
1475,"Ijevan",9.6,9.8,"Cold ❄️","2026-03-19 11:54:22.636832"
1476,"Armavir",15.0,9.4,"Mild 🌤","2026-03-19 11:54:23.855195"
1477,"Artashat",16.4,18.1,"Mild 🌤","2026-03-19 11:54:25.030417"
1478,"Sisian",9.5,15.3,"Cold ❄️","2026-03-19 11:54:27.594022"
2790,"Yerevan",14.4,3.6,"Mild 🌤","2026-03-19 13:12:39.852611"
2791,"Gyumri",7.4,6.7,"Cold ❄️","2026-03-19 13:12:41.308133"
2792,"Vanadzor",7.8,13.1,"Cold ❄️","2026-03-19 13:12:42.639333"
2793,"Dilijan",8.5,11.4,"Cold ❄️","2026-03-19 13:12:43.88477"
2794,"Hrazdan",8.2,1.6,"Cold ❄️","2026-03-19 13:12:45.102617"
2795,"Abovyan",9.7,5.2,"Cold ❄️","2026-03-19 13:12:46.535981"
2796,"Kapan",10.2,9.7,"Mild 🌤","2026-03-19 13:12:47.864151"
2797,"Goris",7.1,10.4,"Cold ❄️","2026-03-19 13:12:48.957516"
2798,"Sevan",6.4,10.0,"Cold ❄️","2026-03-19 13:12:49.911762"
2799,"Ijevan",8.4,8.3,"Cold ❄️","2026-03-19 13:12:50.203981"
2800,"Armavir",14.8,4.1,"Mild 🌤","2026-03-19 13:12:50.462002"
2801,"Artashat",15.9,18.0,"Mild 🌤","2026-03-19 13:12:50.741389"
2802,"Sisian",8.4,14.3,"Cold ❄️","2026-03-19 13:12:51.228617"
2803,"Yerevan",14.4,3.6,"Mild 🌤","2026-03-19 13:12:51.627272"
2804,"Gyumri",7.4,6.7,"Cold ❄️","2026-03-19 13:12:52.063901"
2805,"Vanadzor",7.8,13.1,"Cold ❄️","2026-03-19 13:12:52.442347"
2806,"Dilijan",8.5,11.4,"Cold ❄️","2026-03-19 13:12:52.715802"
2807,"Hrazdan",8.2,1.6,"Cold ❄️","2026-03-19 13:12:53.02612"
2808,"Abovyan",9.7,5.2,"Cold ❄️","2026-03-19 13:12:53.315667"
2809,"Kapan",10.2,9.7,"Mild 🌤","2026-03-19 13:12:53.583806"
2810,"Goris",7.1,10.4,"Cold ❄️","2026-03-19 13:12:53.879307"
2811,"Sevan",6.4,10.0,"Cold ❄️","2026-03-19 13:12:54.231108"
2812,"Ijevan",8.4,8.3,"Cold ❄️","2026-03-19 13:12:54.572777"
2813,"Armavir",14.8,4.1,"Mild 🌤","2026-03-19 13:12:54.927388"
2814,"Artashat",15.9,18.0,"Mild 🌤","2026-03-19 13:12:55.198234"
2815,"Sisian",8.4,14.3,"Cold ❄️","2026-03-19 13:12:55.471227"
2816,"Yerevan",14.4,3.6,"Mild 🌤","2026-03-19 13:12:55.905352"
2817,"Gyumri",7.4,6.7,"Cold ❄️","2026-03-19 13:12:56.316032"
2818,"Vanadzor",7.8,13.1,"Cold ❄️","2026-03-19 13:12:56.622816"
2819,"Dilijan",8.5,11.4,"Cold ❄️","2026-03-19 13:12:56.885059"
2820,"Hrazdan",8.2,1.6,"Cold ❄️","2026-03-19 13:12:57.157472"
2821,"Abovyan",9.7,5.2,"Cold ❄️","2026-03-19 13:12:57.425321"
2822,"Kapan",10.2,9.7,"Mild 🌤","2026-03-19 13:12:57.709167"
2823,"Goris",7.1,10.4,"Cold ❄️","2026-03-19 13:12:58.020435"
2824,"Sevan",6.4,10.0,"Cold ❄️","2026-03-19 13:12:58.301304"
2825,"Ijevan",8.4,8.3,"Cold ❄️","2026-03-19 13:12:58.556508"
2826,"Armavir",14.8,4.1,"Mild 🌤","2026-03-19 13:12:58.892278"
2827,"Artashat",15.9,18.0,"Mild 🌤","2026-03-19 13:12:59.183281"
2828,"Sisian",8.4,14.3,"Cold ❄️","2026-03-19 13:12:59.452133"
2829,"Yerevan",14.4,3.6,"Mild 🌤","2026-03-19 13:12:59.734861"
2830,"Gyumri",7.4,6.7,"Cold ❄️","2026-03-19 13:12:59.989158"
2831,"Vanadzor",7.8,13.1,"Cold ❄️","2026-03-19 13:13:00.380506"
2832,"Dilijan",8.5,11.4,"Cold ❄️","2026-03-19 13:13:00.692177"
2833,"Hrazdan",8.2,1.6,"Cold ❄️","2026-03-19 13:13:01.028219"
2834,"Abovyan",9.7,5.2,"Cold ❄️","2026-03-19 13:13:01.311718"
2835,"Kapan",10.2,9.7,"Mild 🌤","2026-03-19 13:13:01.614946"
2836,"Goris",7.1,10.4,"Cold ❄️","2026-03-19 13:13:01.876014"
2837,"Sevan",6.4,10.0,"Cold ❄️","2026-03-19 13:13:02.140318"
2838,"Ijevan",8.4,8.3,"Cold ❄️","2026-03-19 13:13:02.491222"
2839,"Armavir",14.8,4.1,"Mild 🌤","2026-03-19 13:13:02.814427"
2840,"Artashat",15.9,18.0,"Mild 🌤","2026-03-19 13:13:03.072949"
2841,"Sisian",8.4,14.3,"Cold ❄️","2026-03-19 13:13:03.347378"
2842,"Yerevan",14.4,3.6,"Mild 🌤","2026-03-19 13:13:03.70706"
1366,"Yerevan",14.7,2.3,"Mild 🌤","2026-03-19 11:53:48.598617"
1367,"Gyumri",7.7,6.0,"Cold ❄️","2026-03-19 11:53:48.958169"
1368,"Vanadzor",8.7,12.9,"Cold ❄️","2026-03-19 11:53:49.265024"
1369,"Dilijan",10.4,11.8,"Mild 🌤","2026-03-19 11:53:49.652264"
1370,"Hrazdan",8.5,3.5,"Cold ❄️","2026-03-19 11:53:49.946809"
1371,"Abovyan",10.2,5.8,"Mild 🌤","2026-03-19 11:53:50.200959"
1372,"Kapan",11.4,9.3,"Mild 🌤","2026-03-19 11:53:50.495079"
1373,"Goris",8.2,12.7,"Cold ❄️","2026-03-19 11:53:50.755458"
1374,"Sevan",6.5,8.7,"Cold ❄️","2026-03-19 11:53:51.00928"
1375,"Ijevan",9.6,9.8,"Cold ❄️","2026-03-19 11:53:51.289159"
1376,"Armavir",15.0,9.4,"Mild 🌤","2026-03-19 11:53:51.584831"
1377,"Artashat",16.4,18.1,"Mild 🌤","2026-03-19 11:53:51.900314"
1378,"Sisian",9.5,15.3,"Cold ❄️","2026-03-19 11:53:52.180477"
1403,"Yerevan",14.7,2.3,"Mild 🌤","2026-03-19 11:53:52.272994"
1404,"Gyumri",7.7,6.0,"Cold ❄️","2026-03-19 11:53:52.546177"
1405,"Vanadzor",8.7,12.9,"Cold ❄️","2026-03-19 11:53:52.891508"
1406,"Dilijan",10.4,11.8,"Mild 🌤","2026-03-19 11:53:53.19228"
1407,"Hrazdan",8.5,3.5,"Cold ❄️","2026-03-19 11:53:53.462138"
1408,"Abovyan",10.2,5.8,"Mild 🌤","2026-03-19 11:53:53.845656"
1409,"Kapan",11.4,9.3,"Mild 🌤","2026-03-19 11:53:54.281268"
1410,"Goris",8.2,12.7,"Cold ❄️","2026-03-19 11:53:54.547312"
1411,"Sevan",6.5,8.7,"Cold ❄️","2026-03-19 11:53:54.876638"
1412,"Ijevan",9.6,9.8,"Cold ❄️","2026-03-19 11:53:55.301209"
1413,"Armavir",15.0,9.4,"Mild 🌤","2026-03-19 11:53:55.911214"
1414,"Artashat",16.4,18.1,"Mild 🌤","2026-03-19 11:53:56.222056"
1415,"Sisian",9.5,15.3,"Cold ❄️","2026-03-19 11:53:56.539936"
1440,"Yerevan",14.7,2.3,"Mild 🌤","2026-03-19 11:54:00.154424"
1441,"Gyumri",7.7,6.0,"Cold ❄️","2026-03-19 11:54:01.485015"
1442,"Vanadzor",8.7,12.9,"Cold ❄️","2026-03-19 11:54:02.532824"
1443,"Dilijan",10.4,11.8,"Mild 🌤","2026-03-19 11:54:03.633644"
1444,"Hrazdan",8.5,3.5,"Cold ❄️","2026-03-19 11:54:04.119802"
1445,"Abovyan",10.2,5.8,"Mild 🌤","2026-03-19 11:54:04.471583"
1446,"Kapan",11.4,9.3,"Mild 🌤","2026-03-19 11:54:04.781295"
1447,"Goris",8.2,12.7,"Cold ❄️","2026-03-19 11:54:05.14156"
1448,"Sevan",6.5,8.7,"Cold ❄️","2026-03-19 11:54:05.495678"
1449,"Ijevan",9.6,9.8,"Cold ❄️","2026-03-19 11:54:05.89636"
1450,"Armavir",15.0,9.4,"Mild 🌤","2026-03-19 11:54:06.213506"
1451,"Artashat",16.4,18.1,"Mild 🌤","2026-03-19 11:54:06.679999"
1452,"Sisian",9.5,15.3,"Cold ❄️","2026-03-19 11:54:07.112898"
1479,"Yerevan",14.7,2.3,"Mild 🌤","2026-03-19 11:54:28.925575"
1480,"Gyumri",7.7,6.0,"Cold ❄️","2026-03-19 11:54:29.945984"
1481,"Vanadzor",8.7,12.9,"Cold ❄️","2026-03-19 11:54:31.589496"
1482,"Dilijan",10.4,11.8,"Mild 🌤","2026-03-19 11:54:32.915957"
1483,"Hrazdan",8.5,3.5,"Cold ❄️","2026-03-19 11:54:34.042658"
1484,"Abovyan",10.2,5.8,"Mild 🌤","2026-03-19 11:54:36.313508"
1485,"Kapan",11.4,9.3,"Mild 🌤","2026-03-19 11:54:36.817379"
1486,"Goris",8.2,12.7,"Cold ❄️","2026-03-19 11:54:37.296587"
1487,"Sevan",6.5,8.7,"Cold ❄️","2026-03-19 11:54:37.870739"
1488,"Ijevan",9.6,9.8,"Cold ❄️","2026-03-19 11:54:38.260668"
1489,"Armavir",15.0,9.4,"Mild 🌤","2026-03-19 11:54:38.642522"
1490,"Artashat",16.4,18.1,"Mild 🌤","2026-03-19 11:54:39.192455"
1491,"Sisian",9.5,15.3,"Cold ❄️","2026-03-19 11:54:39.702347"
2843,"Gyumri",7.4,6.7,"Cold ❄️","2026-03-19 13:13:04.0252"
2844,"Vanadzor",7.8,13.1,"Cold ❄️","2026-03-19 13:13:04.285032"
2845,"Dilijan",8.5,11.4,"Cold ❄️","2026-03-19 13:13:04.566608"
2846,"Hrazdan",8.2,1.6,"Cold ❄️","2026-03-19 13:13:04.842188"
2847,"Abovyan",9.7,5.2,"Cold ❄️","2026-03-19 13:13:05.16748"
2848,"Kapan",10.2,9.7,"Mild 🌤","2026-03-19 13:13:05.452271"
2849,"Goris",7.1,10.4,"Cold ❄️","2026-03-19 13:13:05.743633"
2850,"Sevan",6.4,10.0,"Cold ❄️","2026-03-19 13:13:06.119787"
2851,"Ijevan",8.4,8.3,"Cold ❄️","2026-03-19 13:13:06.405021"
2852,"Armavir",14.8,4.1,"Mild 🌤","2026-03-19 13:13:06.686949"
2853,"Artashat",15.9,18.0,"Mild 🌤","2026-03-19 13:13:07.182652"
2854,"Sisian",8.4,14.3,"Cold ❄️","2026-03-19 13:13:07.504642"
2855,"Yerevan",14.4,3.6,"Mild 🌤","2026-03-19 13:13:07.772713"
2856,"Gyumri",7.4,6.7,"Cold ❄️","2026-03-19 13:13:08.075772"
2857,"Vanadzor",7.8,13.1,"Cold ❄️","2026-03-19 13:13:08.363428"
2858,"Dilijan",8.5,11.4,"Cold ❄️","2026-03-19 13:13:08.696334"
2859,"Hrazdan",8.2,1.6,"Cold ❄️","2026-03-19 13:13:08.981235"
2860,"Abovyan",9.7,5.2,"Cold ❄️","2026-03-19 13:13:09.294579"
2861,"Kapan",10.2,9.7,"Mild 🌤","2026-03-19 13:13:09.595229"
2862,"Goris",7.1,10.4,"Cold ❄️","2026-03-19 13:13:10.006025"
2863,"Sevan",6.4,10.0,"Cold ❄️","2026-03-19 13:13:10.430115"
2864,"Ijevan",8.4,8.3,"Cold ❄️","2026-03-19 13:13:10.753436"
2865,"Armavir",14.8,4.1,"Mild 🌤","2026-03-19 13:13:11.022065"
2866,"Artashat",15.9,18.0,"Mild 🌤","2026-03-19 13:13:11.346119"
2867,"Sisian",8.4,14.3,"Cold ❄️","2026-03-19 13:13:11.65429"
2868,"Yerevan",14.4,3.6,"Mild 🌤","2026-03-19 13:13:11.948634"
2869,"Gyumri",7.4,6.7,"Cold ❄️","2026-03-19 13:13:12.240514"
2870,"Vanadzor",7.8,13.1,"Cold ❄️","2026-03-19 13:13:12.550438"
2871,"Dilijan",8.5,11.4,"Cold ❄️","2026-03-19 13:13:12.881058"
2872,"Hrazdan",8.2,1.6,"Cold ❄️","2026-03-19 13:13:13.254867"
2873,"Abovyan",9.7,5.2,"Cold ❄️","2026-03-19 13:13:13.512438"
2874,"Kapan",10.2,9.7,"Mild 🌤","2026-03-19 13:13:13.833247"
2875,"Goris",7.1,10.4,"Cold ❄️","2026-03-19 13:13:14.108093"
2876,"Sevan",6.4,10.0,"Cold ❄️","2026-03-19 13:13:14.415918"
2877,"Ijevan",8.4,8.3,"Cold ❄️","2026-03-19 13:13:14.717853"
2878,"Armavir",14.8,4.1,"Mild 🌤","2026-03-19 13:13:15.004491"
2879,"Artashat",15.9,18.0,"Mild 🌤","2026-03-19 13:13:15.355332"
2880,"Sisian",8.4,14.3,"Cold ❄️","2026-03-19 13:13:15.643915"
2881,"Yerevan",14.4,3.6,"Mild 🌤","2026-03-19 13:13:12.00209"
2882,"Gyumri",7.4,6.7,"Cold ❄️","2026-03-19 13:13:12.284838"
2883,"Vanadzor",7.8,13.1,"Cold ❄️","2026-03-19 13:13:12.554532"
2884,"Dilijan",8.5,11.4,"Cold ❄️","2026-03-19 13:13:12.939802"
2885,"Hrazdan",8.2,1.6,"Cold ❄️","2026-03-19 13:13:13.322671"
2886,"Abovyan",9.7,5.2,"Cold ❄️","2026-03-19 13:13:13.641839"
2887,"Kapan",10.2,9.7,"Mild 🌤","2026-03-19 13:13:14.049014"
1379,"Yerevan",14.7,2.3,"Mild 🌤","2026-03-19 11:53:44.084019"
1380,"Gyumri",7.7,6.0,"Cold ❄️","2026-03-19 11:53:44.429416"
1381,"Vanadzor",8.7,12.9,"Cold ❄️","2026-03-19 11:53:44.698162"
1382,"Dilijan",10.4,11.8,"Mild 🌤","2026-03-19 11:53:44.966977"
1383,"Hrazdan",8.5,3.5,"Cold ❄️","2026-03-19 11:53:45.237531"
1384,"Kapan",11.4,9.3,"Mild 🌤","2026-03-19 11:53:50.647831"
1385,"Goris",8.2,12.7,"Cold ❄️","2026-03-19 11:53:50.941104"
1386,"Sevan",6.5,8.7,"Cold ❄️","2026-03-19 11:53:51.200564"
1387,"Ijevan",9.6,9.8,"Cold ❄️","2026-03-19 11:53:51.496993"
1388,"Armavir",15.0,9.4,"Mild 🌤","2026-03-19 11:53:51.78469"
1389,"Artashat",16.4,18.1,"Mild 🌤","2026-03-19 11:53:52.038108"
1390,"Sisian",9.5,15.3,"Cold ❄️","2026-03-19 11:53:52.331682"
1416,"Yerevan",14.7,2.3,"Mild 🌤","2026-03-19 11:53:52.271188"
1417,"Gyumri",7.7,6.0,"Cold ❄️","2026-03-19 11:53:52.599852"
1418,"Vanadzor",8.7,12.9,"Cold ❄️","2026-03-19 11:53:52.933219"
1419,"Dilijan",10.4,11.8,"Mild 🌤","2026-03-19 11:53:53.225379"
1420,"Hrazdan",8.5,3.5,"Cold ❄️","2026-03-19 11:53:53.584874"
1421,"Abovyan",10.2,5.8,"Mild 🌤","2026-03-19 11:53:53.852252"
1422,"Kapan",11.4,9.3,"Mild 🌤","2026-03-19 11:53:54.15851"
1423,"Goris",8.2,12.7,"Cold ❄️","2026-03-19 11:53:54.540688"
1424,"Sevan",6.5,8.7,"Cold ❄️","2026-03-19 11:53:54.886434"
1425,"Ijevan",9.6,9.8,"Cold ❄️","2026-03-19 11:53:55.890307"
1426,"Armavir",15.0,9.4,"Mild 🌤","2026-03-19 11:53:56.165419"
1427,"Artashat",16.4,18.1,"Mild 🌤","2026-03-19 11:53:56.484985"
1453,"Yerevan",14.7,2.3,"Mild 🌤","2026-03-19 11:54:07.490012"
1454,"Gyumri",7.7,6.0,"Cold ❄️","2026-03-19 11:54:07.87518"
1455,"Vanadzor",8.7,12.9,"Cold ❄️","2026-03-19 11:54:08.221902"
1456,"Dilijan",10.4,11.8,"Mild 🌤","2026-03-19 11:54:08.56397"
1457,"Hrazdan",8.5,3.5,"Cold ❄️","2026-03-19 11:54:09.070168"
1458,"Abovyan",10.2,5.8,"Mild 🌤","2026-03-19 11:54:09.449343"
1459,"Kapan",11.4,9.3,"Mild 🌤","2026-03-19 11:54:09.764861"
1460,"Goris",8.2,12.7,"Cold ❄️","2026-03-19 11:54:10.066859"
1461,"Sevan",6.5,8.7,"Cold ❄️","2026-03-19 11:54:10.545052"
1462,"Ijevan",9.6,9.8,"Cold ❄️","2026-03-19 11:54:10.879752"
1463,"Armavir",15.0,9.4,"Mild 🌤","2026-03-19 11:54:11.309178"
1464,"Artashat",16.4,18.1,"Mild 🌤","2026-03-19 11:54:11.614256"
1465,"Sisian",9.5,15.3,"Cold ❄️","2026-03-19 11:54:12.439328"
1492,"Yerevan",14.7,2.3,"Mild 🌤","2026-03-19 11:54:40.125688"
1493,"Gyumri",7.7,6.0,"Cold ❄️","2026-03-19 11:54:40.423671"
1494,"Vanadzor",8.7,12.9,"Cold ❄️","2026-03-19 11:54:40.786927"
1495,"Dilijan",10.4,11.8,"Mild 🌤","2026-03-19 11:54:41.151753"
1496,"Hrazdan",8.5,3.5,"Cold ❄️","2026-03-19 11:54:41.436595"
1497,"Abovyan",10.2,5.8,"Mild 🌤","2026-03-19 11:54:41.759043"
1498,"Kapan",11.4,9.3,"Mild 🌤","2026-03-19 11:54:42.031072"
1499,"Goris",8.2,12.7,"Cold ❄️","2026-03-19 11:54:42.489343"
1500,"Sevan",6.5,8.7,"Cold ❄️","2026-03-19 11:54:42.844436"
1501,"Ijevan",9.6,9.8,"Cold ❄️","2026-03-19 11:54:43.132529"
1502,"Armavir",15.0,9.4,"Mild 🌤","2026-03-19 11:54:43.477126"
1503,"Artashat",16.4,18.1,"Mild 🌤","2026-03-19 11:54:43.787797"
1504,"Sisian",9.5,15.3,"Cold ❄️","2026-03-19 11:54:44.10275"
1505,"Yerevan",14.7,2.3,"Mild 🌤","2026-03-19 11:54:40.122629"
1506,"Gyumri",7.7,6.0,"Cold ❄️","2026-03-19 11:54:40.488831"
1507,"Vanadzor",8.7,12.9,"Cold ❄️","2026-03-19 11:54:40.847519"
1508,"Dilijan",10.4,11.8,"Mild 🌤","2026-03-19 11:54:41.173703"
1509,"Hrazdan",8.5,3.5,"Cold ❄️","2026-03-19 11:54:41.44686"
1510,"Abovyan",10.2,5.8,"Mild 🌤","2026-03-19 11:54:41.772668"
1511,"Kapan",11.4,9.3,"Mild 🌤","2026-03-19 11:54:42.092536"
1512,"Goris",8.2,12.7,"Cold ❄️","2026-03-19 11:54:42.596139"
1513,"Sevan",6.5,8.7,"Cold ❄️","2026-03-19 11:54:42.973062"
1514,"Ijevan",9.6,9.8,"Cold ❄️","2026-03-19 11:54:43.31699"
1515,"Armavir",15.0,9.4,"Mild 🌤","2026-03-19 11:54:43.624076"
1516,"Artashat",16.4,18.1,"Mild 🌤","2026-03-19 11:54:43.903611"
1517,"Sisian",9.5,15.3,"Cold ❄️","2026-03-19 11:54:44.185462"
1518,"Yerevan",14.7,2.3,"Mild 🌤","2026-03-19 11:54:44.447626"
1519,"Gyumri",7.7,6.0,"Cold ❄️","2026-03-19 11:54:44.741152"
1520,"Vanadzor",8.7,12.9,"Cold ❄️","2026-03-19 11:54:45.029975"
1521,"Dilijan",10.4,11.8,"Mild 🌤","2026-03-19 11:54:45.366811"
1522,"Hrazdan",8.5,3.5,"Cold ❄️","2026-03-19 11:54:45.663636"
1523,"Abovyan",10.2,5.8,"Mild 🌤","2026-03-19 11:54:45.950651"
1524,"Kapan",11.4,9.3,"Mild 🌤","2026-03-19 11:54:46.310423"
1525,"Goris",8.2,12.7,"Cold ❄️","2026-03-19 11:54:46.588826"
1526,"Sevan",6.5,8.7,"Cold ❄️","2026-03-19 11:54:46.892526"
1527,"Ijevan",9.6,9.8,"Cold ❄️","2026-03-19 11:54:47.196315"
1528,"Armavir",15.0,9.4,"Mild 🌤","2026-03-19 11:54:47.6095"
1529,"Artashat",16.4,18.1,"Mild 🌤","2026-03-19 11:54:47.888338"
1530,"Sisian",9.5,15.3,"Cold ❄️","2026-03-19 11:54:48.226424"
1531,"Yerevan",14.7,2.3,"Mild 🌤","2026-03-19 11:54:44.582727"
1532,"Gyumri",7.7,6.0,"Cold ❄️","2026-03-19 11:54:44.871884"
1533,"Vanadzor",8.7,12.9,"Cold ❄️","2026-03-19 11:54:45.164551"
1534,"Dilijan",10.4,11.8,"Mild 🌤","2026-03-19 11:54:45.459625"
1535,"Hrazdan",8.5,3.5,"Cold ❄️","2026-03-19 11:54:45.765372"
1536,"Abovyan",10.2,5.8,"Mild 🌤","2026-03-19 11:54:46.091752"
1537,"Kapan",11.4,9.3,"Mild 🌤","2026-03-19 11:54:46.440392"
1538,"Goris",8.2,12.7,"Cold ❄️","2026-03-19 11:54:46.770016"
1539,"Sevan",6.5,8.7,"Cold ❄️","2026-03-19 11:54:47.059136"
1540,"Ijevan",9.6,9.8,"Cold ❄️","2026-03-19 11:54:47.377314"
1541,"Armavir",15.0,9.4,"Mild 🌤","2026-03-19 11:54:47.757213"
1542,"Artashat",16.4,18.1,"Mild 🌤","2026-03-19 11:54:48.092972"
1543,"Sisian",9.5,15.3,"Cold ❄️","2026-03-19 11:54:48.398665"
1544,"Yerevan",14.7,2.3,"Mild 🌤","2026-03-19 11:54:44.526861"
1545,"Gyumri",7.7,6.0,"Cold ❄️","2026-03-19 11:54:44.811824"
1546,"Vanadzor",8.7,12.9,"Cold ❄️","2026-03-19 11:54:45.15804"
1547,"Dilijan",10.4,11.8,"Mild 🌤","2026-03-19 11:54:45.462082"
1548,"Hrazdan",8.5,3.5,"Cold ❄️","2026-03-19 11:54:45.767315"
1549,"Abovyan",10.2,5.8,"Mild 🌤","2026-03-19 11:54:46.094652"
1550,"Kapan",11.4,9.3,"Mild 🌤","2026-03-19 11:54:46.4427"
1551,"Goris",8.2,12.7,"Cold ❄️","2026-03-19 11:54:46.775836"
1552,"Sevan",6.5,8.7,"Cold ❄️","2026-03-19 11:54:47.073571"
1553,"Ijevan",9.6,9.8,"Cold ❄️","2026-03-19 11:54:47.379048"
1554,"Armavir",15.0,9.4,"Mild 🌤","2026-03-19 11:54:47.766479"
1555,"Artashat",16.4,18.1,"Mild 🌤","2026-03-19 11:54:48.089737"
1556,"Sisian",9.5,15.3,"Cold ❄️","2026-03-19 11:54:48.405813"
2888,"Goris",7.1,10.4,"Cold ❄️","2026-03-19 13:13:14.335902"
2889,"Sevan",6.4,10.0,"Cold ❄️","2026-03-19 13:13:15.818623"
2890,"Ijevan",8.4,8.3,"Cold ❄️","2026-03-19 13:13:16.082676"
2891,"Armavir",14.8,4.1,"Mild 🌤","2026-03-19 13:13:16.365543"
2892,"Artashat",15.9,18.0,"Mild 🌤","2026-03-19 13:13:16.659541"
2893,"Sisian",8.4,14.3,"Cold ❄️","2026-03-19 13:13:16.967566"
2894,"Yerevan",14.4,3.6,"Mild 🌤","2026-03-19 13:13:15.958859"
2895,"Gyumri",7.4,6.7,"Cold ❄️","2026-03-19 13:13:16.235119"
2896,"Vanadzor",7.8,13.1,"Cold ❄️","2026-03-19 13:13:16.549776"
2897,"Dilijan",8.5,11.4,"Cold ❄️","2026-03-19 13:13:16.880809"
2898,"Hrazdan",8.2,1.6,"Cold ❄️","2026-03-19 13:13:17.204768"
2899,"Abovyan",9.7,5.2,"Cold ❄️","2026-03-19 13:13:17.483577"
2900,"Kapan",10.2,9.7,"Mild 🌤","2026-03-19 13:13:17.770247"
2901,"Goris",7.1,10.4,"Cold ❄️","2026-03-19 13:13:18.024461"
2902,"Sevan",6.4,10.0,"Cold ❄️","2026-03-19 13:13:18.290588"
2903,"Ijevan",8.4,8.3,"Cold ❄️","2026-03-19 13:13:18.674078"
2904,"Armavir",14.8,4.1,"Mild 🌤","2026-03-19 13:13:18.977082"
2905,"Artashat",15.9,18.0,"Mild 🌤","2026-03-19 13:13:19.242329"
2906,"Sisian",8.4,14.3,"Cold ❄️","2026-03-19 13:13:19.528156"
2907,"Yerevan",14.4,3.6,"Mild 🌤","2026-03-19 13:13:16.010643"
2908,"Gyumri",7.4,6.7,"Cold ❄️","2026-03-19 13:13:16.280951"
2909,"Vanadzor",7.8,13.1,"Cold ❄️","2026-03-19 13:13:16.551688"
2910,"Dilijan",8.5,11.4,"Cold ❄️","2026-03-19 13:13:16.854112"
2911,"Hrazdan",8.2,1.6,"Cold ❄️","2026-03-19 13:13:17.154881"
2912,"Abovyan",9.7,5.2,"Cold ❄️","2026-03-19 13:13:17.462191"
2913,"Kapan",10.2,9.7,"Mild 🌤","2026-03-19 13:13:17.729942"
2914,"Goris",7.1,10.4,"Cold ❄️","2026-03-19 13:13:18.018602"
2915,"Sevan",6.4,10.0,"Cold ❄️","2026-03-19 13:13:18.287348"
2916,"Ijevan",8.4,8.3,"Cold ❄️","2026-03-19 13:13:18.671634"
2917,"Armavir",14.8,4.1,"Mild 🌤","2026-03-19 13:13:18.97891"
2918,"Artashat",15.9,18.0,"Mild 🌤","2026-03-19 13:13:19.251673"
2919,"Sisian",8.4,14.3,"Cold ❄️","2026-03-19 13:13:19.539585"
2920,"Yerevan",14.4,3.6,"Mild 🌤","2026-03-19 13:13:17.312309"
2921,"Gyumri",7.4,6.7,"Cold ❄️","2026-03-19 13:13:17.599699"
2922,"Vanadzor",7.8,13.1,"Cold ❄️","2026-03-19 13:13:17.858304"
2923,"Dilijan",8.5,11.4,"Cold ❄️","2026-03-19 13:13:18.129076"
2924,"Hrazdan",8.2,1.6,"Cold ❄️","2026-03-19 13:13:18.468594"
2925,"Abovyan",9.7,5.2,"Cold ❄️","2026-03-19 13:13:18.803969"
2926,"Kapan",10.2,9.7,"Mild 🌤","2026-03-19 13:13:19.101932"
2927,"Goris",7.1,10.4,"Cold ❄️","2026-03-19 13:13:19.41897"
2928,"Sevan",6.4,10.0,"Cold ❄️","2026-03-19 13:13:19.688005"
2929,"Ijevan",8.4,8.3,"Cold ❄️","2026-03-19 13:13:19.982568"
2930,"Armavir",14.8,4.1,"Mild 🌤","2026-03-19 13:13:20.244552"
2931,"Artashat",15.9,18.0,"Mild 🌤","2026-03-19 13:13:20.586215"
2932,"Sisian",8.4,14.3,"Cold ❄️","2026-03-19 13:13:20.934334"
2972,"Yerevan",14.4,3.6,"Mild 🌤","2026-03-19 13:13:27.852734"
2973,"Gyumri",7.4,6.7,"Cold ❄️","2026-03-19 13:13:29.032503"
2974,"Vanadzor",7.8,13.1,"Cold ❄️","2026-03-19 13:13:30.051582"
2975,"Dilijan",8.5,11.4,"Cold ❄️","2026-03-19 13:13:31.587551"
2976,"Hrazdan",8.2,1.6,"Cold ❄️","2026-03-19 13:13:32.713778"
2977,"Abovyan",9.7,5.2,"Cold ❄️","2026-03-19 13:13:33.874694"
2978,"Kapan",10.2,9.7,"Mild 🌤","2026-03-19 13:13:35.854649"
2979,"Goris",7.1,10.4,"Cold ❄️","2026-03-19 13:13:37.42607"
2980,"Sevan",6.4,10.0,"Cold ❄️","2026-03-19 13:13:38.654946"
2981,"Ijevan",8.4,8.3,"Cold ❄️","2026-03-19 13:13:39.370079"
2982,"Armavir",14.8,4.1,"Mild 🌤","2026-03-19 13:13:40.037106"
2983,"Artashat",15.9,18.0,"Mild 🌤","2026-03-19 13:13:41.622473"
2984,"Sisian",8.4,14.3,"Cold ❄️","2026-03-19 13:13:42.754206"
2998,"Yerevan",14.4,3.6,"Mild 🌤","2026-03-19 13:14:01.800538"
2999,"Gyumri",7.4,6.7,"Cold ❄️","2026-03-19 13:14:02.924153"
3000,"Vanadzor",7.8,13.1,"Cold ❄️","2026-03-19 13:14:04.156844"
3001,"Dilijan",8.5,11.4,"Cold ❄️","2026-03-19 13:14:05.589932"
3002,"Hrazdan",8.2,1.6,"Cold ❄️","2026-03-19 13:14:06.405906"
3003,"Abovyan",9.7,5.2,"Cold ❄️","2026-03-19 13:14:07.525633"
3004,"Kapan",10.2,9.7,"Mild 🌤","2026-03-19 13:14:08.156867"
3005,"Goris",7.1,10.4,"Cold ❄️","2026-03-19 13:14:08.472298"
3006,"Sevan",6.4,10.0,"Cold ❄️","2026-03-19 13:14:09.291354"
3007,"Ijevan",8.4,8.3,"Cold ❄️","2026-03-19 13:14:10.388891"
3008,"Armavir",14.8,4.1,"Mild 🌤","2026-03-19 13:14:10.665296"
3009,"Artashat",15.9,18.0,"Mild 🌤","2026-03-19 13:14:10.935303"
3010,"Sisian",8.4,14.3,"Cold ❄️","2026-03-19 13:14:11.229251"
3037,"Yerevan",14.4,3.6,"Mild 🌤","2026-03-19 13:14:16.273345"
3038,"Gyumri",7.4,6.7,"Cold ❄️","2026-03-19 13:14:16.567224"
3039,"Vanadzor",7.8,13.1,"Cold ❄️","2026-03-19 13:14:16.852807"
3040,"Dilijan",8.5,11.4,"Cold ❄️","2026-03-19 13:14:17.121162"
3041,"Hrazdan",8.2,1.6,"Cold ❄️","2026-03-19 13:14:17.448856"
3042,"Abovyan",9.7,5.2,"Cold ❄️","2026-03-19 13:14:17.882778"
3043,"Kapan",10.2,9.7,"Mild 🌤","2026-03-19 13:14:18.18939"
3044,"Goris",7.1,10.4,"Cold ❄️","2026-03-19 13:14:18.4531"
3045,"Sevan",6.4,10.0,"Cold ❄️","2026-03-19 13:14:18.740214"
3046,"Ijevan",8.4,8.3,"Cold ❄️","2026-03-19 13:14:19.127835"
3047,"Armavir",14.8,4.1,"Mild 🌤","2026-03-19 13:14:19.455407"
3048,"Artashat",15.9,18.0,"Mild 🌤","2026-03-19 13:14:19.765873"
3049,"Sisian",8.4,14.3,"Cold ❄️","2026-03-19 13:14:20.041066"
3076,"Yerevan",14.4,3.6,"Mild 🌤","2026-03-19 13:14:59.550796"
3077,"Gyumri",7.3,6.4,"Cold ❄️","2026-03-19 13:15:00.68185"
3078,"Vanadzor",7.5,13.1,"Cold ❄️","2026-03-19 13:15:01.894796"
3079,"Dilijan",8.1,10.9,"Cold ❄️","2026-03-19 13:15:03.140298"
3080,"Hrazdan",8.0,4.3,"Cold ❄️","2026-03-19 13:15:04.265906"
3081,"Abovyan",9.6,4.3,"Cold ❄️","2026-03-19 13:15:05.645367"
3082,"Kapan",10.0,9.7,"Cold ❄️","2026-03-19 13:15:06.928158"
3083,"Goris",6.9,9.9,"Cold ❄️","2026-03-19 13:15:08.256634"
1557,"Yerevan",14.7,2.3,"Mild 🌤","2026-03-19 11:54:44.524231"
1558,"Gyumri",7.7,6.0,"Cold ❄️","2026-03-19 11:54:44.807055"
1559,"Vanadzor",8.7,12.9,"Cold ❄️","2026-03-19 11:54:45.160836"
1560,"Dilijan",10.4,11.8,"Mild 🌤","2026-03-19 11:54:45.464341"
1561,"Hrazdan",8.5,3.5,"Cold ❄️","2026-03-19 11:54:45.750855"
1562,"Abovyan",10.2,5.8,"Mild 🌤","2026-03-19 11:54:46.089144"
1563,"Kapan",11.4,9.3,"Mild 🌤","2026-03-19 11:54:46.434081"
1564,"Goris",8.2,12.7,"Cold ❄️","2026-03-19 11:54:46.723976"
1565,"Sevan",6.5,8.7,"Cold ❄️","2026-03-19 11:54:46.99934"
1566,"Ijevan",9.6,9.8,"Cold ❄️","2026-03-19 11:54:47.30893"
1567,"Armavir",15.0,9.4,"Mild 🌤","2026-03-19 11:54:47.761743"
1568,"Artashat",16.4,18.1,"Mild 🌤","2026-03-19 11:54:48.13985"
1569,"Sisian",9.5,15.3,"Cold ❄️","2026-03-19 11:54:48.44037"
2933,"Yerevan",14.4,3.6,"Mild 🌤","2026-03-19 13:13:17.287028"
2934,"Gyumri",7.4,6.7,"Cold ❄️","2026-03-19 13:13:17.576094"
2935,"Vanadzor",7.8,13.1,"Cold ❄️","2026-03-19 13:13:17.856295"
2936,"Dilijan",8.5,11.4,"Cold ❄️","2026-03-19 13:13:18.127474"
2937,"Hrazdan",8.2,1.6,"Cold ❄️","2026-03-19 13:13:18.464609"
2938,"Abovyan",9.7,5.2,"Cold ❄️","2026-03-19 13:13:18.808579"
2939,"Kapan",10.2,9.7,"Mild 🌤","2026-03-19 13:13:19.103631"
2940,"Goris",7.1,10.4,"Cold ❄️","2026-03-19 13:13:19.411223"
2941,"Sevan",6.4,10.0,"Cold ❄️","2026-03-19 13:13:19.690037"
2942,"Ijevan",8.4,8.3,"Cold ❄️","2026-03-19 13:13:19.978327"
2943,"Armavir",14.8,4.1,"Mild 🌤","2026-03-19 13:13:20.271583"
2944,"Artashat",15.9,18.0,"Mild 🌤","2026-03-19 13:13:20.591616"
2945,"Sisian",8.4,14.3,"Cold ❄️","2026-03-19 13:13:20.939025"
2959,"Yerevan",14.4,3.6,"Mild 🌤","2026-03-19 13:13:17.311105"
2960,"Gyumri",7.4,6.7,"Cold ❄️","2026-03-19 13:13:17.614207"
2961,"Vanadzor",7.8,13.1,"Cold ❄️","2026-03-19 13:13:17.898122"
2962,"Dilijan",8.5,11.4,"Cold ❄️","2026-03-19 13:13:18.172768"
2963,"Hrazdan",8.2,1.6,"Cold ❄️","2026-03-19 13:13:18.474639"
2964,"Abovyan",9.7,5.2,"Cold ❄️","2026-03-19 13:13:18.806149"
2965,"Kapan",10.2,9.7,"Mild 🌤","2026-03-19 13:13:19.1053"
2966,"Goris",7.1,10.4,"Cold ❄️","2026-03-19 13:13:19.416185"
2967,"Sevan",6.4,10.0,"Cold ❄️","2026-03-19 13:13:19.696565"
2968,"Ijevan",8.4,8.3,"Cold ❄️","2026-03-19 13:13:20.008055"
2969,"Armavir",14.8,4.1,"Mild 🌤","2026-03-19 13:13:20.334793"
2970,"Artashat",15.9,18.0,"Mild 🌤","2026-03-19 13:13:20.668902"
2971,"Sisian",8.4,14.3,"Cold ❄️","2026-03-19 13:13:21.00675"
3011,"Yerevan",14.4,3.6,"Mild 🌤","2026-03-19 13:14:00.36559"
3012,"Gyumri",7.4,6.7,"Cold ❄️","2026-03-19 13:14:01.803239"
3013,"Vanadzor",7.8,13.1,"Cold ❄️","2026-03-19 13:14:02.927964"
3014,"Dilijan",8.5,11.4,"Cold ❄️","2026-03-19 13:14:04.15374"
3015,"Hrazdan",8.2,1.6,"Cold ❄️","2026-03-19 13:14:05.592465"
3016,"Abovyan",9.7,5.2,"Cold ❄️","2026-03-19 13:14:06.767927"
3017,"Kapan",10.2,9.7,"Mild 🌤","2026-03-19 13:14:07.842341"
3018,"Goris",7.1,10.4,"Cold ❄️","2026-03-19 13:14:08.169675"
3019,"Sevan",6.4,10.0,"Cold ❄️","2026-03-19 13:14:08.506414"
3020,"Ijevan",8.4,8.3,"Cold ❄️","2026-03-19 13:14:10.235608"
3021,"Armavir",14.8,4.1,"Mild 🌤","2026-03-19 13:14:10.615424"
3022,"Artashat",15.9,18.0,"Mild 🌤","2026-03-19 13:14:10.924438"
3023,"Sisian",8.4,14.3,"Cold ❄️","2026-03-19 13:14:11.331626"
3050,"Yerevan",14.4,3.6,"Mild 🌤","2026-03-19 13:14:26.980263"
3051,"Gyumri",7.4,6.7,"Cold ❄️","2026-03-19 13:14:29.959855"
3052,"Vanadzor",7.8,13.1,"Cold ❄️","2026-03-19 13:14:31.390243"
3053,"Dilijan",8.5,11.4,"Cold ❄️","2026-03-19 13:14:32.721419"
3054,"Hrazdan",8.2,1.6,"Cold ❄️","2026-03-19 13:14:33.838935"
3055,"Abovyan",9.7,5.2,"Cold ❄️","2026-03-19 13:14:34.325674"
3056,"Kapan",10.2,9.7,"Mild 🌤","2026-03-19 13:14:35.798095"
3057,"Goris",7.1,10.4,"Cold ❄️","2026-03-19 13:14:36.924462"
3058,"Sevan",6.4,10.0,"Cold ❄️","2026-03-19 13:14:37.943742"
3059,"Ijevan",8.4,8.3,"Cold ❄️","2026-03-19 13:14:39.02103"
3060,"Armavir",14.8,4.1,"Mild 🌤","2026-03-19 13:14:40.2127"
3061,"Artashat",15.9,18.0,"Mild 🌤","2026-03-19 13:14:41.426582"
3062,"Sisian",8.4,14.3,"Cold ❄️","2026-03-19 13:14:42.553513"
3089,"Yerevan",14.3,2.5,"Mild 🌤","2026-03-19 13:15:15.528507"
3090,"Gyumri",7.3,6.4,"Cold ❄️","2026-03-19 13:15:17.061492"
3091,"Vanadzor",7.5,13.1,"Cold ❄️","2026-03-19 13:15:18.399862"
3092,"Dilijan",8.1,10.9,"Cold ❄️","2026-03-19 13:15:19.830696"
3093,"Hrazdan",8.0,4.3,"Cold ❄️","2026-03-19 13:15:20.750939"
3094,"Abovyan",9.6,4.3,"Cold ❄️","2026-03-19 13:15:22.391232"
3095,"Kapan",10.0,9.7,"Cold ❄️","2026-03-19 13:15:23.617766"
3096,"Goris",6.9,9.9,"Cold ❄️","2026-03-19 13:15:24.638858"
3097,"Sevan",6.1,10.3,"Cold ❄️","2026-03-19 13:15:25.765696"
3098,"Ijevan",8.3,7.6,"Cold ❄️","2026-03-19 13:15:26.78818"
3099,"Armavir",14.8,3.3,"Mild 🌤","2026-03-19 13:15:28.01863"
3100,"Artashat",15.8,17.5,"Mild 🌤","2026-03-19 13:15:29.554602"
3101,"Sisian",8.0,13.8,"Cold ❄️","2026-03-19 13:15:30.682017"
3127,"Yerevan",14.3,2.5,"Mild 🌤","2026-03-19 13:15:47.089977"
3128,"Gyumri",7.3,6.4,"Cold ❄️","2026-03-19 13:15:47.461009"
3129,"Vanadzor",7.5,13.1,"Cold ❄️","2026-03-19 13:15:47.777198"
3130,"Dilijan",8.1,10.9,"Cold ❄️","2026-03-19 13:15:48.049267"
3131,"Hrazdan",8.0,4.3,"Cold ❄️","2026-03-19 13:15:48.532172"
3132,"Abovyan",9.6,4.3,"Cold ❄️","2026-03-19 13:15:48.799205"
3133,"Kapan",10.0,9.7,"Cold ❄️","2026-03-19 13:15:49.060592"
3134,"Goris",6.9,9.9,"Cold ❄️","2026-03-19 13:15:49.475377"
3135,"Sevan",6.1,10.3,"Cold ❄️","2026-03-19 13:15:49.755484"
3136,"Ijevan",8.3,7.6,"Cold ❄️","2026-03-19 13:15:50.067447"
3137,"Armavir",14.8,3.3,"Mild 🌤","2026-03-19 13:15:50.375171"
3138,"Artashat",15.8,17.5,"Mild 🌤","2026-03-19 13:15:50.645945"
3139,"Sisian",8.0,13.8,"Cold ❄️","2026-03-19 13:15:50.916942"
3141,"Gyumri",7.3,6.4,"Cold ❄️","2026-03-19 13:15:51.477995"
3142,"Vanadzor",7.5,13.1,"Cold ❄️","2026-03-19 13:15:51.739454"
3143,"Dilijan",8.1,10.9,"Cold ❄️","2026-03-19 13:15:51.99947"
3144,"Hrazdan",8.0,4.3,"Cold ❄️","2026-03-19 13:15:52.264715"
3145,"Abovyan",9.6,4.3,"Cold ❄️","2026-03-19 13:15:52.598624"
3146,"Kapan",10.0,9.7,"Cold ❄️","2026-03-19 13:15:52.929757"
1570,"Yerevan",14.7,2.3,"Mild 🌤","2026-03-19 11:54:51.30967"
1571,"Gyumri",7.7,6.0,"Cold ❄️","2026-03-19 11:54:51.667602"
1572,"Vanadzor",8.7,12.9,"Cold ❄️","2026-03-19 11:54:52.372259"
1573,"Dilijan",10.4,11.8,"Mild 🌤","2026-03-19 11:54:53.870764"
1574,"Hrazdan",8.5,3.5,"Cold ❄️","2026-03-19 11:54:54.895251"
1575,"Abovyan",10.2,5.8,"Mild 🌤","2026-03-19 11:54:55.9843"
1576,"Kapan",11.4,9.3,"Mild 🌤","2026-03-19 11:54:56.528273"
1577,"Goris",8.2,12.7,"Cold ❄️","2026-03-19 11:54:56.913073"
1578,"Sevan",6.5,8.7,"Cold ❄️","2026-03-19 11:54:57.21624"
1579,"Ijevan",9.6,9.8,"Cold ❄️","2026-03-19 11:54:57.599876"
1580,"Armavir",15.0,9.4,"Mild 🌤","2026-03-19 11:54:58.124291"
1581,"Artashat",16.4,18.1,"Mild 🌤","2026-03-19 11:54:58.46333"
1582,"Sisian",9.5,15.3,"Cold ❄️","2026-03-19 11:54:58.994825"
1583,"Yerevan",14.5,2.9,"Mild 🌤","2026-03-19 12:42:29.868376"
1584,"Gyumri",7.5,6.4,"Cold ❄️","2026-03-19 12:42:31.156177"
1585,"Vanadzor",8.2,12.8,"Cold ❄️","2026-03-19 12:42:31.978739"
1586,"Dilijan",9.2,11.4,"Cold ❄️","2026-03-19 12:42:32.605349"
1587,"Hrazdan",8.4,3.2,"Cold ❄️","2026-03-19 12:42:34.068293"
1588,"Abovyan",9.9,5.4,"Cold ❄️","2026-03-19 12:42:34.696725"
1589,"Kapan",10.5,9.3,"Mild 🌤","2026-03-19 12:42:35.53305"
1590,"Goris",7.5,11.5,"Cold ❄️","2026-03-19 12:42:36.059424"
1591,"Sevan",6.5,8.7,"Cold ❄️","2026-03-19 12:42:36.399382"
1592,"Ijevan",8.7,8.9,"Cold ❄️","2026-03-19 12:42:37.040411"
1593,"Armavir",14.8,5.4,"Mild 🌤","2026-03-19 12:42:37.640339"
1594,"Artashat",16.1,18.2,"Mild 🌤","2026-03-19 12:42:37.955179"
1595,"Yerevan",14.5,2.9,"Mild 🌤","2026-03-19 12:42:43.601904"
1596,"Gyumri",7.5,6.4,"Cold ❄️","2026-03-19 12:42:44.023185"
1597,"Vanadzor",8.2,12.8,"Cold ❄️","2026-03-19 12:42:44.341934"
1598,"Dilijan",9.2,11.4,"Cold ❄️","2026-03-19 12:42:44.785193"
1599,"Hrazdan",8.4,3.2,"Cold ❄️","2026-03-19 12:42:45.041288"
1600,"Abovyan",9.9,5.4,"Cold ❄️","2026-03-19 12:42:45.385808"
1601,"Kapan",10.5,9.3,"Mild 🌤","2026-03-19 12:42:45.640078"
1602,"Goris",7.5,11.5,"Cold ❄️","2026-03-19 12:42:45.915484"
1603,"Sevan",6.5,8.7,"Cold ❄️","2026-03-19 12:42:46.16378"
1604,"Ijevan",8.7,8.9,"Cold ❄️","2026-03-19 12:42:46.412636"
1605,"Armavir",14.8,5.4,"Mild 🌤","2026-03-19 12:42:46.656652"
1606,"Artashat",16.1,18.2,"Mild 🌤","2026-03-19 12:42:46.903802"
1607,"Sisian",9.0,14.5,"Cold ❄️","2026-03-19 12:42:47.147444"
1608,"Yerevan",14.5,2.9,"Mild 🌤","2026-03-19 12:42:49.087873"
1609,"Gyumri",7.5,6.4,"Cold ❄️","2026-03-19 12:42:49.393807"
1610,"Vanadzor",8.2,12.8,"Cold ❄️","2026-03-19 12:42:49.647324"
1611,"Dilijan",9.2,11.4,"Cold ❄️","2026-03-19 12:42:49.894866"
1612,"Hrazdan",8.4,3.2,"Cold ❄️","2026-03-19 12:42:50.178949"
1613,"Abovyan",9.9,5.4,"Cold ❄️","2026-03-19 12:42:50.480825"
1614,"Kapan",10.5,9.3,"Mild 🌤","2026-03-19 12:42:50.787465"
1615,"Goris",7.5,11.5,"Cold ❄️","2026-03-19 12:42:51.112358"
1616,"Sevan",6.5,8.7,"Cold ❄️","2026-03-19 12:42:51.364336"
1617,"Ijevan",8.7,8.9,"Cold ❄️","2026-03-19 12:42:51.611629"
1618,"Armavir",14.8,5.4,"Mild 🌤","2026-03-19 12:42:51.873053"
1619,"Artashat",16.1,18.2,"Mild 🌤","2026-03-19 12:42:52.128093"
1620,"Sisian",9.0,14.5,"Cold ❄️","2026-03-19 12:42:52.374008"
1621,"Yerevan",14.5,2.9,"Mild 🌤","2026-03-19 12:42:59.529154"
1622,"Gyumri",7.5,6.4,"Cold ❄️","2026-03-19 12:43:01.927261"
1623,"Vanadzor",8.2,12.8,"Cold ❄️","2026-03-19 12:43:03.071457"
1624,"Dilijan",9.2,11.4,"Cold ❄️","2026-03-19 12:43:04.181004"
1625,"Hrazdan",8.4,3.2,"Cold ❄️","2026-03-19 12:43:05.562815"
1626,"Abovyan",9.9,5.4,"Cold ❄️","2026-03-19 12:43:06.557268"
1627,"Kapan",10.5,9.3,"Mild 🌤","2026-03-19 12:43:07.822718"
1628,"Goris",7.5,11.5,"Cold ❄️","2026-03-19 12:43:08.951489"
1629,"Sevan",6.5,8.7,"Cold ❄️","2026-03-19 12:43:09.964586"
1630,"Ijevan",8.7,8.9,"Cold ❄️","2026-03-19 12:43:11.020488"
1631,"Armavir",14.8,5.4,"Mild 🌤","2026-03-19 12:43:11.501619"
1632,"Artashat",16.1,18.2,"Mild 🌤","2026-03-19 12:43:11.981422"
1633,"Sisian",9.0,14.5,"Cold ❄️","2026-03-19 12:43:12.832107"
1634,"Yerevan",14.5,2.9,"Mild 🌤","2026-03-19 12:43:13.523296"
1635,"Gyumri",7.5,6.4,"Cold ❄️","2026-03-19 12:43:13.778434"
1636,"Vanadzor",8.2,12.8,"Cold ❄️","2026-03-19 12:43:14.110378"
1637,"Dilijan",9.2,11.4,"Cold ❄️","2026-03-19 12:43:14.368345"
1638,"Hrazdan",8.4,3.2,"Cold ❄️","2026-03-19 12:43:14.639368"
1639,"Abovyan",9.9,5.4,"Cold ❄️","2026-03-19 12:43:14.945234"
1640,"Kapan",10.5,9.3,"Mild 🌤","2026-03-19 12:43:15.236006"
1641,"Goris",7.5,11.5,"Cold ❄️","2026-03-19 12:43:15.516457"
1642,"Sevan",6.5,8.7,"Cold ❄️","2026-03-19 12:43:15.763431"
1643,"Ijevan",8.7,8.9,"Cold ❄️","2026-03-19 12:43:16.019587"
1644,"Armavir",14.8,5.4,"Mild 🌤","2026-03-19 12:43:16.272964"
1645,"Artashat",16.1,18.2,"Mild 🌤","2026-03-19 12:43:16.523571"
1646,"Sisian",9.0,14.5,"Cold ❄️","2026-03-19 12:43:16.787062"
1647,"Yerevan",14.5,2.9,"Mild 🌤","2026-03-19 12:43:19.095711"
1648,"Gyumri",7.5,6.4,"Cold ❄️","2026-03-19 12:43:19.342222"
1649,"Vanadzor",8.2,12.8,"Cold ❄️","2026-03-19 12:43:19.605626"
1650,"Dilijan",9.2,11.4,"Cold ❄️","2026-03-19 12:43:19.867722"
1651,"Hrazdan",8.4,3.2,"Cold ❄️","2026-03-19 12:43:20.123543"
1652,"Abovyan",9.9,5.4,"Cold ❄️","2026-03-19 12:43:20.378229"
1653,"Kapan",10.5,9.3,"Mild 🌤","2026-03-19 12:43:20.714578"
1654,"Goris",7.5,11.5,"Cold ❄️","2026-03-19 12:43:21.363957"
1655,"Sevan",6.5,8.7,"Cold ❄️","2026-03-19 12:43:21.633666"
1656,"Ijevan",8.7,8.9,"Cold ❄️","2026-03-19 12:43:22.028784"
1657,"Armavir",14.8,5.4,"Mild 🌤","2026-03-19 12:43:22.274098"
1658,"Artashat",16.1,18.2,"Mild 🌤","2026-03-19 12:43:22.528099"
1659,"Sisian",9.0,14.5,"Cold ❄️","2026-03-19 12:43:22.788878"
1660,"Yerevan",14.5,2.9,"Mild 🌤","2026-03-19 12:43:29.587994"
1661,"Gyumri",7.5,6.4,"Cold ❄️","2026-03-19 12:43:29.89048"
1662,"Vanadzor",8.2,12.8,"Cold ❄️","2026-03-19 12:43:30.148802"
1663,"Dilijan",9.2,11.4,"Cold ❄️","2026-03-19 12:43:30.410121"
1664,"Hrazdan",8.4,3.2,"Cold ❄️","2026-03-19 12:43:30.657774"
1665,"Abovyan",9.9,5.4,"Cold ❄️","2026-03-19 12:43:30.911819"
1666,"Kapan",10.5,9.3,"Mild 🌤","2026-03-19 12:43:31.162366"
1667,"Goris",7.5,11.5,"Cold ❄️","2026-03-19 12:43:31.409689"
1668,"Sevan",6.5,8.7,"Cold ❄️","2026-03-19 12:43:31.669557"
1669,"Ijevan",8.7,8.9,"Cold ❄️","2026-03-19 12:43:31.915891"
1670,"Armavir",14.8,5.4,"Mild 🌤","2026-03-19 12:43:32.16512"
1671,"Artashat",16.1,18.2,"Mild 🌤","2026-03-19 12:43:32.491731"
1672,"Sisian",9.0,14.5,"Cold ❄️","2026-03-19 12:43:32.753758"
1673,"Yerevan",14.5,2.9,"Mild 🌤","2026-03-19 12:43:39.088321"
1674,"Gyumri",7.5,6.4,"Cold ❄️","2026-03-19 12:43:39.339115"
1675,"Vanadzor",8.2,12.8,"Cold ❄️","2026-03-19 12:43:39.586743"
1676,"Dilijan",9.2,11.4,"Cold ❄️","2026-03-19 12:43:39.838279"
1677,"Hrazdan",8.4,3.2,"Cold ❄️","2026-03-19 12:43:40.092364"
1678,"Abovyan",9.9,5.4,"Cold ❄️","2026-03-19 12:43:40.346069"
1679,"Kapan",10.5,9.3,"Mild 🌤","2026-03-19 12:43:40.61981"
1680,"Goris",7.5,11.5,"Cold ❄️","2026-03-19 12:43:40.870717"
1681,"Sevan",6.5,8.7,"Cold ❄️","2026-03-19 12:43:41.122593"
1682,"Ijevan",8.7,8.9,"Cold ❄️","2026-03-19 12:43:41.459263"
1683,"Armavir",14.8,5.4,"Mild 🌤","2026-03-19 12:43:41.70069"
1684,"Artashat",16.1,18.2,"Mild 🌤","2026-03-19 12:43:41.955551"
1685,"Sisian",9.0,14.5,"Cold ❄️","2026-03-19 12:43:42.239418"
1686,"Yerevan",14.5,2.9,"Mild 🌤","2026-03-19 12:43:51.02759"
1687,"Gyumri",7.5,6.4,"Cold ❄️","2026-03-19 12:43:51.744083"
1688,"Vanadzor",8.2,12.8,"Cold ❄️","2026-03-19 12:43:52.236933"
1689,"Dilijan",9.2,11.4,"Cold ❄️","2026-03-19 12:43:53.280935"
1690,"Hrazdan",8.4,3.2,"Cold ❄️","2026-03-19 12:43:53.793857"
1691,"Abovyan",9.9,5.4,"Cold ❄️","2026-03-19 12:43:54.05812"
1692,"Kapan",10.5,9.3,"Mild 🌤","2026-03-19 12:43:54.30923"
1693,"Goris",7.5,11.5,"Cold ❄️","2026-03-19 12:43:54.56923"
1694,"Sevan",6.5,8.7,"Cold ❄️","2026-03-19 12:43:54.822362"
1695,"Ijevan",8.7,8.9,"Cold ❄️","2026-03-19 12:43:55.066561"
1696,"Armavir",14.8,5.4,"Mild 🌤","2026-03-19 12:43:55.325881"
1697,"Artashat",16.1,18.2,"Mild 🌤","2026-03-19 12:43:55.651699"
1698,"Sisian",9.0,14.5,"Cold ❄️","2026-03-19 12:43:55.906896"
1699,"Yerevan",14.5,2.9,"Mild 🌤","2026-03-19 12:43:59.08546"
1700,"Gyumri",7.5,6.4,"Cold ❄️","2026-03-19 12:43:59.347037"
1701,"Vanadzor",8.2,12.8,"Cold ❄️","2026-03-19 12:43:59.59649"
1702,"Dilijan",9.2,11.4,"Cold ❄️","2026-03-19 12:43:59.852737"
1703,"Hrazdan",8.4,3.2,"Cold ❄️","2026-03-19 12:44:00.10474"
1704,"Abovyan",9.9,5.4,"Cold ❄️","2026-03-19 12:44:00.74255"
1705,"Kapan",10.5,9.3,"Mild 🌤","2026-03-19 12:44:00.986539"
1706,"Goris",7.5,11.5,"Cold ❄️","2026-03-19 12:44:01.238633"
1707,"Sevan",6.5,8.7,"Cold ❄️","2026-03-19 12:44:01.494162"
1708,"Ijevan",8.7,8.9,"Cold ❄️","2026-03-19 12:44:01.774245"
1709,"Armavir",14.8,5.4,"Mild 🌤","2026-03-19 12:44:02.025508"
1710,"Artashat",16.1,18.2,"Mild 🌤","2026-03-19 12:44:02.286597"
1711,"Sisian",9.0,14.5,"Cold ❄️","2026-03-19 12:44:02.53417"
1712,"Yerevan",14.5,2.9,"Mild 🌤","2026-03-19 12:44:09.094062"
1713,"Gyumri",7.5,6.4,"Cold ❄️","2026-03-19 12:44:09.354569"
1714,"Vanadzor",8.2,12.8,"Cold ❄️","2026-03-19 12:44:09.975683"
1715,"Dilijan",9.2,11.4,"Cold ❄️","2026-03-19 12:44:10.276183"
1716,"Hrazdan",8.4,3.2,"Cold ❄️","2026-03-19 12:44:10.569493"
1717,"Abovyan",9.9,5.4,"Cold ❄️","2026-03-19 12:44:10.818393"
1718,"Kapan",10.5,9.3,"Mild 🌤","2026-03-19 12:44:11.087918"
1719,"Goris",7.5,11.5,"Cold ❄️","2026-03-19 12:44:11.343898"
1720,"Sevan",6.5,8.7,"Cold ❄️","2026-03-19 12:44:11.587531"
1721,"Ijevan",8.7,8.9,"Cold ❄️","2026-03-19 12:44:11.849919"
1722,"Armavir",14.8,5.4,"Mild 🌤","2026-03-19 12:44:12.120874"
1723,"Artashat",16.1,18.2,"Mild 🌤","2026-03-19 12:44:12.367207"
1724,"Sisian",9.0,14.5,"Cold ❄️","2026-03-19 12:44:12.619269"
1725,"Yerevan",14.5,2.9,"Mild 🌤","2026-03-19 12:44:19.636456"
1726,"Gyumri",7.5,6.4,"Cold ❄️","2026-03-19 12:44:20.012091"
1727,"Vanadzor",8.2,12.8,"Cold ❄️","2026-03-19 12:44:20.359789"
1728,"Dilijan",9.2,11.4,"Cold ❄️","2026-03-19 12:44:20.613153"
1729,"Hrazdan",8.4,3.2,"Cold ❄️","2026-03-19 12:44:21.232021"
1730,"Abovyan",9.9,5.4,"Cold ❄️","2026-03-19 12:44:21.514584"
1731,"Kapan",10.5,9.3,"Mild 🌤","2026-03-19 12:44:21.778289"
1732,"Goris",7.5,11.5,"Cold ❄️","2026-03-19 12:44:22.086142"
1733,"Sevan",6.5,8.7,"Cold ❄️","2026-03-19 12:44:22.833322"
1734,"Ijevan",8.7,8.9,"Cold ❄️","2026-03-19 12:44:23.084304"
1735,"Armavir",14.8,5.4,"Mild 🌤","2026-03-19 12:44:23.33483"
1736,"Artashat",16.1,18.2,"Mild 🌤","2026-03-19 12:44:23.586232"
1737,"Sisian",9.0,14.5,"Cold ❄️","2026-03-19 12:44:23.857937"
1738,"Yerevan",14.5,2.9,"Mild 🌤","2026-03-19 12:44:29.933558"
1739,"Gyumri",7.5,6.4,"Cold ❄️","2026-03-19 12:44:30.847363"
1740,"Vanadzor",8.2,12.8,"Cold ❄️","2026-03-19 12:44:32.393461"
1741,"Dilijan",9.2,11.4,"Cold ❄️","2026-03-19 12:44:33.353242"
1742,"Hrazdan",8.4,3.2,"Cold ❄️","2026-03-19 12:44:33.712735"
1743,"Abovyan",9.9,5.4,"Cold ❄️","2026-03-19 12:44:33.988067"
1744,"Kapan",10.5,9.3,"Mild 🌤","2026-03-19 12:44:34.238378"
1745,"Goris",7.5,11.5,"Cold ❄️","2026-03-19 12:44:34.496351"
1746,"Sevan",6.5,8.7,"Cold ❄️","2026-03-19 12:44:34.7532"
1747,"Ijevan",8.7,8.9,"Cold ❄️","2026-03-19 12:44:35.007594"
1748,"Armavir",14.8,5.4,"Mild 🌤","2026-03-19 12:44:35.255589"
1749,"Artashat",16.1,18.2,"Mild 🌤","2026-03-19 12:44:35.508442"
1750,"Sisian",9.0,14.5,"Cold ❄️","2026-03-19 12:44:35.757689"
1751,"Yerevan",14.5,3.3,"Mild 🌤","2026-03-19 12:57:39.966893"
1752,"Gyumri",7.4,6.5,"Cold ❄️","2026-03-19 12:57:42.346855"
1753,"Vanadzor",7.9,13.1,"Cold ❄️","2026-03-19 12:57:43.167529"
1754,"Dilijan",8.8,11.4,"Cold ❄️","2026-03-19 12:57:43.928958"
1755,"Hrazdan",8.3,0.8,"Cold ❄️","2026-03-19 12:57:44.207888"
1756,"Abovyan",9.8,5.2,"Cold ❄️","2026-03-19 12:57:44.652823"
1757,"Kapan",10.3,9.6,"Mild 🌤","2026-03-19 12:57:45.669115"
1758,"Goris",7.3,10.7,"Cold ❄️","2026-03-19 12:57:45.949874"
1759,"Sevan",6.5,9.3,"Cold ❄️","2026-03-19 12:57:46.236407"
1760,"Ijevan",8.5,8.5,"Cold ❄️","2026-03-19 12:57:47.853681"
1761,"Armavir",14.8,4.7,"Mild 🌤","2026-03-19 12:57:48.133746"
1762,"Artashat",16.0,18.0,"Mild 🌤","2026-03-19 12:57:48.764073"
1763,"Sisian",8.6,14.5,"Cold ❄️","2026-03-19 12:57:49.050143"
1764,"Yerevan",14.5,3.3,"Mild 🌤","2026-03-19 12:57:43.163105"
1765,"Gyumri",7.4,6.5,"Cold ❄️","2026-03-19 12:57:43.931493"
1766,"Vanadzor",7.9,13.1,"Cold ❄️","2026-03-19 12:57:44.201238"
1767,"Dilijan",8.8,11.4,"Cold ❄️","2026-03-19 12:57:44.466697"
1768,"Hrazdan",8.3,0.8,"Cold ❄️","2026-03-19 12:57:44.907759"
1769,"Abovyan",9.8,5.2,"Cold ❄️","2026-03-19 12:57:45.181945"
1770,"Kapan",10.3,9.6,"Mild 🌤","2026-03-19 12:57:45.46266"
1771,"Goris",7.3,10.7,"Cold ❄️","2026-03-19 12:57:45.823712"
1772,"Sevan",6.5,9.3,"Cold ❄️","2026-03-19 12:57:47.139203"
1773,"Ijevan",8.5,8.5,"Cold ❄️","2026-03-19 12:57:48.529789"
1774,"Armavir",14.8,4.7,"Mild 🌤","2026-03-19 12:57:48.897673"
1775,"Artashat",16.0,18.0,"Mild 🌤","2026-03-19 12:57:49.557183"
1776,"Sisian",8.6,14.5,"Cold ❄️","2026-03-19 12:57:49.842757"
1777,"Yerevan",14.5,3.3,"Mild 🌤","2026-03-19 12:57:49.935074"
1778,"Gyumri",7.4,6.5,"Cold ❄️","2026-03-19 12:57:50.409032"
1779,"Vanadzor",7.9,13.1,"Cold ❄️","2026-03-19 12:57:50.680989"
1780,"Dilijan",8.8,11.4,"Cold ❄️","2026-03-19 12:57:50.988093"
1781,"Hrazdan",8.3,0.8,"Cold ❄️","2026-03-19 12:57:51.255452"
1782,"Abovyan",9.8,5.2,"Cold ❄️","2026-03-19 12:57:51.535858"
1783,"Kapan",10.3,9.6,"Mild 🌤","2026-03-19 12:57:51.832198"
1784,"Goris",7.3,10.7,"Cold ❄️","2026-03-19 12:57:52.084553"
1785,"Sevan",6.5,9.3,"Cold ❄️","2026-03-19 12:57:52.339263"
1786,"Ijevan",8.5,8.5,"Cold ❄️","2026-03-19 12:57:52.594207"
1787,"Armavir",14.8,4.7,"Mild 🌤","2026-03-19 12:57:52.875124"
1788,"Artashat",16.0,18.0,"Mild 🌤","2026-03-19 12:57:53.131889"
1789,"Sisian",8.6,14.5,"Cold ❄️","2026-03-19 12:57:53.395257"
1790,"Yerevan",14.5,3.3,"Mild 🌤","2026-03-19 12:58:00.955598"
1791,"Gyumri",7.4,6.5,"Cold ❄️","2026-03-19 12:58:02.28897"
1792,"Vanadzor",7.9,13.1,"Cold ❄️","2026-03-19 12:58:04.236498"
1793,"Dilijan",8.8,11.4,"Cold ❄️","2026-03-19 12:58:05.566001"
1794,"Hrazdan",8.3,0.8,"Cold ❄️","2026-03-19 12:58:06.691673"
1795,"Abovyan",9.8,5.2,"Cold ❄️","2026-03-19 12:58:07.85491"
1796,"Kapan",10.3,9.6,"Mild 🌤","2026-03-19 12:58:08.53342"
1797,"Goris",7.3,10.7,"Cold ❄️","2026-03-19 12:58:09.769537"
1798,"Sevan",6.5,9.3,"Cold ❄️","2026-03-19 12:58:10.333079"
1799,"Ijevan",8.5,8.5,"Cold ❄️","2026-03-19 12:58:10.992256"
1800,"Armavir",14.8,4.7,"Mild 🌤","2026-03-19 12:58:11.408618"
1801,"Artashat",16.0,18.0,"Mild 🌤","2026-03-19 12:58:11.886386"
1802,"Sisian",8.6,14.5,"Cold ❄️","2026-03-19 12:58:12.734751"
1803,"Yerevan",14.5,3.3,"Mild 🌤","2026-03-19 12:58:13.858111"
1804,"Gyumri",7.4,6.5,"Cold ❄️","2026-03-19 12:58:14.991099"
1805,"Vanadzor",7.9,13.1,"Cold ❄️","2026-03-19 12:58:19.595924"
1806,"Dilijan",8.8,11.4,"Cold ❄️","2026-03-19 12:58:22.25869"
1807,"Hrazdan",8.3,0.8,"Cold ❄️","2026-03-19 12:58:23.690487"
1808,"Abovyan",9.8,5.2,"Cold ❄️","2026-03-19 12:58:25.004696"
1809,"Kapan",10.3,9.6,"Mild 🌤","2026-03-19 12:58:25.842955"
1810,"Goris",7.3,10.7,"Cold ❄️","2026-03-19 12:58:26.762165"
1811,"Sevan",6.5,9.3,"Cold ❄️","2026-03-19 12:58:29.224766"
1812,"Ijevan",8.5,8.5,"Cold ❄️","2026-03-19 12:58:30.655826"
1813,"Armavir",14.8,4.7,"Mild 🌤","2026-03-19 12:58:31.854549"
1814,"Artashat",16.0,18.0,"Mild 🌤","2026-03-19 12:58:32.701917"
1815,"Sisian",8.6,14.5,"Cold ❄️","2026-03-19 12:58:33.838686"
1816,"Yerevan",14.5,3.3,"Mild 🌤","2026-03-19 12:58:34.66615"
1817,"Gyumri",7.4,6.5,"Cold ❄️","2026-03-19 12:58:35.886257"
1818,"Vanadzor",7.9,13.1,"Cold ❄️","2026-03-19 12:58:36.798092"
1819,"Dilijan",8.8,11.4,"Cold ❄️","2026-03-19 12:58:37.924123"
1820,"Hrazdan",8.3,0.8,"Cold ❄️","2026-03-19 12:58:39.255678"
1821,"Abovyan",9.8,5.2,"Cold ❄️","2026-03-19 12:58:40.484155"
1822,"Kapan",10.3,9.6,"Mild 🌤","2026-03-19 12:58:41.842084"
1823,"Goris",7.3,10.7,"Cold ❄️","2026-03-19 12:58:43.351512"
1824,"Sevan",6.5,9.3,"Cold ❄️","2026-03-19 12:58:44.074456"
1825,"Ijevan",8.5,8.5,"Cold ❄️","2026-03-19 12:58:45.501913"
1826,"Armavir",14.8,4.7,"Mild 🌤","2026-03-19 12:58:46.737733"
1827,"Artashat",16.0,18.0,"Mild 🌤","2026-03-19 12:58:47.859606"
1828,"Sisian",8.6,14.5,"Cold ❄️","2026-03-19 12:58:48.427297"
1829,"Yerevan",14.5,3.3,"Mild 🌤","2026-03-19 12:58:49.493646"
1830,"Gyumri",7.4,6.5,"Cold ❄️","2026-03-19 12:58:50.00056"
1831,"Vanadzor",7.9,13.1,"Cold ❄️","2026-03-19 12:58:50.280703"
1832,"Dilijan",8.8,11.4,"Cold ❄️","2026-03-19 12:58:50.818984"
1833,"Hrazdan",8.3,0.8,"Cold ❄️","2026-03-19 12:58:51.180261"
1834,"Abovyan",9.8,5.2,"Cold ❄️","2026-03-19 12:58:51.453592"
1835,"Kapan",10.3,9.6,"Mild 🌤","2026-03-19 12:58:51.71503"
1836,"Goris",7.3,10.7,"Cold ❄️","2026-03-19 12:58:51.988996"
1837,"Sevan",6.5,9.3,"Cold ❄️","2026-03-19 12:58:52.455584"
1838,"Ijevan",8.5,8.5,"Cold ❄️","2026-03-19 12:58:52.813611"
1839,"Armavir",14.8,4.7,"Mild 🌤","2026-03-19 12:58:53.089652"
1840,"Artashat",16.0,18.0,"Mild 🌤","2026-03-19 12:58:53.475266"
1841,"Sisian",8.6,14.5,"Cold ❄️","2026-03-19 12:58:53.756571"
1842,"Yerevan",14.5,3.3,"Mild 🌤","2026-03-19 12:58:54.028687"
1843,"Gyumri",7.4,6.5,"Cold ❄️","2026-03-19 12:58:54.302556"
1844,"Vanadzor",7.9,13.1,"Cold ❄️","2026-03-19 12:58:54.587551"
1845,"Dilijan",8.8,11.4,"Cold ❄️","2026-03-19 12:58:54.891044"
1846,"Hrazdan",8.3,0.8,"Cold ❄️","2026-03-19 12:58:55.206063"
1847,"Abovyan",9.8,5.2,"Cold ❄️","2026-03-19 12:58:55.475329"
1848,"Kapan",10.3,9.6,"Mild 🌤","2026-03-19 12:58:55.761201"
1849,"Goris",7.3,10.7,"Cold ❄️","2026-03-19 12:58:56.595516"
1850,"Sevan",6.5,9.3,"Cold ❄️","2026-03-19 12:58:56.901786"
1851,"Ijevan",8.5,8.5,"Cold ❄️","2026-03-19 12:58:57.247572"
1852,"Armavir",14.8,4.7,"Mild 🌤","2026-03-19 12:58:57.51837"
1853,"Artashat",16.0,18.0,"Mild 🌤","2026-03-19 12:58:57.787159"
1854,"Sisian",8.6,14.5,"Cold ❄️","2026-03-19 12:58:58.120173"
1855,"Yerevan",14.5,3.3,"Mild 🌤","2026-03-19 12:58:58.436835"
1856,"Gyumri",7.4,6.5,"Cold ❄️","2026-03-19 12:58:59.633308"
1857,"Vanadzor",7.9,13.1,"Cold ❄️","2026-03-19 12:59:00.738009"
1858,"Dilijan",8.8,11.4,"Cold ❄️","2026-03-19 12:59:01.789782"
1859,"Hrazdan",8.3,0.8,"Cold ❄️","2026-03-19 12:59:02.915485"
1860,"Abovyan",9.8,5.2,"Cold ❄️","2026-03-19 12:59:04.246257"
1861,"Kapan",10.3,9.6,"Mild 🌤","2026-03-19 12:59:05.574817"
1862,"Goris",7.3,10.7,"Cold ❄️","2026-03-19 12:59:06.909272"
1863,"Sevan",6.5,9.3,"Cold ❄️","2026-03-19 12:59:08.137768"
1864,"Ijevan",8.5,8.5,"Cold ❄️","2026-03-19 12:59:09.580823"
1865,"Armavir",14.8,4.7,"Mild 🌤","2026-03-19 12:59:10.592259"
1866,"Artashat",16.0,18.0,"Mild 🌤","2026-03-19 12:59:11.85471"
1867,"Sisian",8.6,14.5,"Cold ❄️","2026-03-19 12:59:12.849157"
1868,"Yerevan",14.5,3.3,"Mild 🌤","2026-03-19 12:59:14.17372"
1869,"Gyumri",7.4,6.5,"Cold ❄️","2026-03-19 12:59:15.305854"
1870,"Vanadzor",7.9,13.1,"Cold ❄️","2026-03-19 12:59:16.327458"
1871,"Dilijan",8.8,11.4,"Cold ❄️","2026-03-19 12:59:17.555495"
1872,"Hrazdan",8.3,0.8,"Cold ❄️","2026-03-19 12:59:18.99265"
1873,"Abovyan",9.8,5.2,"Cold ❄️","2026-03-19 12:59:20.946065"
1874,"Kapan",10.3,9.6,"Mild 🌤","2026-03-19 12:59:22.16395"
1875,"Goris",7.3,10.7,"Cold ❄️","2026-03-19 12:59:23.821089"
1876,"Sevan",6.5,9.3,"Cold ❄️","2026-03-19 12:59:26.667468"
1877,"Ijevan",8.5,8.5,"Cold ❄️","2026-03-19 12:59:27.796762"
1878,"Armavir",14.8,4.7,"Mild 🌤","2026-03-19 12:59:30.34117"
1879,"Artashat",16.0,18.0,"Mild 🌤","2026-03-19 12:59:31.992936"
1880,"Sisian",8.6,14.5,"Cold ❄️","2026-03-19 12:59:33.431608"
1881,"Yerevan",14.5,3.3,"Mild 🌤","2026-03-19 12:59:34.036553"
1882,"Gyumri",7.4,6.5,"Cold ❄️","2026-03-19 12:59:35.230069"
1883,"Vanadzor",7.9,13.1,"Cold ❄️","2026-03-19 12:59:36.468753"
1884,"Dilijan",8.8,11.4,"Cold ❄️","2026-03-19 12:59:42.031232"
1885,"Hrazdan",8.3,0.8,"Cold ❄️","2026-03-19 12:59:44.077808"
1886,"Abovyan",9.8,5.2,"Cold ❄️","2026-03-19 12:59:45.518968"
1887,"Kapan",10.3,9.6,"Mild 🌤","2026-03-19 12:59:46.437931"
1888,"Goris",7.3,10.7,"Cold ❄️","2026-03-19 12:59:47.883472"
1889,"Sevan",6.5,9.3,"Cold ❄️","2026-03-19 12:59:49.503282"
1890,"Ijevan",8.5,8.5,"Cold ❄️","2026-03-19 12:59:50.528071"
1891,"Armavir",14.8,4.7,"Mild 🌤","2026-03-19 12:59:51.659029"
1892,"Artashat",16.0,18.0,"Mild 🌤","2026-03-19 12:59:52.678257"
1893,"Sisian",8.6,14.5,"Cold ❄️","2026-03-19 12:59:54.316175"
1894,"Yerevan",14.5,3.3,"Mild 🌤","2026-03-19 12:59:55.74824"
1895,"Gyumri",7.4,6.5,"Cold ❄️","2026-03-19 12:59:56.984221"
1896,"Vanadzor",7.9,13.1,"Cold ❄️","2026-03-19 12:59:58.213009"
1897,"Goris",7.1,10.4,"Cold ❄️","2026-03-19 13:00:10.598106"
1898,"Sevan",6.4,10.0,"Cold ❄️","2026-03-19 13:00:13.363017"
1899,"Ijevan",8.4,8.3,"Cold ❄️","2026-03-19 13:00:15.51724"
1900,"Armavir",14.8,4.1,"Mild 🌤","2026-03-19 13:00:17.254255"
1901,"Artashat",15.9,18.0,"Mild 🌤","2026-03-19 13:00:19.307982"
1902,"Sisian",8.4,14.3,"Cold ❄️","2026-03-19 13:00:20.958592"
1903,"Yerevan",14.4,3.6,"Mild 🌤","2026-03-19 13:00:22.987217"
1904,"Gyumri",7.4,6.7,"Cold ❄️","2026-03-19 13:00:24.730002"
1905,"Vanadzor",7.8,13.1,"Cold ❄️","2026-03-19 13:00:26.572926"
1906,"Dilijan",8.5,11.4,"Cold ❄️","2026-03-19 13:00:28.213271"
1907,"Hrazdan",8.2,1.6,"Cold ❄️","2026-03-19 13:00:29.647128"
1908,"Abovyan",9.7,5.2,"Cold ❄️","2026-03-19 13:00:30.669228"
1909,"Kapan",10.2,9.7,"Mild 🌤","2026-03-19 13:00:31.851297"
1910,"Goris",7.1,10.4,"Cold ❄️","2026-03-19 13:00:32.979908"
1911,"Sevan",6.4,10.0,"Cold ❄️","2026-03-19 13:00:33.949622"
1912,"Ijevan",8.4,8.3,"Cold ❄️","2026-03-19 13:00:35.890007"
1913,"Armavir",14.8,4.1,"Mild 🌤","2026-03-19 13:00:36.65316"
1914,"Artashat",15.9,18.0,"Mild 🌤","2026-03-19 13:00:37.94088"
1915,"Sisian",8.4,14.3,"Cold ❄️","2026-03-19 13:00:39.271094"
1916,"Yerevan",14.4,3.6,"Mild 🌤","2026-03-19 13:00:40.192952"
1917,"Gyumri",7.4,6.7,"Cold ❄️","2026-03-19 13:00:41.628564"
1918,"Vanadzor",7.8,13.1,"Cold ❄️","2026-03-19 13:00:42.096427"
1919,"Dilijan",8.5,11.4,"Cold ❄️","2026-03-19 13:00:42.37943"
1920,"Hrazdan",8.2,1.6,"Cold ❄️","2026-03-19 13:00:42.651718"
1921,"Abovyan",9.7,5.2,"Cold ❄️","2026-03-19 13:00:42.995257"
1922,"Kapan",10.2,9.7,"Mild 🌤","2026-03-19 13:00:43.285046"
1923,"Goris",7.1,10.4,"Cold ❄️","2026-03-19 13:00:43.552275"
1924,"Sevan",6.4,10.0,"Cold ❄️","2026-03-19 13:00:43.83205"
1925,"Ijevan",8.4,8.3,"Cold ❄️","2026-03-19 13:00:44.110999"
1926,"Armavir",14.8,4.1,"Mild 🌤","2026-03-19 13:00:44.398234"
1927,"Artashat",15.9,18.0,"Mild 🌤","2026-03-19 13:00:44.711368"
1928,"Sisian",8.4,14.3,"Cold ❄️","2026-03-19 13:00:45.029333"
1929,"Yerevan",14.4,3.6,"Mild 🌤","2026-03-19 13:00:40.011978"
1930,"Gyumri",7.4,6.7,"Cold ❄️","2026-03-19 13:00:41.317083"
1931,"Vanadzor",7.8,13.1,"Cold ❄️","2026-03-19 13:00:42.03764"
1932,"Dilijan",8.5,11.4,"Cold ❄️","2026-03-19 13:00:42.331155"
1933,"Hrazdan",8.2,1.6,"Cold ❄️","2026-03-19 13:00:42.654701"
1934,"Abovyan",9.7,5.2,"Cold ❄️","2026-03-19 13:00:43.03751"
1935,"Kapan",10.2,9.7,"Mild 🌤","2026-03-19 13:00:43.304138"
1936,"Goris",7.1,10.4,"Cold ❄️","2026-03-19 13:00:43.605563"
1937,"Sevan",6.4,10.0,"Cold ❄️","2026-03-19 13:00:43.869294"
1938,"Ijevan",8.4,8.3,"Cold ❄️","2026-03-19 13:00:44.14046"
1939,"Armavir",14.8,4.1,"Mild 🌤","2026-03-19 13:00:44.424224"
1940,"Artashat",15.9,18.0,"Mild 🌤","2026-03-19 13:00:44.772323"
1941,"Sisian",8.4,14.3,"Cold ❄️","2026-03-19 13:00:45.054615"
1942,"Yerevan",14.4,3.6,"Mild 🌤","2026-03-19 13:00:45.365674"
1943,"Gyumri",7.4,6.7,"Cold ❄️","2026-03-19 13:00:45.676161"
1944,"Vanadzor",7.8,13.1,"Cold ❄️","2026-03-19 13:00:45.941342"
1945,"Dilijan",8.5,11.4,"Cold ❄️","2026-03-19 13:00:46.203486"
1946,"Hrazdan",8.2,1.6,"Cold ❄️","2026-03-19 13:00:46.483618"
1947,"Abovyan",9.7,5.2,"Cold ❄️","2026-03-19 13:00:46.788962"
1948,"Kapan",10.2,9.7,"Mild 🌤","2026-03-19 13:00:47.055867"
1949,"Goris",7.1,10.4,"Cold ❄️","2026-03-19 13:00:47.330224"
1950,"Sevan",6.4,10.0,"Cold ❄️","2026-03-19 13:00:47.578238"
1951,"Ijevan",8.4,8.3,"Cold ❄️","2026-03-19 13:00:47.857466"
1952,"Armavir",14.8,4.1,"Mild 🌤","2026-03-19 13:00:48.119596"
1953,"Artashat",15.9,18.0,"Mild 🌤","2026-03-19 13:00:48.41084"
1954,"Sisian",8.4,14.3,"Cold ❄️","2026-03-19 13:00:48.699867"
1955,"Yerevan",14.4,3.6,"Mild 🌤","2026-03-19 13:00:45.394908"
1956,"Gyumri",7.4,6.7,"Cold ❄️","2026-03-19 13:00:45.698828"
1957,"Vanadzor",7.8,13.1,"Cold ❄️","2026-03-19 13:00:45.999272"
1958,"Dilijan",8.5,11.4,"Cold ❄️","2026-03-19 13:00:46.299224"
1959,"Hrazdan",8.2,1.6,"Cold ❄️","2026-03-19 13:00:46.578897"
1960,"Abovyan",9.7,5.2,"Cold ❄️","2026-03-19 13:00:46.885257"
1961,"Kapan",10.2,9.7,"Mild 🌤","2026-03-19 13:00:47.177501"
1962,"Goris",7.1,10.4,"Cold ❄️","2026-03-19 13:00:47.489285"
1963,"Sevan",6.4,10.0,"Cold ❄️","2026-03-19 13:00:47.798272"
1964,"Ijevan",8.4,8.3,"Cold ❄️","2026-03-19 13:00:48.067935"
1965,"Armavir",14.8,4.1,"Mild 🌤","2026-03-19 13:00:48.352651"
1966,"Artashat",15.9,18.0,"Mild 🌤","2026-03-19 13:00:48.645284"
1967,"Sisian",8.4,14.3,"Cold ❄️","2026-03-19 13:00:48.955148"
1968,"Yerevan",14.4,3.6,"Mild 🌤","2026-03-19 13:00:45.362939"
1969,"Gyumri",7.4,6.7,"Cold ❄️","2026-03-19 13:00:45.692056"
1970,"Vanadzor",7.8,13.1,"Cold ❄️","2026-03-19 13:00:45.991277"
1971,"Dilijan",8.5,11.4,"Cold ❄️","2026-03-19 13:00:46.312225"
1972,"Hrazdan",8.2,1.6,"Cold ❄️","2026-03-19 13:00:46.605991"
1973,"Abovyan",9.7,5.2,"Cold ❄️","2026-03-19 13:00:46.908617"
1974,"Kapan",10.2,9.7,"Mild 🌤","2026-03-19 13:00:47.193497"
1975,"Goris",7.1,10.4,"Cold ❄️","2026-03-19 13:00:47.493123"
1976,"Sevan",6.4,10.0,"Cold ❄️","2026-03-19 13:00:47.824334"
1977,"Ijevan",8.4,8.3,"Cold ❄️","2026-03-19 13:00:48.109017"
1978,"Armavir",14.8,4.1,"Mild 🌤","2026-03-19 13:00:48.406735"
1979,"Artashat",15.9,18.0,"Mild 🌤","2026-03-19 13:00:48.694197"
1980,"Sisian",8.4,14.3,"Cold ❄️","2026-03-19 13:00:48.9886"
1981,"Yerevan",14.4,3.6,"Mild 🌤","2026-03-19 13:00:45.389833"
1982,"Gyumri",7.4,6.7,"Cold ❄️","2026-03-19 13:00:45.737212"
1983,"Vanadzor",7.8,13.1,"Cold ❄️","2026-03-19 13:00:45.99537"
1984,"Dilijan",8.5,11.4,"Cold ❄️","2026-03-19 13:00:46.315818"
1985,"Hrazdan",8.2,1.6,"Cold ❄️","2026-03-19 13:00:46.603564"
1986,"Abovyan",9.7,5.2,"Cold ❄️","2026-03-19 13:00:46.915763"
1987,"Kapan",10.2,9.7,"Mild 🌤","2026-03-19 13:00:47.191161"
1988,"Goris",7.1,10.4,"Cold ❄️","2026-03-19 13:00:47.502204"
1989,"Sevan",6.4,10.0,"Cold ❄️","2026-03-19 13:00:47.827741"
1990,"Ijevan",8.4,8.3,"Cold ❄️","2026-03-19 13:00:48.095562"
1991,"Armavir",14.8,4.1,"Mild 🌤","2026-03-19 13:00:48.39354"
1992,"Artashat",15.9,18.0,"Mild 🌤","2026-03-19 13:00:48.690244"
1993,"Sisian",8.4,14.3,"Cold ❄️","2026-03-19 13:00:49.009055"
1994,"Yerevan",14.4,3.6,"Mild 🌤","2026-03-19 13:00:45.392787"
1995,"Gyumri",7.4,6.7,"Cold ❄️","2026-03-19 13:00:45.740635"
1996,"Vanadzor",7.8,13.1,"Cold ❄️","2026-03-19 13:00:46.000992"
1997,"Dilijan",8.5,11.4,"Cold ❄️","2026-03-19 13:00:46.309082"
1998,"Hrazdan",8.2,1.6,"Cold ❄️","2026-03-19 13:00:46.607177"
1999,"Abovyan",9.7,5.2,"Cold ❄️","2026-03-19 13:00:46.891518"
2000,"Kapan",10.2,9.7,"Mild 🌤","2026-03-19 13:00:47.184099"
2001,"Goris",7.1,10.4,"Cold ❄️","2026-03-19 13:00:47.497659"
2002,"Sevan",6.4,10.0,"Cold ❄️","2026-03-19 13:00:48.089767"
2003,"Ijevan",8.4,8.3,"Cold ❄️","2026-03-19 13:00:48.389206"
2004,"Armavir",14.8,4.1,"Mild 🌤","2026-03-19 13:00:48.683745"
2005,"Artashat",15.9,18.0,"Mild 🌤","2026-03-19 13:00:48.96996"
2006,"Sisian",8.4,14.3,"Cold ❄️","2026-03-19 13:00:49.266383"
2007,"Yerevan",14.4,3.6,"Mild 🌤","2026-03-19 13:00:51.306121"
2008,"Gyumri",7.4,6.7,"Cold ❄️","2026-03-19 13:00:51.587783"
2009,"Vanadzor",7.8,13.1,"Cold ❄️","2026-03-19 13:00:51.882661"
2010,"Dilijan",8.5,11.4,"Cold ❄️","2026-03-19 13:00:53.201429"
2011,"Hrazdan",8.2,1.6,"Cold ❄️","2026-03-19 13:00:54.431851"
2012,"Abovyan",9.7,5.2,"Cold ❄️","2026-03-19 13:00:55.862253"
2013,"Kapan",10.2,9.7,"Mild 🌤","2026-03-19 13:00:56.645232"
2014,"Goris",7.1,10.4,"Cold ❄️","2026-03-19 13:00:57.816439"
2015,"Sevan",6.4,10.0,"Cold ❄️","2026-03-19 13:00:58.937568"
2016,"Ijevan",8.4,8.3,"Cold ❄️","2026-03-19 13:01:00.266106"
2017,"Armavir",14.8,4.1,"Mild 🌤","2026-03-19 13:01:01.39225"
2018,"Artashat",15.9,18.0,"Mild 🌤","2026-03-19 13:01:02.619109"
2019,"Sisian",8.4,14.3,"Cold ❄️","2026-03-19 13:01:03.854431"
2020,"Yerevan",14.4,3.6,"Mild 🌤","2026-03-19 13:01:05.38237"
2021,"Gyumri",7.4,6.7,"Cold ❄️","2026-03-19 13:01:06.614299"
2022,"Vanadzor",7.8,13.1,"Cold ❄️","2026-03-19 13:01:07.902987"
2023,"Dilijan",8.5,11.4,"Cold ❄️","2026-03-19 13:01:09.377109"
2024,"Hrazdan",8.2,1.6,"Cold ❄️","2026-03-19 13:01:11.324602"
2025,"Abovyan",9.7,5.2,"Cold ❄️","2026-03-19 13:01:12.176117"
2026,"Goris",7.1,10.4,"Cold ❄️","2026-03-19 13:01:18.204905"
2027,"Sevan",6.4,10.0,"Cold ❄️","2026-03-19 13:01:19.293298"
2028,"Ijevan",8.4,8.3,"Cold ❄️","2026-03-19 13:01:20.06463"
2029,"Armavir",14.8,4.1,"Mild 🌤","2026-03-19 13:01:20.966091"
2030,"Artashat",15.9,18.0,"Mild 🌤","2026-03-19 13:01:22.412975"
2031,"Sisian",8.4,14.3,"Cold ❄️","2026-03-19 13:01:23.886671"
2032,"Yerevan",14.4,3.6,"Mild 🌤","2026-03-19 13:01:25.147158"
2033,"Gyumri",7.4,6.7,"Cold ❄️","2026-03-19 13:01:26.683705"
2034,"Vanadzor",7.8,13.1,"Cold ❄️","2026-03-19 13:01:27.606774"
2035,"Dilijan",8.5,11.4,"Cold ❄️","2026-03-19 13:01:28.322556"
2036,"Hrazdan",8.2,1.6,"Cold ❄️","2026-03-19 13:01:29.244969"
2037,"Abovyan",9.7,5.2,"Cold ❄️","2026-03-19 13:01:29.96031"
2038,"Kapan",10.2,9.7,"Mild 🌤","2026-03-19 13:01:31.19395"
2039,"Goris",7.1,10.4,"Cold ❄️","2026-03-19 13:01:32.214759"
2040,"Sevan",6.4,10.0,"Cold ❄️","2026-03-19 13:01:33.651664"
2041,"Ijevan",8.4,8.3,"Cold ❄️","2026-03-19 13:01:34.549844"
2042,"Armavir",14.8,4.1,"Mild 🌤","2026-03-19 13:01:35.307355"
2043,"Artashat",15.9,18.0,"Mild 🌤","2026-03-19 13:01:35.964659"
2044,"Sisian",8.4,14.3,"Cold ❄️","2026-03-19 13:01:36.299257"
2045,"Yerevan",14.4,3.6,"Mild 🌤","2026-03-19 13:01:36.685758"
2046,"Gyumri",7.4,6.7,"Cold ❄️","2026-03-19 13:01:37.064854"
2047,"Vanadzor",7.8,13.1,"Cold ❄️","2026-03-19 13:01:37.339053"
2048,"Dilijan",8.5,11.4,"Cold ❄️","2026-03-19 13:01:37.662077"
2049,"Hrazdan",8.2,1.6,"Cold ❄️","2026-03-19 13:01:37.951731"
2050,"Abovyan",9.7,5.2,"Cold ❄️","2026-03-19 13:01:38.32444"
2051,"Kapan",10.2,9.7,"Mild 🌤","2026-03-19 13:01:38.733983"
2052,"Goris",7.1,10.4,"Cold ❄️","2026-03-19 13:01:39.034571"
2053,"Sevan",6.4,10.0,"Cold ❄️","2026-03-19 13:01:39.391351"
2054,"Ijevan",8.4,8.3,"Cold ❄️","2026-03-19 13:01:39.685311"
2055,"Armavir",14.8,4.1,"Mild 🌤","2026-03-19 13:01:39.991207"
2056,"Artashat",15.9,18.0,"Mild 🌤","2026-03-19 13:01:40.355768"
2057,"Sisian",8.4,14.3,"Cold ❄️","2026-03-19 13:01:40.707955"
2058,"Yerevan",14.4,3.6,"Mild 🌤","2026-03-19 13:01:41.064523"
2059,"Gyumri",7.4,6.7,"Cold ❄️","2026-03-19 13:01:41.420213"
2060,"Vanadzor",7.8,13.1,"Cold ❄️","2026-03-19 13:01:41.725132"
2061,"Dilijan",8.5,11.4,"Cold ❄️","2026-03-19 13:01:42.070711"
2062,"Hrazdan",8.2,1.6,"Cold ❄️","2026-03-19 13:01:42.415966"
2063,"Abovyan",9.7,5.2,"Cold ❄️","2026-03-19 13:01:42.793125"
2064,"Kapan",10.2,9.7,"Mild 🌤","2026-03-19 13:01:43.103798"
2065,"Goris",7.1,10.4,"Cold ❄️","2026-03-19 13:01:43.507259"
2066,"Sevan",6.4,10.0,"Cold ❄️","2026-03-19 13:01:43.790699"
2067,"Ijevan",8.4,8.3,"Cold ❄️","2026-03-19 13:01:44.063099"
2068,"Armavir",14.8,4.1,"Mild 🌤","2026-03-19 13:01:44.339098"
2069,"Artashat",15.9,18.0,"Mild 🌤","2026-03-19 13:01:44.657312"
2070,"Sisian",8.4,14.3,"Cold ❄️","2026-03-19 13:01:44.949487"
2071,"Yerevan",14.4,3.6,"Mild 🌤","2026-03-19 13:01:45.341927"
2072,"Gyumri",7.4,6.7,"Cold ❄️","2026-03-19 13:01:45.793276"
2073,"Vanadzor",7.8,13.1,"Cold ❄️","2026-03-19 13:01:46.140624"
2074,"Dilijan",8.5,11.4,"Cold ❄️","2026-03-19 13:01:46.510625"
2075,"Hrazdan",8.2,1.6,"Cold ❄️","2026-03-19 13:01:46.896506"
2076,"Abovyan",9.7,5.2,"Cold ❄️","2026-03-19 13:01:47.168725"
2077,"Kapan",10.2,9.7,"Mild 🌤","2026-03-19 13:01:47.508254"
2078,"Goris",7.1,10.4,"Cold ❄️","2026-03-19 13:01:47.9098"
2079,"Sevan",6.4,10.0,"Cold ❄️","2026-03-19 13:01:48.352299"
2080,"Ijevan",8.4,8.3,"Cold ❄️","2026-03-19 13:01:48.687296"
2081,"Armavir",14.8,4.1,"Mild 🌤","2026-03-19 13:01:49.003718"
2082,"Artashat",15.9,18.0,"Mild 🌤","2026-03-19 13:01:49.298858"
2083,"Sisian",8.4,14.3,"Cold ❄️","2026-03-19 13:01:49.749215"
2084,"Yerevan",14.4,3.6,"Mild 🌤","2026-03-19 13:01:52.77484"
2085,"Gyumri",7.4,6.7,"Cold ❄️","2026-03-19 13:01:53.839357"
2086,"Vanadzor",7.8,13.1,"Cold ❄️","2026-03-19 13:01:54.449882"
2087,"Dilijan",8.5,11.4,"Cold ❄️","2026-03-19 13:01:55.76552"
2088,"Hrazdan",8.2,1.6,"Cold ❄️","2026-03-19 13:01:56.994514"
2089,"Abovyan",9.7,5.2,"Cold ❄️","2026-03-19 13:01:57.870535"
2090,"Kapan",10.2,9.7,"Mild 🌤","2026-03-19 13:01:59.149258"
2091,"Goris",7.1,10.4,"Cold ❄️","2026-03-19 13:02:00.276873"
2092,"Sevan",6.4,10.0,"Cold ❄️","2026-03-19 13:02:01.810377"
2093,"Ijevan",8.4,8.3,"Cold ❄️","2026-03-19 13:02:03.77027"
2094,"Armavir",14.8,4.1,"Mild 🌤","2026-03-19 13:02:04.984916"
2095,"Artashat",15.9,18.0,"Mild 🌤","2026-03-19 13:02:06.619453"
2096,"Sisian",8.4,14.3,"Cold ❄️","2026-03-19 13:02:07.854917"
2097,"Yerevan",14.4,3.6,"Mild 🌤","2026-03-19 13:02:09.383385"
2098,"Gyumri",7.4,6.7,"Cold ❄️","2026-03-19 13:02:10.614082"
2099,"Vanadzor",7.8,13.1,"Cold ❄️","2026-03-19 13:02:11.743264"
2100,"Dilijan",8.5,11.4,"Cold ❄️","2026-03-19 13:02:12.874748"
2101,"Hrazdan",8.2,1.6,"Cold ❄️","2026-03-19 13:02:13.993383"
2102,"Abovyan",9.7,5.2,"Cold ❄️","2026-03-19 13:02:15.529212"
2103,"Kapan",10.2,9.7,"Mild 🌤","2026-03-19 13:02:16.451205"
2104,"Goris",7.1,10.4,"Cold ❄️","2026-03-19 13:02:17.596417"
2105,"Sevan",6.4,10.0,"Cold ❄️","2026-03-19 13:02:18.606016"
2106,"Ijevan",8.4,8.3,"Cold ❄️","2026-03-19 13:02:20.24546"
2107,"Armavir",14.8,4.1,"Mild 🌤","2026-03-19 13:02:21.678157"
2108,"Artashat",15.9,18.0,"Mild 🌤","2026-03-19 13:02:22.697377"
2109,"Sisian",8.4,14.3,"Cold ❄️","2026-03-19 13:02:24.235532"
2110,"Yerevan",14.4,3.6,"Mild 🌤","2026-03-19 13:02:25.358139"
2111,"Gyumri",7.4,6.7,"Cold ❄️","2026-03-19 13:02:26.591195"
2112,"Vanadzor",7.8,13.1,"Cold ❄️","2026-03-19 13:02:27.535593"
2113,"Dilijan",8.5,11.4,"Cold ❄️","2026-03-19 13:02:28.548725"
2114,"Hrazdan",8.2,1.6,"Cold ❄️","2026-03-19 13:02:29.355189"
2115,"Abovyan",9.7,5.2,"Cold ❄️","2026-03-19 13:02:29.967935"
2116,"Kapan",10.2,9.7,"Mild 🌤","2026-03-19 13:02:30.382571"
2117,"Goris",7.1,10.4,"Cold ❄️","2026-03-19 13:02:31.403309"
2118,"Sevan",6.4,10.0,"Cold ❄️","2026-03-19 13:02:32.078625"
2119,"Ijevan",8.4,8.3,"Cold ❄️","2026-03-19 13:02:32.394269"
2120,"Armavir",14.8,4.1,"Mild 🌤","2026-03-19 13:02:32.7023"
2121,"Artashat",15.9,18.0,"Mild 🌤","2026-03-19 13:02:33.018626"
2122,"Sisian",8.4,14.3,"Cold ❄️","2026-03-19 13:02:33.305666"
2123,"Yerevan",14.4,3.6,"Mild 🌤","2026-03-19 13:02:33.716593"
2124,"Gyumri",7.4,6.7,"Cold ❄️","2026-03-19 13:02:34.000308"
2125,"Vanadzor",7.8,13.1,"Cold ❄️","2026-03-19 13:02:34.391393"
2126,"Dilijan",8.5,11.4,"Cold ❄️","2026-03-19 13:02:34.771195"
2127,"Hrazdan",8.2,1.6,"Cold ❄️","2026-03-19 13:02:35.071534"
2128,"Abovyan",9.7,5.2,"Cold ❄️","2026-03-19 13:02:35.557623"
2129,"Kapan",10.2,9.7,"Mild 🌤","2026-03-19 13:02:35.849349"
2130,"Goris",7.1,10.4,"Cold ❄️","2026-03-19 13:02:36.124216"
2131,"Sevan",6.4,10.0,"Cold ❄️","2026-03-19 13:02:36.495873"
2132,"Ijevan",8.4,8.3,"Cold ❄️","2026-03-19 13:02:36.811717"
2133,"Armavir",14.8,4.1,"Mild 🌤","2026-03-19 13:02:37.212033"
2134,"Artashat",15.9,18.0,"Mild 🌤","2026-03-19 13:02:37.532103"
2135,"Sisian",8.4,14.3,"Cold ❄️","2026-03-19 13:02:37.829195"
2136,"Yerevan",14.4,3.6,"Mild 🌤","2026-03-19 13:02:38.196907"
2137,"Gyumri",7.4,6.7,"Cold ❄️","2026-03-19 13:02:38.639778"
2138,"Vanadzor",7.8,13.1,"Cold ❄️","2026-03-19 13:02:38.992004"
2139,"Dilijan",8.5,11.4,"Cold ❄️","2026-03-19 13:02:39.267192"
2140,"Hrazdan",8.2,1.6,"Cold ❄️","2026-03-19 13:02:39.561965"
2141,"Abovyan",9.7,5.2,"Cold ❄️","2026-03-19 13:02:39.826019"
2142,"Kapan",10.2,9.7,"Mild 🌤","2026-03-19 13:02:40.105755"
2143,"Goris",7.1,10.4,"Cold ❄️","2026-03-19 13:02:40.382584"
2144,"Sevan",6.4,10.0,"Cold ❄️","2026-03-19 13:02:40.658983"
2145,"Ijevan",8.4,8.3,"Cold ❄️","2026-03-19 13:02:40.918751"
2146,"Armavir",14.8,4.1,"Mild 🌤","2026-03-19 13:02:41.199637"
2147,"Artashat",15.9,18.0,"Mild 🌤","2026-03-19 13:02:41.486453"
2148,"Sisian",8.4,14.3,"Cold ❄️","2026-03-19 13:02:41.761832"
2149,"Yerevan",14.4,3.6,"Mild 🌤","2026-03-19 13:02:42.105304"
2150,"Gyumri",7.4,6.7,"Cold ❄️","2026-03-19 13:02:42.382235"
2151,"Vanadzor",7.8,13.1,"Cold ❄️","2026-03-19 13:02:42.692266"
2152,"Dilijan",8.5,11.4,"Cold ❄️","2026-03-19 13:02:42.977239"
2153,"Hrazdan",8.2,1.6,"Cold ❄️","2026-03-19 13:02:43.285582"
2154,"Abovyan",9.7,5.2,"Cold ❄️","2026-03-19 13:02:43.55597"
2155,"Kapan",10.2,9.7,"Mild 🌤","2026-03-19 13:02:43.855184"
2156,"Goris",7.1,10.4,"Cold ❄️","2026-03-19 13:02:44.135377"
2157,"Sevan",6.4,10.0,"Cold ❄️","2026-03-19 13:02:44.745623"
2158,"Ijevan",8.4,8.3,"Cold ❄️","2026-03-19 13:02:45.025051"
2159,"Armavir",14.8,4.1,"Mild 🌤","2026-03-19 13:02:45.304548"
2160,"Artashat",15.9,18.0,"Mild 🌤","2026-03-19 13:02:45.599356"
2161,"Sisian",8.4,14.3,"Cold ❄️","2026-03-19 13:02:45.874053"
2162,"Yerevan",14.4,3.6,"Mild 🌤","2026-03-19 13:02:52.498969"
2163,"Gyumri",7.4,6.7,"Cold ❄️","2026-03-19 13:02:53.870525"
2164,"Vanadzor",7.8,13.1,"Cold ❄️","2026-03-19 13:02:55.363967"
2165,"Dilijan",8.5,11.4,"Cold ❄️","2026-03-19 13:02:56.592424"
2166,"Hrazdan",8.2,1.6,"Cold ❄️","2026-03-19 13:02:57.835329"
2167,"Abovyan",9.7,5.2,"Cold ❄️","2026-03-19 13:02:58.746568"
2168,"Kapan",10.2,9.7,"Mild 🌤","2026-03-19 13:02:59.883526"
2169,"Goris",7.1,10.4,"Cold ❄️","2026-03-19 13:03:01.001047"
2170,"Sevan",6.4,10.0,"Cold ❄️","2026-03-19 13:03:01.789067"
2171,"Ijevan",8.4,8.3,"Cold ❄️","2026-03-19 13:03:02.637051"
2172,"Armavir",14.8,4.1,"Mild 🌤","2026-03-19 13:03:03.760808"
2173,"Artashat",15.9,18.0,"Mild 🌤","2026-03-19 13:03:04.891977"
2174,"Sisian",8.4,14.3,"Cold ❄️","2026-03-19 13:03:06.223276"
2175,"Yerevan",14.4,3.6,"Mild 🌤","2026-03-19 13:03:07.652087"
2176,"Gyumri",7.4,6.7,"Cold ❄️","2026-03-19 13:03:08.778507"
2177,"Vanadzor",7.8,13.1,"Cold ❄️","2026-03-19 13:03:10.007544"
2178,"Dilijan",8.5,11.4,"Cold ❄️","2026-03-19 13:03:11.441373"
2179,"Hrazdan",8.2,1.6,"Cold ❄️","2026-03-19 13:03:12.669726"
2180,"Abovyan",9.7,5.2,"Cold ❄️","2026-03-19 13:03:13.497138"
2181,"Kapan",10.2,9.7,"Mild 🌤","2026-03-19 13:03:15.026665"
2182,"Goris",7.1,10.4,"Cold ❄️","2026-03-19 13:03:16.254286"
2183,"Sevan",6.4,10.0,"Cold ❄️","2026-03-19 13:03:17.870784"
2184,"Ijevan",8.4,8.3,"Cold ❄️","2026-03-19 13:03:20.042936"
2185,"Armavir",14.8,4.1,"Mild 🌤","2026-03-19 13:03:21.132255"
2186,"Artashat",15.9,18.0,"Mild 🌤","2026-03-19 13:03:22.60722"
2187,"Sisian",8.4,14.3,"Cold ❄️","2026-03-19 13:03:24.036747"
2188,"Yerevan",14.4,3.6,"Mild 🌤","2026-03-19 13:03:25.571002"
2189,"Gyumri",7.4,6.7,"Cold ❄️","2026-03-19 13:03:27.006487"
2190,"Vanadzor",7.8,13.1,"Cold ❄️","2026-03-19 13:03:28.240233"
2191,"Dilijan",8.5,11.4,"Cold ❄️","2026-03-19 13:03:29.475194"
2192,"Hrazdan",8.2,1.6,"Cold ❄️","2026-03-19 13:03:30.593222"
2193,"Abovyan",9.7,5.2,"Cold ❄️","2026-03-19 13:03:31.883574"
2194,"Kapan",10.2,9.7,"Mild 🌤","2026-03-19 13:03:32.95702"
2195,"Goris",7.1,10.4,"Cold ❄️","2026-03-19 13:03:34.5856"
2196,"Sevan",6.4,10.0,"Cold ❄️","2026-03-19 13:03:35.818208"
2197,"Ijevan",8.4,8.3,"Cold ❄️","2026-03-19 13:03:36.94068"
2198,"Armavir",14.8,4.1,"Mild 🌤","2026-03-19 13:03:38.169535"
2199,"Artashat",15.9,18.0,"Mild 🌤","2026-03-19 13:03:40.320026"
2200,"Sisian",8.4,14.3,"Cold ❄️","2026-03-19 13:03:41.752031"
2201,"Yerevan",14.4,3.6,"Mild 🌤","2026-03-19 13:03:42.980822"
2202,"Gyumri",7.4,6.7,"Cold ❄️","2026-03-19 13:03:44.211175"
2203,"Vanadzor",7.8,13.1,"Cold ❄️","2026-03-19 13:03:45.645058"
2204,"Dilijan",8.5,11.4,"Cold ❄️","2026-03-19 13:03:46.372803"
2205,"Hrazdan",8.2,1.6,"Cold ❄️","2026-03-19 13:03:47.384219"
2206,"Abovyan",9.7,5.2,"Cold ❄️","2026-03-19 13:03:48.613173"
2207,"Kapan",10.2,9.7,"Mild 🌤","2026-03-19 13:03:49.950759"
2208,"Goris",7.1,10.4,"Cold ❄️","2026-03-19 13:03:50.973225"
2209,"Sevan",6.4,10.0,"Cold ❄️","2026-03-19 13:03:52.201957"
2210,"Ijevan",8.4,8.3,"Cold ❄️","2026-03-19 13:03:53.839368"
2211,"Armavir",14.8,4.1,"Mild 🌤","2026-03-19 13:03:54.760584"
2212,"Artashat",15.9,18.0,"Mild 🌤","2026-03-19 13:03:55.985859"
2213,"Sisian",8.4,14.3,"Cold ❄️","2026-03-19 13:03:57.419622"
2214,"Yerevan",14.4,3.6,"Mild 🌤","2026-03-19 13:03:59.568392"
2215,"Gyumri",7.4,6.7,"Cold ❄️","2026-03-19 13:04:01.838845"
2216,"Vanadzor",7.8,13.1,"Cold ❄️","2026-03-19 13:04:04.316588"
2217,"Dilijan",8.5,11.4,"Cold ❄️","2026-03-19 13:04:05.919302"
2218,"Hrazdan",8.2,1.6,"Cold ❄️","2026-03-19 13:04:09.273162"
2219,"Abovyan",9.7,5.2,"Cold ❄️","2026-03-19 13:04:11.653656"
2220,"Kapan",10.2,9.7,"Mild 🌤","2026-03-19 13:04:13.087293"
2221,"Goris",7.1,10.4,"Cold ❄️","2026-03-19 13:04:14.492992"
2222,"Sevan",6.4,10.0,"Cold ❄️","2026-03-19 13:04:15.649131"
2223,"Ijevan",8.4,8.3,"Cold ❄️","2026-03-19 13:04:16.671023"
2224,"Armavir",14.8,4.1,"Mild 🌤","2026-03-19 13:04:17.912888"
2225,"Artashat",15.9,18.0,"Mild 🌤","2026-03-19 13:04:18.941617"
2226,"Sisian",8.4,14.3,"Cold ❄️","2026-03-19 13:04:19.961085"
2227,"Yerevan",14.4,3.6,"Mild 🌤","2026-03-19 13:04:20.691052"
2228,"Gyumri",7.4,6.7,"Cold ❄️","2026-03-19 13:04:22.025723"
2229,"Vanadzor",7.8,13.1,"Cold ❄️","2026-03-19 13:04:23.542687"
2230,"Dilijan",8.5,11.4,"Cold ❄️","2026-03-19 13:04:24.876267"
2231,"Hrazdan",8.2,1.6,"Cold ❄️","2026-03-19 13:04:25.887159"
2232,"Abovyan",9.7,5.2,"Cold ❄️","2026-03-19 13:04:27.320988"
2233,"Kapan",10.2,9.7,"Mild 🌤","2026-03-19 13:04:28.7546"
2234,"Goris",7.1,10.4,"Cold ❄️","2026-03-19 13:04:29.986892"
2235,"Sevan",6.4,10.0,"Cold ❄️","2026-03-19 13:04:30.496865"
2236,"Ijevan",8.4,8.3,"Cold ❄️","2026-03-19 13:04:31.858043"
2237,"Armavir",14.8,4.1,"Mild 🌤","2026-03-19 13:04:33.838542"
2238,"Artashat",15.9,18.0,"Mild 🌤","2026-03-19 13:04:35.308496"
2239,"Sisian",8.4,14.3,"Cold ❄️","2026-03-19 13:04:36.235038"
2240,"Yerevan",14.4,3.6,"Mild 🌤","2026-03-19 13:04:37.768993"
2241,"Gyumri",7.4,6.7,"Cold ❄️","2026-03-19 13:04:38.999315"
2242,"Vanadzor",7.8,13.1,"Cold ❄️","2026-03-19 13:04:40.225232"
2243,"Dilijan",8.5,11.4,"Cold ❄️","2026-03-19 13:04:42.583994"
2244,"Hrazdan",8.2,1.6,"Cold ❄️","2026-03-19 13:04:43.886052"
2245,"Abovyan",9.7,5.2,"Cold ❄️","2026-03-19 13:04:45.100909"
2246,"Kapan",10.2,9.7,"Mild 🌤","2026-03-19 13:04:46.165208"
2247,"Goris",7.1,10.4,"Cold ❄️","2026-03-19 13:04:47.189215"
2248,"Sevan",6.4,10.0,"Cold ❄️","2026-03-19 13:04:47.701321"
2249,"Ijevan",8.4,8.3,"Cold ❄️","2026-03-19 13:04:48.41831"
2250,"Armavir",14.8,4.1,"Mild 🌤","2026-03-19 13:04:49.032267"
2251,"Artashat",15.9,18.0,"Mild 🌤","2026-03-19 13:04:49.838843"
2252,"Sisian",8.4,14.3,"Cold ❄️","2026-03-19 13:04:50.466011"
2253,"Yerevan",14.4,3.6,"Mild 🌤","2026-03-19 13:04:51.078995"
2254,"Gyumri",7.4,6.7,"Cold ❄️","2026-03-19 13:04:51.493369"
2255,"Vanadzor",7.8,13.1,"Cold ❄️","2026-03-19 13:04:51.974452"
2256,"Dilijan",8.5,11.4,"Cold ❄️","2026-03-19 13:04:52.262573"
2257,"Hrazdan",8.2,1.6,"Cold ❄️","2026-03-19 13:04:52.576854"
2258,"Abovyan",9.7,5.2,"Cold ❄️","2026-03-19 13:04:52.938519"
2259,"Kapan",10.2,9.7,"Mild 🌤","2026-03-19 13:04:53.248153"
2260,"Goris",7.1,10.4,"Cold ❄️","2026-03-19 13:04:53.772928"
2261,"Sevan",6.4,10.0,"Cold ❄️","2026-03-19 13:04:54.053454"
2262,"Ijevan",8.4,8.3,"Cold ❄️","2026-03-19 13:04:54.389207"
2263,"Armavir",14.8,4.1,"Mild 🌤","2026-03-19 13:04:54.815414"
2264,"Artashat",15.9,18.0,"Mild 🌤","2026-03-19 13:04:55.592286"
2265,"Sisian",8.4,14.3,"Cold ❄️","2026-03-19 13:04:56.0551"
2266,"Yerevan",14.4,3.6,"Mild 🌤","2026-03-19 13:04:56.360068"
2267,"Gyumri",7.4,6.7,"Cold ❄️","2026-03-19 13:04:56.644994"
2268,"Vanadzor",7.8,13.1,"Cold ❄️","2026-03-19 13:04:56.947028"
2269,"Dilijan",8.5,11.4,"Cold ❄️","2026-03-19 13:04:57.326748"
2270,"Hrazdan",8.2,1.6,"Cold ❄️","2026-03-19 13:04:57.975874"
2271,"Abovyan",9.7,5.2,"Cold ❄️","2026-03-19 13:04:58.411046"
2272,"Kapan",10.2,9.7,"Mild 🌤","2026-03-19 13:04:58.767406"
2273,"Goris",7.1,10.4,"Cold ❄️","2026-03-19 13:04:59.085371"
2274,"Sevan",6.4,10.0,"Cold ❄️","2026-03-19 13:04:59.442552"
2275,"Ijevan",8.4,8.3,"Cold ❄️","2026-03-19 13:05:00.208669"
2276,"Armavir",14.8,4.1,"Mild 🌤","2026-03-19 13:05:00.683733"
2277,"Sisian",8.4,14.3,"Cold ❄️","2026-03-19 13:05:08.171148"
2278,"Yerevan",14.4,3.6,"Mild 🌤","2026-03-19 13:05:10.535436"
2279,"Gyumri",7.4,6.7,"Cold ❄️","2026-03-19 13:05:13.513032"
2280,"Vanadzor",7.8,13.1,"Cold ❄️","2026-03-19 13:05:14.939661"
2281,"Dilijan",8.5,11.4,"Cold ❄️","2026-03-19 13:05:16.171496"
2282,"Hrazdan",8.2,1.6,"Cold ❄️","2026-03-19 13:05:17.606038"
2283,"Abovyan",9.7,5.2,"Cold ❄️","2026-03-19 13:05:19.34151"
2284,"Kapan",10.2,9.7,"Mild 🌤","2026-03-19 13:05:20.332914"
2285,"Goris",7.1,10.4,"Cold ❄️","2026-03-19 13:05:22.214016"
2286,"Sevan",6.4,10.0,"Cold ❄️","2026-03-19 13:05:24.159023"
2287,"Ijevan",8.4,8.3,"Cold ❄️","2026-03-19 13:05:26.309309"
2288,"Armavir",14.8,4.1,"Mild 🌤","2026-03-19 13:05:27.855038"
2289,"Artashat",15.9,18.0,"Mild 🌤","2026-03-19 13:05:28.96892"
2290,"Sisian",8.4,14.3,"Cold ❄️","2026-03-19 13:05:30.200924"
2291,"Yerevan",14.4,3.6,"Mild 🌤","2026-03-19 13:05:31.730367"
2292,"Gyumri",7.4,6.7,"Cold ❄️","2026-03-19 13:05:32.965421"
2293,"Vanadzor",7.8,13.1,"Cold ❄️","2026-03-19 13:05:34.703372"
2294,"Dilijan",8.5,11.4,"Cold ❄️","2026-03-19 13:05:36.03264"
2295,"Hrazdan",8.2,1.6,"Cold ❄️","2026-03-19 13:05:37.83547"
2296,"Abovyan",9.7,5.2,"Cold ❄️","2026-03-19 13:05:39.104779"
2297,"Kapan",10.2,9.7,"Mild 🌤","2026-03-19 13:05:40.236322"
2298,"Goris",7.1,10.4,"Cold ❄️","2026-03-19 13:05:41.871922"
2299,"Sevan",6.4,10.0,"Cold ❄️","2026-03-19 13:05:43.305135"
2300,"Ijevan",8.4,8.3,"Cold ❄️","2026-03-19 13:05:43.981305"
2301,"Armavir",14.8,4.1,"Mild 🌤","2026-03-19 13:05:45.025808"
2302,"Artashat",15.9,18.0,"Mild 🌤","2026-03-19 13:05:45.980689"
2303,"Sisian",8.4,14.3,"Cold ❄️","2026-03-19 13:05:48.223874"
2304,"Yerevan",14.4,3.6,"Mild 🌤","2026-03-19 13:05:49.652699"
2305,"Gyumri",7.4,6.7,"Cold ❄️","2026-03-19 13:05:51.804715"
2306,"Vanadzor",7.8,13.1,"Cold ❄️","2026-03-19 13:05:52.72481"
2307,"Dilijan",8.5,11.4,"Cold ❄️","2026-03-19 13:05:54.161227"
2308,"Hrazdan",8.2,1.6,"Cold ❄️","2026-03-19 13:05:55.49006"
2309,"Abovyan",9.7,5.2,"Cold ❄️","2026-03-19 13:05:57.745778"
2310,"Kapan",10.2,9.7,"Mild 🌤","2026-03-19 13:05:58.621379"
2311,"Goris",7.1,10.4,"Cold ❄️","2026-03-19 13:05:59.797254"
2312,"Sevan",6.4,10.0,"Cold ❄️","2026-03-19 13:06:01.268891"
2313,"Ijevan",8.4,8.3,"Cold ❄️","2026-03-19 13:06:02.660636"
2314,"Armavir",14.8,4.1,"Mild 🌤","2026-03-19 13:06:03.886194"
2315,"Artashat",15.9,18.0,"Mild 🌤","2026-03-19 13:06:05.423933"
2316,"Sisian",8.4,14.3,"Cold ❄️","2026-03-19 13:06:07.835281"
2317,"Yerevan",14.4,3.6,"Mild 🌤","2026-03-19 13:06:09.311659"
2318,"Gyumri",7.4,6.7,"Cold ❄️","2026-03-19 13:06:10.647436"
2319,"Vanadzor",7.8,13.1,"Cold ❄️","2026-03-19 13:06:11.878226"
2320,"Dilijan",8.5,11.4,"Cold ❄️","2026-03-19 13:06:12.645262"
2321,"Hrazdan",8.2,1.6,"Cold ❄️","2026-03-19 13:06:13.886999"
2322,"Abovyan",9.7,5.2,"Cold ❄️","2026-03-19 13:06:15.355463"
2323,"Kapan",10.2,9.7,"Mild 🌤","2026-03-19 13:06:16.407601"
2324,"Goris",7.1,10.4,"Cold ❄️","2026-03-19 13:06:17.712452"
2325,"Sevan",6.4,10.0,"Cold ❄️","2026-03-19 13:06:19.046645"
2326,"Ijevan",8.4,8.3,"Cold ❄️","2026-03-19 13:06:21.870561"
2327,"Armavir",14.8,4.1,"Mild 🌤","2026-03-19 13:06:23.551779"
2328,"Artashat",15.9,18.0,"Mild 🌤","2026-03-19 13:06:25.904948"
2329,"Sisian",8.4,14.3,"Cold ❄️","2026-03-19 13:06:27.136077"
2330,"Yerevan",14.4,3.6,"Mild 🌤","2026-03-19 13:06:28.26068"
2331,"Gyumri",7.4,6.7,"Cold ❄️","2026-03-19 13:06:29.867284"
2332,"Vanadzor",7.8,13.1,"Cold ❄️","2026-03-19 13:06:31.329825"
2333,"Dilijan",8.5,11.4,"Cold ❄️","2026-03-19 13:06:32.661172"
2334,"Hrazdan",8.2,1.6,"Cold ❄️","2026-03-19 13:06:34.095107"
2335,"Abovyan",9.7,5.2,"Cold ❄️","2026-03-19 13:06:35.528605"
2336,"Kapan",10.2,9.7,"Mild 🌤","2026-03-19 13:06:36.655575"
2337,"Goris",7.1,10.4,"Cold ❄️","2026-03-19 13:06:38.603557"
2338,"Sevan",6.4,10.0,"Cold ❄️","2026-03-19 13:06:39.854361"
2339,"Ijevan",8.4,8.3,"Cold ❄️","2026-03-19 13:06:41.779672"
2340,"Armavir",14.8,4.1,"Mild 🌤","2026-03-19 13:06:42.905943"
2341,"Artashat",15.9,18.0,"Mild 🌤","2026-03-19 13:06:43.82354"
2342,"Sisian",8.4,14.3,"Cold ❄️","2026-03-19 13:06:47.00215"
2343,"Yerevan",14.4,3.6,"Mild 🌤","2026-03-19 13:06:48.741637"
2344,"Gyumri",7.4,6.7,"Cold ❄️","2026-03-19 13:06:49.902108"
2345,"Vanadzor",7.8,13.1,"Cold ❄️","2026-03-19 13:06:51.005871"
2346,"Dilijan",8.5,11.4,"Cold ❄️","2026-03-19 13:06:52.221907"
2347,"Hrazdan",8.2,1.6,"Cold ❄️","2026-03-19 13:06:53.552865"
2348,"Abovyan",9.7,5.2,"Cold ❄️","2026-03-19 13:06:56.622953"
2349,"Kapan",10.2,9.7,"Mild 🌤","2026-03-19 13:06:57.751616"
2350,"Goris",7.1,10.4,"Cold ❄️","2026-03-19 13:06:58.98289"
2351,"Sevan",6.4,10.0,"Cold ❄️","2026-03-19 13:07:00.209221"
2352,"Ijevan",8.4,8.3,"Cold ❄️","2026-03-19 13:07:01.948373"
2353,"Armavir",14.8,4.1,"Mild 🌤","2026-03-19 13:07:04.202686"
2354,"Artashat",15.9,18.0,"Mild 🌤","2026-03-19 13:07:05.639294"
2355,"Sisian",8.4,14.3,"Cold ❄️","2026-03-19 13:07:07.462677"
2356,"Yerevan",14.4,3.6,"Mild 🌤","2026-03-19 13:07:08.60272"
2357,"Gyumri",7.4,6.7,"Cold ❄️","2026-03-19 13:07:09.900913"
2358,"Vanadzor",7.8,13.1,"Cold ❄️","2026-03-19 13:07:11.369211"
2359,"Dilijan",8.5,11.4,"Cold ❄️","2026-03-19 13:07:12.598328"
2360,"Hrazdan",8.2,1.6,"Cold ❄️","2026-03-19 13:07:13.93313"
2361,"Abovyan",9.7,5.2,"Cold ❄️","2026-03-19 13:07:15.36727"
2362,"Kapan",10.2,9.7,"Mild 🌤","2026-03-19 13:07:16.694118"
2363,"Goris",7.1,10.4,"Cold ❄️","2026-03-19 13:07:17.870489"
2364,"Sevan",6.4,10.0,"Cold ❄️","2026-03-19 13:07:19.665344"
2365,"Ijevan",8.4,8.3,"Cold ❄️","2026-03-19 13:07:20.541474"
2366,"Armavir",14.8,4.1,"Mild 🌤","2026-03-19 13:07:21.902546"
2367,"Artashat",15.9,18.0,"Mild 🌤","2026-03-19 13:07:23.589514"
2368,"Sisian",8.4,14.3,"Cold ❄️","2026-03-19 13:07:24.579165"
2369,"Yerevan",14.4,3.6,"Mild 🌤","2026-03-19 13:07:25.294223"
2370,"Gyumri",7.4,6.7,"Cold ❄️","2026-03-19 13:07:26.222681"
2371,"Vanadzor",7.8,13.1,"Cold ❄️","2026-03-19 13:07:27.652528"
2372,"Dilijan",8.5,11.4,"Cold ❄️","2026-03-19 13:07:29.192863"
2373,"Hrazdan",8.2,1.6,"Cold ❄️","2026-03-19 13:07:30.620441"
2374,"Abovyan",9.7,5.2,"Cold ❄️","2026-03-19 13:07:31.853827"
2375,"Kapan",10.2,9.7,"Mild 🌤","2026-03-19 13:07:33.068714"
2376,"Goris",7.1,10.4,"Cold ❄️","2026-03-19 13:07:34.617538"
2377,"Sevan",6.4,10.0,"Cold ❄️","2026-03-19 13:07:35.716774"
2378,"Ijevan",8.4,8.3,"Cold ❄️","2026-03-19 13:07:36.580788"
2379,"Armavir",14.8,4.1,"Mild 🌤","2026-03-19 13:07:37.891408"
2380,"Artashat",15.9,18.0,"Mild 🌤","2026-03-19 13:07:39.324962"
2381,"Sisian",8.4,14.3,"Cold ❄️","2026-03-19 13:07:40.909261"
2382,"Yerevan",14.4,3.6,"Mild 🌤","2026-03-19 13:07:41.869781"
2383,"Gyumri",7.4,6.7,"Cold ❄️","2026-03-19 13:07:43.318174"
2384,"Vanadzor",7.8,13.1,"Cold ❄️","2026-03-19 13:07:44.242595"
2385,"Dilijan",8.5,11.4,"Cold ❄️","2026-03-19 13:07:45.331389"
2386,"Hrazdan",8.2,1.6,"Cold ❄️","2026-03-19 13:07:46.256553"
2387,"Abovyan",9.7,5.2,"Cold ❄️","2026-03-19 13:07:47.521606"
2388,"Kapan",10.2,9.7,"Mild 🌤","2026-03-19 13:07:48.068801"
2389,"Goris",7.1,10.4,"Cold ❄️","2026-03-19 13:07:48.335735"
2390,"Sevan",6.4,10.0,"Cold ❄️","2026-03-19 13:07:48.603722"
2391,"Ijevan",8.4,8.3,"Cold ❄️","2026-03-19 13:07:49.052888"
2392,"Armavir",14.8,4.1,"Mild 🌤","2026-03-19 13:07:49.317142"
2393,"Artashat",15.9,18.0,"Mild 🌤","2026-03-19 13:07:49.680967"
2394,"Sisian",8.4,14.3,"Cold ❄️","2026-03-19 13:07:49.974434"
2395,"Yerevan",14.4,3.6,"Mild 🌤","2026-03-19 13:07:50.39933"
2396,"Gyumri",7.4,6.7,"Cold ❄️","2026-03-19 13:07:50.913349"
2397,"Vanadzor",7.8,13.1,"Cold ❄️","2026-03-19 13:07:51.231898"
2398,"Dilijan",8.5,11.4,"Cold ❄️","2026-03-19 13:07:52.186989"
2399,"Hrazdan",8.2,1.6,"Cold ❄️","2026-03-19 13:07:52.489811"
2400,"Abovyan",9.7,5.2,"Cold ❄️","2026-03-19 13:07:52.952089"
2401,"Kapan",10.2,9.7,"Mild 🌤","2026-03-19 13:07:53.227901"
2402,"Goris",7.1,10.4,"Cold ❄️","2026-03-19 13:07:53.511158"
2403,"Sevan",6.4,10.0,"Cold ❄️","2026-03-19 13:07:53.825033"
2404,"Ijevan",8.4,8.3,"Cold ❄️","2026-03-19 13:07:54.14397"
2405,"Armavir",14.8,4.1,"Mild 🌤","2026-03-19 13:07:54.423661"
2406,"Artashat",15.9,18.0,"Mild 🌤","2026-03-19 13:07:54.688392"
2407,"Sisian",8.4,14.3,"Cold ❄️","2026-03-19 13:07:55.574081"
2408,"Yerevan",14.4,3.6,"Mild 🌤","2026-03-19 13:07:55.89226"
2409,"Gyumri",7.4,6.7,"Cold ❄️","2026-03-19 13:07:56.255898"
2410,"Vanadzor",7.8,13.1,"Cold ❄️","2026-03-19 13:07:56.546161"
2411,"Dilijan",8.5,11.4,"Cold ❄️","2026-03-19 13:07:56.815001"
2412,"Hrazdan",8.2,1.6,"Cold ❄️","2026-03-19 13:07:57.174099"
2413,"Abovyan",9.7,5.2,"Cold ❄️","2026-03-19 13:07:57.449928"
2414,"Kapan",10.2,9.7,"Mild 🌤","2026-03-19 13:07:57.704701"
2415,"Goris",7.1,10.4,"Cold ❄️","2026-03-19 13:07:57.984755"
2416,"Sevan",6.4,10.0,"Cold ❄️","2026-03-19 13:07:58.321733"
2417,"Ijevan",8.4,8.3,"Cold ❄️","2026-03-19 13:07:58.565301"
2418,"Armavir",14.8,4.1,"Mild 🌤","2026-03-19 13:07:58.81926"
2419,"Artashat",15.9,18.0,"Mild 🌤","2026-03-19 13:07:59.070734"
2420,"Sisian",8.4,14.3,"Cold ❄️","2026-03-19 13:07:59.323693"
2421,"Yerevan",14.4,3.6,"Mild 🌤","2026-03-19 13:07:59.722866"
2422,"Gyumri",7.4,6.7,"Cold ❄️","2026-03-19 13:07:59.97413"
2423,"Vanadzor",7.8,13.1,"Cold ❄️","2026-03-19 13:08:00.229446"
2424,"Dilijan",8.5,11.4,"Cold ❄️","2026-03-19 13:08:00.520245"
2425,"Hrazdan",8.2,1.6,"Cold ❄️","2026-03-19 13:08:00.854389"
2426,"Abovyan",9.7,5.2,"Cold ❄️","2026-03-19 13:08:01.101895"
2427,"Kapan",10.2,9.7,"Mild 🌤","2026-03-19 13:08:01.456272"
2428,"Goris",7.1,10.4,"Cold ❄️","2026-03-19 13:08:01.702766"
2429,"Sevan",6.4,10.0,"Cold ❄️","2026-03-19 13:08:01.956451"
2430,"Ijevan",8.4,8.3,"Cold ❄️","2026-03-19 13:08:02.206159"
2431,"Armavir",14.8,4.1,"Mild 🌤","2026-03-19 13:08:02.45353"
2432,"Artashat",15.9,18.0,"Mild 🌤","2026-03-19 13:08:02.71461"
2433,"Sisian",8.4,14.3,"Cold ❄️","2026-03-19 13:08:03.031727"
2434,"Yerevan",14.4,3.6,"Mild 🌤","2026-03-19 13:08:03.295586"
2435,"Gyumri",7.4,6.7,"Cold ❄️","2026-03-19 13:08:03.551938"
2436,"Vanadzor",7.8,13.1,"Cold ❄️","2026-03-19 13:08:03.95727"
2437,"Dilijan",8.5,11.4,"Cold ❄️","2026-03-19 13:08:04.569983"
2438,"Hrazdan",8.2,1.6,"Cold ❄️","2026-03-19 13:08:04.950392"
2439,"Abovyan",9.7,5.2,"Cold ❄️","2026-03-19 13:08:05.241935"
2440,"Kapan",10.2,9.7,"Mild 🌤","2026-03-19 13:08:05.511866"
2441,"Goris",7.1,10.4,"Cold ❄️","2026-03-19 13:08:05.795876"
2442,"Sevan",6.4,10.0,"Cold ❄️","2026-03-19 13:08:06.468359"
2443,"Ijevan",8.4,8.3,"Cold ❄️","2026-03-19 13:08:06.719374"
2444,"Armavir",14.8,4.1,"Mild 🌤","2026-03-19 13:08:07.007805"
2445,"Artashat",15.9,18.0,"Mild 🌤","2026-03-19 13:08:07.384499"
2446,"Sisian",8.4,14.3,"Cold ❄️","2026-03-19 13:08:07.941331"
2447,"Yerevan",14.4,3.6,"Mild 🌤","2026-03-19 13:08:08.201327"
2448,"Gyumri",7.4,6.7,"Cold ❄️","2026-03-19 13:08:08.520183"
2449,"Vanadzor",7.8,13.1,"Cold ❄️","2026-03-19 13:08:08.782282"
2450,"Dilijan",8.5,11.4,"Cold ❄️","2026-03-19 13:08:09.387908"
2451,"Hrazdan",8.2,1.6,"Cold ❄️","2026-03-19 13:08:09.692364"
2452,"Abovyan",9.7,5.2,"Cold ❄️","2026-03-19 13:08:09.946682"
2453,"Kapan",10.2,9.7,"Mild 🌤","2026-03-19 13:08:10.207188"
2454,"Goris",7.1,10.4,"Cold ❄️","2026-03-19 13:08:10.486637"
2455,"Sevan",6.4,10.0,"Cold ❄️","2026-03-19 13:08:11.256786"
2456,"Ijevan",8.4,8.3,"Cold ❄️","2026-03-19 13:08:11.514675"
2457,"Armavir",14.8,4.1,"Mild 🌤","2026-03-19 13:08:11.763495"
2458,"Artashat",15.9,18.0,"Mild 🌤","2026-03-19 13:08:12.011457"
2459,"Sisian",8.4,14.3,"Cold ❄️","2026-03-19 13:08:12.317107"
2460,"Yerevan",14.4,3.6,"Mild 🌤","2026-03-19 13:08:12.599766"
2461,"Gyumri",7.4,6.7,"Cold ❄️","2026-03-19 13:08:12.953586"
2462,"Vanadzor",7.8,13.1,"Cold ❄️","2026-03-19 13:08:13.313227"
2463,"Dilijan",8.5,11.4,"Cold ❄️","2026-03-19 13:08:14.014465"
2464,"Hrazdan",8.2,1.6,"Cold ❄️","2026-03-19 13:08:14.285573"
2465,"Abovyan",9.7,5.2,"Cold ❄️","2026-03-19 13:08:14.563069"
2466,"Kapan",10.2,9.7,"Mild 🌤","2026-03-19 13:08:14.808817"
2467,"Goris",7.1,10.4,"Cold ❄️","2026-03-19 13:08:15.062905"
2468,"Sevan",6.4,10.0,"Cold ❄️","2026-03-19 13:08:15.3091"
2469,"Ijevan",8.4,8.3,"Cold ❄️","2026-03-19 13:08:15.563826"
2470,"Armavir",14.8,4.1,"Mild 🌤","2026-03-19 13:08:15.869885"
2471,"Artashat",15.9,18.0,"Mild 🌤","2026-03-19 13:08:16.128319"
2472,"Sisian",8.4,14.3,"Cold ❄️","2026-03-19 13:08:16.380731"
2473,"Yerevan",14.4,3.6,"Mild 🌤","2026-03-19 13:08:16.643205"
2474,"Gyumri",7.4,6.7,"Cold ❄️","2026-03-19 13:08:16.892012"
2475,"Vanadzor",7.8,13.1,"Cold ❄️","2026-03-19 13:08:17.157938"
2476,"Dilijan",8.5,11.4,"Cold ❄️","2026-03-19 13:08:17.615526"
2477,"Hrazdan",8.2,1.6,"Cold ❄️","2026-03-19 13:08:17.874102"
2478,"Abovyan",9.7,5.2,"Cold ❄️","2026-03-19 13:08:18.125449"
2479,"Kapan",10.2,9.7,"Mild 🌤","2026-03-19 13:08:18.376027"
2480,"Goris",7.1,10.4,"Cold ❄️","2026-03-19 13:08:18.629732"
2481,"Sevan",6.4,10.0,"Cold ❄️","2026-03-19 13:08:18.881237"
2482,"Ijevan",8.4,8.3,"Cold ❄️","2026-03-19 13:08:19.13442"
2483,"Armavir",14.8,4.1,"Mild 🌤","2026-03-19 13:08:19.389425"
2484,"Artashat",15.9,18.0,"Mild 🌤","2026-03-19 13:08:19.644191"
2485,"Sisian",8.4,14.3,"Cold ❄️","2026-03-19 13:08:19.900431"
2486,"Yerevan",14.4,3.6,"Mild 🌤","2026-03-19 13:08:20.16425"
2487,"Gyumri",7.4,6.7,"Cold ❄️","2026-03-19 13:08:20.412779"
2488,"Vanadzor",7.8,13.1,"Cold ❄️","2026-03-19 13:08:20.66332"
2489,"Dilijan",8.5,11.4,"Cold ❄️","2026-03-19 13:08:20.919121"
2490,"Hrazdan",8.2,1.6,"Cold ❄️","2026-03-19 13:08:21.169924"
2491,"Abovyan",9.7,5.2,"Cold ❄️","2026-03-19 13:08:21.760112"
2492,"Kapan",10.2,9.7,"Mild 🌤","2026-03-19 13:08:22.010254"
2493,"Goris",7.1,10.4,"Cold ❄️","2026-03-19 13:08:22.565882"
2494,"Sevan",6.4,10.0,"Cold ❄️","2026-03-19 13:08:22.814933"
2495,"Ijevan",8.4,8.3,"Cold ❄️","2026-03-19 13:08:23.063385"
2496,"Armavir",14.8,4.1,"Mild 🌤","2026-03-19 13:08:23.311774"
2497,"Artashat",15.9,18.0,"Mild 🌤","2026-03-19 13:08:23.562158"
2498,"Sisian",8.4,14.3,"Cold ❄️","2026-03-19 13:08:23.902249"
2499,"Yerevan",14.4,3.6,"Mild 🌤","2026-03-19 13:08:24.23359"
2500,"Gyumri",7.4,6.7,"Cold ❄️","2026-03-19 13:08:24.494261"
2501,"Vanadzor",7.8,13.1,"Cold ❄️","2026-03-19 13:08:24.757378"
2502,"Dilijan",8.5,11.4,"Cold ❄️","2026-03-19 13:08:25.009138"
2503,"Hrazdan",8.2,1.6,"Cold ❄️","2026-03-19 13:08:25.265554"
2504,"Abovyan",9.7,5.2,"Cold ❄️","2026-03-19 13:08:25.567602"
2505,"Kapan",10.2,9.7,"Mild 🌤","2026-03-19 13:08:25.822164"
2506,"Goris",7.1,10.4,"Cold ❄️","2026-03-19 13:08:26.067282"
2507,"Sevan",6.4,10.0,"Cold ❄️","2026-03-19 13:08:26.326263"
2508,"Ijevan",8.4,8.3,"Cold ❄️","2026-03-19 13:08:26.604312"
2509,"Armavir",14.8,4.1,"Mild 🌤","2026-03-19 13:08:26.864632"
2510,"Artashat",15.9,18.0,"Mild 🌤","2026-03-19 13:08:27.127651"
2511,"Sisian",8.4,14.3,"Cold ❄️","2026-03-19 13:08:27.372615"
2512,"Yerevan",14.4,3.6,"Mild 🌤","2026-03-19 13:08:27.706104"
2513,"Gyumri",7.4,6.7,"Cold ❄️","2026-03-19 13:08:28.026478"
2514,"Vanadzor",7.8,13.1,"Cold ❄️","2026-03-19 13:08:28.30274"
2515,"Dilijan",8.5,11.4,"Cold ❄️","2026-03-19 13:08:28.560419"
2516,"Hrazdan",8.2,1.6,"Cold ❄️","2026-03-19 13:08:28.920794"
2517,"Abovyan",9.7,5.2,"Cold ❄️","2026-03-19 13:08:29.28332"
2518,"Kapan",10.2,9.7,"Mild 🌤","2026-03-19 13:08:29.708963"
2519,"Goris",7.1,10.4,"Cold ❄️","2026-03-19 13:08:30.081088"
2520,"Sevan",6.4,10.0,"Cold ❄️","2026-03-19 13:08:30.467412"
2521,"Ijevan",8.4,8.3,"Cold ❄️","2026-03-19 13:08:30.892453"
2522,"Armavir",14.8,4.1,"Mild 🌤","2026-03-19 13:08:31.267451"
2523,"Artashat",15.9,18.0,"Mild 🌤","2026-03-19 13:08:31.609855"
2524,"Sisian",8.4,14.3,"Cold ❄️","2026-03-19 13:08:31.993942"
2525,"Yerevan",14.4,3.6,"Mild 🌤","2026-03-19 13:08:27.709338"
2526,"Gyumri",7.4,6.7,"Cold ❄️","2026-03-19 13:08:28.02896"
2527,"Vanadzor",7.8,13.1,"Cold ❄️","2026-03-19 13:08:28.299428"
2528,"Dilijan",8.5,11.4,"Cold ❄️","2026-03-19 13:08:28.547368"
2529,"Hrazdan",8.2,1.6,"Cold ❄️","2026-03-19 13:08:28.917801"
2530,"Abovyan",9.7,5.2,"Cold ❄️","2026-03-19 13:08:29.287105"
2531,"Kapan",10.2,9.7,"Mild 🌤","2026-03-19 13:08:29.712314"
2532,"Goris",7.1,10.4,"Cold ❄️","2026-03-19 13:08:30.077271"
2533,"Sevan",6.4,10.0,"Cold ❄️","2026-03-19 13:08:30.464471"
2534,"Ijevan",8.4,8.3,"Cold ❄️","2026-03-19 13:08:30.867529"
2535,"Armavir",14.8,4.1,"Mild 🌤","2026-03-19 13:08:31.271455"
2536,"Artashat",15.9,18.0,"Mild 🌤","2026-03-19 13:08:31.652382"
2537,"Sisian",8.4,14.3,"Cold ❄️","2026-03-19 13:08:31.997948"
2538,"Yerevan",14.4,3.6,"Mild 🌤","2026-03-19 13:08:32.382228"
2539,"Gyumri",7.4,6.7,"Cold ❄️","2026-03-19 13:08:32.723076"
2540,"Vanadzor",7.8,13.1,"Cold ❄️","2026-03-19 13:08:33.020643"
2541,"Dilijan",8.5,11.4,"Cold ❄️","2026-03-19 13:08:33.320458"
2542,"Hrazdan",8.2,1.6,"Cold ❄️","2026-03-19 13:08:33.61037"
2543,"Abovyan",9.7,5.2,"Cold ❄️","2026-03-19 13:08:34.018528"
2544,"Kapan",10.2,9.7,"Mild 🌤","2026-03-19 13:08:34.32796"
2545,"Goris",7.1,10.4,"Cold ❄️","2026-03-19 13:08:34.667075"
2546,"Sevan",6.4,10.0,"Cold ❄️","2026-03-19 13:08:34.971562"
2547,"Ijevan",8.4,8.3,"Cold ❄️","2026-03-19 13:08:35.262193"
2548,"Armavir",14.8,4.1,"Mild 🌤","2026-03-19 13:08:35.522511"
2549,"Artashat",15.9,18.0,"Mild 🌤","2026-03-19 13:08:35.816944"
2550,"Sisian",8.4,14.3,"Cold ❄️","2026-03-19 13:08:36.114756"
2946,"Yerevan",14.4,3.6,"Mild 🌤","2026-03-19 13:13:17.353038"
2947,"Gyumri",7.4,6.7,"Cold ❄️","2026-03-19 13:13:17.639469"
2948,"Vanadzor",7.8,13.1,"Cold ❄️","2026-03-19 13:13:17.916116"
2949,"Dilijan",8.5,11.4,"Cold ❄️","2026-03-19 13:13:18.166075"
2950,"Hrazdan",8.2,1.6,"Cold ❄️","2026-03-19 13:13:18.477151"
2951,"Abovyan",9.7,5.2,"Cold ❄️","2026-03-19 13:13:18.790295"
2952,"Kapan",10.2,9.7,"Mild 🌤","2026-03-19 13:13:19.0842"
2953,"Goris",7.1,10.4,"Cold ❄️","2026-03-19 13:13:19.351926"
2954,"Sevan",6.4,10.0,"Cold ❄️","2026-03-19 13:13:19.640066"
2955,"Ijevan",8.4,8.3,"Cold ❄️","2026-03-19 13:13:19.939471"
2956,"Armavir",14.8,4.1,"Mild 🌤","2026-03-19 13:13:20.248887"
2957,"Artashat",15.9,18.0,"Mild 🌤","2026-03-19 13:13:20.594819"
2958,"Sisian",8.4,14.3,"Cold ❄️","2026-03-19 13:13:20.945575"
3084,"Sevan",6.1,10.3,"Cold ❄️","2026-03-19 13:15:09.690115"
3085,"Ijevan",8.3,7.6,"Cold ❄️","2026-03-19 13:15:10.710323"
3086,"Armavir",14.8,3.3,"Mild 🌤","2026-03-19 13:15:11.854588"
3087,"Artashat",15.8,17.5,"Mild 🌤","2026-03-19 13:15:13.045023"
3088,"Sisian",8.0,13.8,"Cold ❄️","2026-03-19 13:15:14.683595"
3114,"Yerevan",14.3,2.5,"Mild 🌤","2026-03-19 13:15:47.083988"
3115,"Gyumri",7.3,6.4,"Cold ❄️","2026-03-19 13:15:47.36559"
3116,"Vanadzor",7.5,13.1,"Cold ❄️","2026-03-19 13:15:47.654441"
3117,"Dilijan",8.1,10.9,"Cold ❄️","2026-03-19 13:15:47.972842"
3118,"Hrazdan",8.0,4.3,"Cold ❄️","2026-03-19 13:15:48.452981"
3119,"Abovyan",9.6,4.3,"Cold ❄️","2026-03-19 13:15:48.716721"
3120,"Kapan",10.0,9.7,"Cold ❄️","2026-03-19 13:15:49.003754"
3121,"Goris",6.9,9.9,"Cold ❄️","2026-03-19 13:15:49.415283"
3122,"Sevan",6.1,10.3,"Cold ❄️","2026-03-19 13:15:49.713795"
3123,"Ijevan",8.3,7.6,"Cold ❄️","2026-03-19 13:15:50.043023"
3124,"Armavir",14.8,3.3,"Mild 🌤","2026-03-19 13:15:50.308234"
3125,"Artashat",15.8,17.5,"Mild 🌤","2026-03-19 13:15:50.587604"
3126,"Sisian",8.0,13.8,"Cold ❄️","2026-03-19 13:15:50.872964"
3147,"Goris",6.9,9.9,"Cold ❄️","2026-03-19 13:15:53.201565"
3148,"Sevan",6.1,10.3,"Cold ❄️","2026-03-19 13:15:53.4709"
3149,"Ijevan",8.3,7.6,"Cold ❄️","2026-03-19 13:15:53.747843"
3150,"Armavir",14.8,3.3,"Mild 🌤","2026-03-19 13:15:54.013469"
3151,"Artashat",15.8,17.5,"Mild 🌤","2026-03-19 13:15:54.291796"
3152,"Sisian",8.0,13.8,"Cold ❄️","2026-03-19 13:15:54.608881"
3153,"Yerevan",14.3,2.5,"Mild 🌤","2026-03-19 13:15:51.181697"
3154,"Gyumri",7.3,6.4,"Cold ❄️","2026-03-19 13:15:51.47502"
3155,"Vanadzor",7.5,13.1,"Cold ❄️","2026-03-19 13:15:51.745346"
3156,"Dilijan",8.1,10.9,"Cold ❄️","2026-03-19 13:15:52.005706"
3157,"Hrazdan",8.0,4.3,"Cold ❄️","2026-03-19 13:15:52.504695"
3158,"Abovyan",9.6,4.3,"Cold ❄️","2026-03-19 13:15:52.987692"
3159,"Kapan",10.0,9.7,"Cold ❄️","2026-03-19 13:15:53.258379"
3160,"Goris",6.9,9.9,"Cold ❄️","2026-03-19 13:15:53.57415"
3161,"Sevan",6.1,10.3,"Cold ❄️","2026-03-19 13:15:53.857261"
3162,"Ijevan",8.3,7.6,"Cold ❄️","2026-03-19 13:15:54.148545"
3163,"Armavir",14.8,3.3,"Mild 🌤","2026-03-19 13:15:54.429474"
3164,"Artashat",15.8,17.5,"Mild 🌤","2026-03-19 13:15:54.738036"
3165,"Sisian",8.0,13.8,"Cold ❄️","2026-03-19 13:15:55.074133"
3166,"Yerevan",14.3,2.5,"Mild 🌤","2026-03-19 13:15:56.995504"
3167,"Gyumri",7.3,6.4,"Cold ❄️","2026-03-19 13:15:57.304612"
3168,"Vanadzor",7.5,13.1,"Cold ❄️","2026-03-19 13:15:57.566433"
3169,"Dilijan",8.1,10.9,"Cold ❄️","2026-03-19 13:15:57.845101"
3170,"Hrazdan",8.0,4.3,"Cold ❄️","2026-03-19 13:15:58.535356"
3171,"Abovyan",9.6,4.3,"Cold ❄️","2026-03-19 13:15:59.854751"
3172,"Kapan",10.0,9.7,"Cold ❄️","2026-03-19 13:16:00.991924"
3173,"Goris",6.9,9.9,"Cold ❄️","2026-03-19 13:16:02.477366"
3174,"Sevan",6.1,10.3,"Cold ❄️","2026-03-19 13:16:03.454048"
3175,"Ijevan",8.3,7.6,"Cold ❄️","2026-03-19 13:16:04.273794"
3176,"Armavir",14.8,3.3,"Mild 🌤","2026-03-19 13:16:05.599732"
3177,"Artashat",15.8,17.5,"Mild 🌤","2026-03-19 13:16:06.932817"
3178,"Sisian",8.0,13.8,"Cold ❄️","2026-03-19 13:16:07.955426"
3179,"Yerevan",14.3,2.5,"Mild 🌤","2026-03-19 13:16:09.186861"
3180,"Gyumri",7.3,6.4,"Cold ❄️","2026-03-19 13:16:10.417279"
3181,"Vanadzor",7.5,13.1,"Cold ❄️","2026-03-19 13:16:12.063163"
3182,"Dilijan",8.1,10.9,"Cold ❄️","2026-03-19 13:16:13.188439"
3183,"Hrazdan",8.0,4.3,"Cold ❄️","2026-03-19 13:16:14.713229"
3184,"Abovyan",9.6,4.3,"Cold ❄️","2026-03-19 13:16:15.854739"
3185,"Kapan",10.0,9.7,"Cold ❄️","2026-03-19 13:16:17.036915"
3186,"Goris",6.9,9.9,"Cold ❄️","2026-03-19 13:16:17.900891"
3187,"Sevan",6.1,10.3,"Cold ❄️","2026-03-19 13:16:19.822266"
3188,"Ijevan",8.3,7.6,"Cold ❄️","2026-03-19 13:16:21.374537"
3189,"Armavir",14.8,3.3,"Mild 🌤","2026-03-19 13:16:22.475454"
3190,"Artashat",15.8,17.5,"Mild 🌤","2026-03-19 13:16:23.72635"
3191,"Sisian",8.0,13.8,"Cold ❄️","2026-03-19 13:16:25.044905"
3192,"Yerevan",14.3,2.5,"Mild 🌤","2026-03-19 13:16:26.451165"
3193,"Gyumri",7.3,6.4,"Cold ❄️","2026-03-19 13:16:27.886982"
3194,"Vanadzor",7.5,13.1,"Cold ❄️","2026-03-19 13:16:29.156168"
3195,"Dilijan",8.1,10.9,"Cold ❄️","2026-03-19 13:16:29.971419"
3196,"Hrazdan",8.0,4.3,"Cold ❄️","2026-03-19 13:16:30.596677"
3197,"Abovyan",9.6,4.3,"Cold ❄️","2026-03-19 13:16:31.261607"
3198,"Kapan",10.0,9.7,"Cold ❄️","2026-03-19 13:16:32.149134"
3199,"Goris",6.9,9.9,"Cold ❄️","2026-03-19 13:16:33.197197"
3200,"Sevan",6.1,10.3,"Cold ❄️","2026-03-19 13:16:34.235921"
3201,"Ijevan",8.3,7.6,"Cold ❄️","2026-03-19 13:16:36.165012"
2551,"Yerevan",14.4,3.6,"Mild 🌤","2026-03-19 13:08:32.415057"
2552,"Gyumri",7.4,6.7,"Cold ❄️","2026-03-19 13:08:32.800741"
2553,"Vanadzor",7.8,13.1,"Cold ❄️","2026-03-19 13:08:33.073369"
2554,"Dilijan",8.5,11.4,"Cold ❄️","2026-03-19 13:08:33.355302"
2555,"Hrazdan",8.2,1.6,"Cold ❄️","2026-03-19 13:08:33.626292"
2556,"Abovyan",9.7,5.2,"Cold ❄️","2026-03-19 13:08:34.01585"
2557,"Kapan",10.2,9.7,"Mild 🌤","2026-03-19 13:08:34.329937"
2558,"Goris",7.1,10.4,"Cold ❄️","2026-03-19 13:08:34.658028"
2559,"Sevan",6.4,10.0,"Cold ❄️","2026-03-19 13:08:34.975598"
2560,"Ijevan",8.4,8.3,"Cold ❄️","2026-03-19 13:08:35.287713"
2561,"Armavir",14.8,4.1,"Mild 🌤","2026-03-19 13:08:35.552866"
2562,"Artashat",15.9,18.0,"Mild 🌤","2026-03-19 13:08:35.841629"
2563,"Sisian",8.4,14.3,"Cold ❄️","2026-03-19 13:08:36.119513"
2564,"Yerevan",14.4,3.6,"Mild 🌤","2026-03-19 13:08:32.413421"
2565,"Gyumri",7.4,6.7,"Cold ❄️","2026-03-19 13:08:32.796185"
2566,"Vanadzor",7.8,13.1,"Cold ❄️","2026-03-19 13:08:33.086267"
2567,"Dilijan",8.5,11.4,"Cold ❄️","2026-03-19 13:08:33.351558"
2568,"Hrazdan",8.2,1.6,"Cold ❄️","2026-03-19 13:08:33.630079"
2569,"Abovyan",9.7,5.2,"Cold ❄️","2026-03-19 13:08:34.012623"
2570,"Kapan",10.2,9.7,"Mild 🌤","2026-03-19 13:08:34.338094"
2571,"Goris",7.1,10.4,"Cold ❄️","2026-03-19 13:08:34.680248"
2572,"Sevan",6.4,10.0,"Cold ❄️","2026-03-19 13:08:35.008136"
2573,"Ijevan",8.4,8.3,"Cold ❄️","2026-03-19 13:08:35.295884"
2574,"Armavir",14.8,4.1,"Mild 🌤","2026-03-19 13:08:35.586459"
2575,"Artashat",15.9,18.0,"Mild 🌤","2026-03-19 13:08:35.918711"
2576,"Sisian",8.4,14.3,"Cold ❄️","2026-03-19 13:08:36.176117"
2577,"Yerevan",14.4,3.6,"Mild 🌤","2026-03-19 13:08:32.378294"
2578,"Gyumri",7.4,6.7,"Cold ❄️","2026-03-19 13:08:32.726204"
2579,"Vanadzor",7.8,13.1,"Cold ❄️","2026-03-19 13:08:33.016142"
2580,"Dilijan",8.5,11.4,"Cold ❄️","2026-03-19 13:08:33.304549"
2581,"Hrazdan",8.2,1.6,"Cold ❄️","2026-03-19 13:08:33.60405"
2582,"Abovyan",9.7,5.2,"Cold ❄️","2026-03-19 13:08:34.007177"
2583,"Kapan",10.2,9.7,"Mild 🌤","2026-03-19 13:08:34.333044"
2584,"Goris",7.1,10.4,"Cold ❄️","2026-03-19 13:08:34.674942"
2585,"Sevan",6.4,10.0,"Cold ❄️","2026-03-19 13:08:34.981573"
2586,"Ijevan",8.4,8.3,"Cold ❄️","2026-03-19 13:08:35.291472"
2587,"Armavir",14.8,4.1,"Mild 🌤","2026-03-19 13:08:35.569191"
2588,"Artashat",15.9,18.0,"Mild 🌤","2026-03-19 13:08:35.927323"
2589,"Sisian",8.4,14.3,"Cold ❄️","2026-03-19 13:08:36.220299"
2590,"Yerevan",14.4,3.6,"Mild 🌤","2026-03-19 13:08:32.379608"
2591,"Gyumri",7.4,6.7,"Cold ❄️","2026-03-19 13:08:32.720479"
2592,"Vanadzor",7.8,13.1,"Cold ❄️","2026-03-19 13:08:33.024487"
2593,"Dilijan",8.5,11.4,"Cold ❄️","2026-03-19 13:08:33.310805"
2594,"Hrazdan",8.2,1.6,"Cold ❄️","2026-03-19 13:08:33.584881"
2595,"Abovyan",9.7,5.2,"Cold ❄️","2026-03-19 13:08:34.882622"
2596,"Kapan",10.2,9.7,"Mild 🌤","2026-03-19 13:08:35.132942"
2597,"Goris",7.1,10.4,"Cold ❄️","2026-03-19 13:08:35.380282"
2598,"Sevan",6.4,10.0,"Cold ❄️","2026-03-19 13:08:35.628407"
2599,"Ijevan",8.4,8.3,"Cold ❄️","2026-03-19 13:08:35.923787"
2600,"Armavir",14.8,4.1,"Mild 🌤","2026-03-19 13:08:36.223623"
2601,"Artashat",15.9,18.0,"Mild 🌤","2026-03-19 13:08:36.471386"
2602,"Sisian",8.4,14.3,"Cold ❄️","2026-03-19 13:08:36.723177"
2603,"Yerevan",14.4,3.6,"Mild 🌤","2026-03-19 13:08:34.340679"
2604,"Gyumri",7.4,6.7,"Cold ❄️","2026-03-19 13:08:34.684026"
2605,"Vanadzor",7.8,13.1,"Cold ❄️","2026-03-19 13:08:35.014812"
2606,"Dilijan",8.5,11.4,"Cold ❄️","2026-03-19 13:08:35.299002"
2607,"Hrazdan",8.2,1.6,"Cold ❄️","2026-03-19 13:08:35.599252"
2608,"Abovyan",9.7,5.2,"Cold ❄️","2026-03-19 13:08:35.931426"
2609,"Kapan",10.2,9.7,"Mild 🌤","2026-03-19 13:08:36.214753"
2610,"Goris",7.1,10.4,"Cold ❄️","2026-03-19 13:08:36.477709"
2611,"Sevan",6.4,10.0,"Cold ❄️","2026-03-19 13:08:36.728648"
2612,"Ijevan",8.4,8.3,"Cold ❄️","2026-03-19 13:08:36.983531"
2613,"Armavir",14.8,4.1,"Mild 🌤","2026-03-19 13:08:37.230647"
2614,"Artashat",15.9,18.0,"Mild 🌤","2026-03-19 13:08:37.498973"
2615,"Sisian",8.4,14.3,"Cold ❄️","2026-03-19 13:08:37.864203"
2616,"Yerevan",14.4,3.6,"Mild 🌤","2026-03-19 13:08:45.474624"
2617,"Gyumri",7.4,6.7,"Cold ❄️","2026-03-19 13:08:46.602614"
2618,"Vanadzor",7.8,13.1,"Cold ❄️","2026-03-19 13:08:47.85438"
2619,"Dilijan",8.5,11.4,"Cold ❄️","2026-03-19 13:08:48.651169"
2620,"Hrazdan",8.2,1.6,"Cold ❄️","2026-03-19 13:08:49.838548"
2621,"Abovyan",9.7,5.2,"Cold ❄️","2026-03-19 13:08:51.313455"
2622,"Kapan",10.2,9.7,"Mild 🌤","2026-03-19 13:08:52.644794"
2623,"Goris",7.1,10.4,"Cold ❄️","2026-03-19 13:08:53.876455"
2624,"Sevan",6.4,10.0,"Cold ❄️","2026-03-19 13:08:54.901271"
2625,"Ijevan",8.4,8.3,"Cold ❄️","2026-03-19 13:08:56.23264"
2626,"Armavir",14.8,4.1,"Mild 🌤","2026-03-19 13:08:58.179033"
2627,"Artashat",15.9,18.0,"Mild 🌤","2026-03-19 13:08:59.61422"
2628,"Sisian",8.4,14.3,"Cold ❄️","2026-03-19 13:09:00.738612"
2629,"Yerevan",14.4,3.6,"Mild 🌤","2026-03-19 13:09:01.961346"
2630,"Gyumri",7.4,6.7,"Cold ❄️","2026-03-19 13:09:03.396661"
2631,"Vanadzor",7.8,13.1,"Cold ❄️","2026-03-19 13:09:05.838007"
2632,"Dilijan",8.5,11.4,"Cold ❄️","2026-03-19 13:09:06.882991"
2633,"Hrazdan",8.2,1.6,"Cold ❄️","2026-03-19 13:09:08.214835"
2634,"Abovyan",9.7,5.2,"Cold ❄️","2026-03-19 13:09:09.752191"
2635,"Kapan",10.2,9.7,"Mild 🌤","2026-03-19 13:09:10.981853"
2636,"Goris",7.1,10.4,"Cold ❄️","2026-03-19 13:09:11.854538"
2637,"Sevan",6.4,10.0,"Cold ❄️","2026-03-19 13:09:14.660847"
2638,"Ijevan",8.4,8.3,"Cold ❄️","2026-03-19 13:09:15.791069"
2639,"Armavir",14.8,4.1,"Mild 🌤","2026-03-19 13:09:17.32449"
2640,"Artashat",15.9,18.0,"Mild 🌤","2026-03-19 13:09:18.654572"
2641,"Sisian",8.4,14.3,"Cold ❄️","2026-03-19 13:09:19.854321"
2642,"Yerevan",14.4,3.6,"Mild 🌤","2026-03-19 13:09:21.592642"
2643,"Gyumri",7.4,6.7,"Cold ❄️","2026-03-19 13:09:21.931791"
2644,"Vanadzor",7.8,13.1,"Cold ❄️","2026-03-19 13:09:22.225846"
2645,"Dilijan",8.5,11.4,"Cold ❄️","2026-03-19 13:09:22.48612"
2646,"Hrazdan",8.2,1.6,"Cold ❄️","2026-03-19 13:09:22.853165"
2647,"Abovyan",9.7,5.2,"Cold ❄️","2026-03-19 13:09:23.319007"
2648,"Kapan",10.2,9.7,"Mild 🌤","2026-03-19 13:09:23.635113"
2649,"Goris",7.1,10.4,"Cold ❄️","2026-03-19 13:09:23.989354"
2650,"Sevan",6.4,10.0,"Cold ❄️","2026-03-19 13:09:24.272326"
2651,"Ijevan",8.4,8.3,"Cold ❄️","2026-03-19 13:09:24.557192"
2652,"Armavir",14.8,4.1,"Mild 🌤","2026-03-19 13:09:24.913031"
2653,"Artashat",15.9,18.0,"Mild 🌤","2026-03-19 13:09:25.265632"
2654,"Sisian",8.4,14.3,"Cold ❄️","2026-03-19 13:09:25.599294"
2655,"Yerevan",14.4,3.6,"Mild 🌤","2026-03-19 13:09:25.936061"
2656,"Gyumri",7.4,6.7,"Cold ❄️","2026-03-19 13:09:26.219206"
2657,"Vanadzor",7.8,13.1,"Cold ❄️","2026-03-19 13:09:26.489226"
2658,"Dilijan",8.5,11.4,"Cold ❄️","2026-03-19 13:09:26.75164"
2659,"Hrazdan",8.2,1.6,"Cold ❄️","2026-03-19 13:09:27.001232"
2660,"Abovyan",9.7,5.2,"Cold ❄️","2026-03-19 13:09:27.271057"
2661,"Kapan",10.2,9.7,"Mild 🌤","2026-03-19 13:09:28.435801"
2662,"Goris",7.1,10.4,"Cold ❄️","2026-03-19 13:09:28.841374"
2663,"Sevan",6.4,10.0,"Cold ❄️","2026-03-19 13:09:29.113561"
2664,"Ijevan",8.4,8.3,"Cold ❄️","2026-03-19 13:09:29.3918"
2665,"Armavir",14.8,4.1,"Mild 🌤","2026-03-19 13:09:29.639975"
2666,"Artashat",15.9,18.0,"Mild 🌤","2026-03-19 13:09:30.000197"
2667,"Sisian",8.4,14.3,"Cold ❄️","2026-03-19 13:09:30.307545"
2668,"Yerevan",14.4,3.6,"Mild 🌤","2026-03-19 13:09:30.661758"
2669,"Gyumri",7.4,6.7,"Cold ❄️","2026-03-19 13:09:30.956141"
2670,"Vanadzor",7.8,13.1,"Cold ❄️","2026-03-19 13:09:31.271105"
2671,"Dilijan",8.5,11.4,"Cold ❄️","2026-03-19 13:09:31.565157"
2672,"Hrazdan",8.2,1.6,"Cold ❄️","2026-03-19 13:09:31.844353"
2673,"Abovyan",9.7,5.2,"Cold ❄️","2026-03-19 13:09:32.114077"
2674,"Kapan",10.2,9.7,"Mild 🌤","2026-03-19 13:09:32.388015"
2675,"Goris",7.1,10.4,"Cold ❄️","2026-03-19 13:09:35.86693"
2676,"Sevan",6.4,10.0,"Cold ❄️","2026-03-19 13:09:37.429455"
2677,"Ijevan",8.4,8.3,"Cold ❄️","2026-03-19 13:09:38.218325"
2678,"Armavir",14.8,4.1,"Mild 🌤","2026-03-19 13:09:39.752031"
2679,"Artashat",15.9,18.0,"Mild 🌤","2026-03-19 13:09:40.980258"
2680,"Sisian",8.4,14.3,"Cold ❄️","2026-03-19 13:09:43.236435"
2681,"Yerevan",14.4,3.6,"Mild 🌤","2026-03-19 13:09:44.255328"
2682,"Gyumri",7.4,6.7,"Cold ❄️","2026-03-19 13:09:45.693207"
2683,"Vanadzor",7.8,13.1,"Cold ❄️","2026-03-19 13:09:46.717702"
2684,"Dilijan",8.5,11.4,"Cold ❄️","2026-03-19 13:09:47.941721"
2685,"Hrazdan",8.2,1.6,"Cold ❄️","2026-03-19 13:09:49.379972"
2686,"Abovyan",9.7,5.2,"Cold ❄️","2026-03-19 13:09:50.829109"
2687,"Kapan",10.2,9.7,"Mild 🌤","2026-03-19 13:09:51.854691"
2688,"Goris",7.1,10.4,"Cold ❄️","2026-03-19 13:09:52.432567"
2689,"Sevan",6.4,10.0,"Cold ❄️","2026-03-19 13:09:53.838759"
2690,"Ijevan",8.4,8.3,"Cold ❄️","2026-03-19 13:09:55.314836"
2691,"Armavir",14.8,4.1,"Mild 🌤","2026-03-19 13:09:56.646107"
2692,"Artashat",15.9,18.0,"Mild 🌤","2026-03-19 13:09:57.977008"
2693,"Sisian",8.4,14.3,"Cold ❄️","2026-03-19 13:09:59.513169"
2694,"Yerevan",14.4,3.6,"Mild 🌤","2026-03-19 13:10:00.332387"
2695,"Gyumri",7.4,6.7,"Cold ❄️","2026-03-19 13:10:04.53059"
2696,"Abovyan",9.7,5.2,"Cold ❄️","2026-03-19 13:10:08.729434"
2697,"Kapan",10.2,9.7,"Mild 🌤","2026-03-19 13:10:10.575837"
2698,"Goris",7.1,10.4,"Cold ❄️","2026-03-19 13:10:12.420453"
2699,"Armavir",14.8,4.1,"Mild 🌤","2026-03-19 13:10:24.04575"
2700,"Artashat",15.9,18.0,"Mild 🌤","2026-03-19 13:10:25.253256"
2701,"Sisian",8.4,14.3,"Cold ❄️","2026-03-19 13:10:26.653115"
2702,"Yerevan",14.4,3.6,"Mild 🌤","2026-03-19 13:10:27.884913"
2703,"Gyumri",7.4,6.7,"Cold ❄️","2026-03-19 13:10:29.006655"
2704,"Vanadzor",7.8,13.1,"Cold ❄️","2026-03-19 13:10:29.950708"
2705,"Dilijan",8.5,11.4,"Cold ❄️","2026-03-19 13:10:31.36315"
2706,"Hrazdan",8.2,1.6,"Cold ❄️","2026-03-19 13:10:33.203105"
2707,"Abovyan",9.7,5.2,"Cold ❄️","2026-03-19 13:10:34.334881"
2708,"Kapan",10.2,9.7,"Mild 🌤","2026-03-19 13:10:35.886875"
2709,"Goris",7.1,10.4,"Cold ❄️","2026-03-19 13:10:36.700689"
2710,"Sevan",6.4,10.0,"Cold ❄️","2026-03-19 13:10:38.631282"
2711,"Ijevan",8.4,8.3,"Cold ❄️","2026-03-19 13:10:39.861856"
2712,"Armavir",14.8,4.1,"Mild 🌤","2026-03-19 13:10:41.684929"
2713,"Artashat",15.9,18.0,"Mild 🌤","2026-03-19 13:10:42.93639"
2714,"Sisian",8.4,14.3,"Cold ❄️","2026-03-19 13:10:43.762429"
2715,"Yerevan",14.4,3.6,"Mild 🌤","2026-03-19 13:10:45.29171"
2716,"Gyumri",7.4,6.7,"Cold ❄️","2026-03-19 13:10:46.620945"
2717,"Vanadzor",7.8,13.1,"Cold ❄️","2026-03-19 13:10:47.855013"
2718,"Dilijan",8.5,11.4,"Cold ❄️","2026-03-19 13:10:49.075525"
2719,"Hrazdan",8.2,1.6,"Cold ❄️","2026-03-19 13:10:50.718805"
2720,"Abovyan",9.7,5.2,"Cold ❄️","2026-03-19 13:10:51.840287"
2721,"Kapan",10.2,9.7,"Mild 🌤","2026-03-19 13:10:53.261585"
2722,"Goris",7.1,10.4,"Cold ❄️","2026-03-19 13:10:54.20092"
2723,"Sevan",6.4,10.0,"Cold ❄️","2026-03-19 13:10:55.634049"
2724,"Ijevan",8.4,8.3,"Cold ❄️","2026-03-19 13:10:56.653635"
2725,"Armavir",14.8,4.1,"Mild 🌤","2026-03-19 13:10:57.839689"
2726,"Artashat",15.9,18.0,"Mild 🌤","2026-03-19 13:10:59.115891"
2727,"Sisian",8.4,14.3,"Cold ❄️","2026-03-19 13:11:00.24274"
2728,"Yerevan",14.4,3.6,"Mild 🌤","2026-03-19 13:11:01.572276"
2729,"Gyumri",7.4,6.7,"Cold ❄️","2026-03-19 13:11:02.695067"
2730,"Vanadzor",7.8,13.1,"Cold ❄️","2026-03-19 13:11:03.822557"
2731,"Dilijan",8.5,11.4,"Cold ❄️","2026-03-19 13:11:04.952647"
2732,"Hrazdan",8.2,1.6,"Cold ❄️","2026-03-19 13:11:06.589759"
2733,"Abovyan",9.7,5.2,"Cold ❄️","2026-03-19 13:11:07.886723"
2734,"Kapan",10.2,9.7,"Mild 🌤","2026-03-19 13:11:09.101183"
2735,"Goris",7.1,10.4,"Cold ❄️","2026-03-19 13:11:10.27811"
2736,"Sevan",6.4,10.0,"Cold ❄️","2026-03-19 13:11:11.810061"
2737,"Ijevan",8.4,8.3,"Cold ❄️","2026-03-19 13:11:12.833327"
2738,"Armavir",14.8,4.1,"Mild 🌤","2026-03-19 13:11:13.839168"
2739,"Artashat",15.9,18.0,"Mild 🌤","2026-03-19 13:11:14.988791"
2740,"Sisian",8.4,14.3,"Cold ❄️","2026-03-19 13:11:15.886733"
2741,"Yerevan",14.4,3.6,"Mild 🌤","2026-03-19 13:11:17.336632"
2742,"Gyumri",7.4,6.7,"Cold ❄️","2026-03-19 13:11:18.670008"
2743,"Vanadzor",7.8,13.1,"Cold ❄️","2026-03-19 13:11:19.854495"
2744,"Dilijan",8.5,11.4,"Cold ❄️","2026-03-19 13:11:21.33199"
2745,"Hrazdan",8.2,1.6,"Cold ❄️","2026-03-19 13:11:22.258708"
2746,"Abovyan",9.7,5.2,"Cold ❄️","2026-03-19 13:11:23.689239"
2747,"Goris",7.1,10.4,"Cold ❄️","2026-03-19 13:11:32.2943"
2748,"Sevan",6.4,10.0,"Cold ❄️","2026-03-19 13:11:33.724894"
2749,"Ijevan",8.4,8.3,"Cold ❄️","2026-03-19 13:11:34.85119"
2750,"Artashat",15.9,18.0,"Mild 🌤","2026-03-19 13:11:41.30062"
2751,"Sisian",8.4,14.3,"Cold ❄️","2026-03-19 13:11:42.631829"
2752,"Yerevan",14.4,3.6,"Mild 🌤","2026-03-19 13:11:43.861514"
2753,"Gyumri",7.4,6.7,"Cold ❄️","2026-03-19 13:11:45.7093"
2754,"Vanadzor",7.8,13.1,"Cold ❄️","2026-03-19 13:11:46.532933"
2755,"Dilijan",8.5,11.4,"Cold ❄️","2026-03-19 13:11:47.755918"
2756,"Abovyan",9.7,5.2,"Cold ❄️","2026-03-19 13:11:55.637362"
2757,"Kapan",10.2,9.7,"Mild 🌤","2026-03-19 13:11:56.763312"
2758,"Goris",7.1,10.4,"Cold ❄️","2026-03-19 13:11:57.870699"
2759,"Sevan",6.4,10.0,"Cold ❄️","2026-03-19 13:11:59.12337"
2760,"Ijevan",8.4,8.3,"Cold ❄️","2026-03-19 13:12:01.478168"
2761,"Armavir",14.8,4.1,"Mild 🌤","2026-03-19 13:12:02.352111"
2762,"Artashat",15.9,18.0,"Mild 🌤","2026-03-19 13:12:04.341314"
2763,"Sisian",8.4,14.3,"Cold ❄️","2026-03-19 13:12:05.879259"
2764,"Yerevan",14.4,3.6,"Mild 🌤","2026-03-19 13:12:07.411249"
2765,"Gyumri",7.4,6.7,"Cold ❄️","2026-03-19 13:12:08.438507"
2766,"Vanadzor",7.8,13.1,"Cold ❄️","2026-03-19 13:12:09.838382"
2767,"Dilijan",8.5,11.4,"Cold ❄️","2026-03-19 13:12:11.304614"
2768,"Hrazdan",8.2,1.6,"Cold ❄️","2026-03-19 13:12:12.635476"
2769,"Abovyan",9.7,5.2,"Cold ❄️","2026-03-19 13:12:13.871084"
2770,"Kapan",10.2,9.7,"Mild 🌤","2026-03-19 13:12:14.785919"
2771,"Goris",7.1,10.4,"Cold ❄️","2026-03-19 13:12:15.912666"
2772,"Sevan",6.4,10.0,"Cold ❄️","2026-03-19 13:12:17.346238"
2773,"Ijevan",8.4,8.3,"Cold ❄️","2026-03-19 13:12:18.050347"
2774,"Armavir",14.8,4.1,"Mild 🌤","2026-03-19 13:12:19.496591"
2775,"Artashat",15.9,18.0,"Mild 🌤","2026-03-19 13:12:20.623336"
2776,"Sisian",8.4,14.3,"Cold ❄️","2026-03-19 13:12:21.870723"
2777,"Yerevan",14.4,3.6,"Mild 🌤","2026-03-19 13:12:23.498162"
2778,"Gyumri",7.4,6.7,"Cold ❄️","2026-03-19 13:12:24.61634"
2779,"Vanadzor",7.8,13.1,"Cold ❄️","2026-03-19 13:12:25.847753"
2780,"Dilijan",8.5,11.4,"Cold ❄️","2026-03-19 13:12:26.772462"
2781,"Hrazdan",8.2,1.6,"Cold ❄️","2026-03-19 13:12:27.995837"
2782,"Abovyan",9.7,5.2,"Cold ❄️","2026-03-19 13:12:29.429751"
2783,"Kapan",10.2,9.7,"Mild 🌤","2026-03-19 13:12:30.658548"
2784,"Goris",7.1,10.4,"Cold ❄️","2026-03-19 13:12:31.854441"
2785,"Sevan",6.4,10.0,"Cold ❄️","2026-03-19 13:12:33.629271"
2786,"Ijevan",8.4,8.3,"Cold ❄️","2026-03-19 13:12:34.814381"
2787,"Armavir",14.8,4.1,"Mild 🌤","2026-03-19 13:12:36.192908"
2788,"Artashat",15.9,18.0,"Mild 🌤","2026-03-19 13:12:37.211059"
2789,"Sisian",8.4,14.3,"Cold ❄️","2026-03-19 13:12:38.645733"
2985,"Yerevan",14.4,3.6,"Mild 🌤","2026-03-19 13:13:43.7718"
2986,"Gyumri",7.4,6.7,"Cold ❄️","2026-03-19 13:13:45.006985"
2987,"Vanadzor",7.8,13.1,"Cold ❄️","2026-03-19 13:13:45.838369"
2988,"Dilijan",8.5,11.4,"Cold ❄️","2026-03-19 13:13:47.357078"
2989,"Hrazdan",8.2,1.6,"Cold ❄️","2026-03-19 13:13:47.978032"
2990,"Abovyan",9.7,5.2,"Cold ❄️","2026-03-19 13:13:49.405368"
2991,"Kapan",10.2,9.7,"Mild 🌤","2026-03-19 13:13:50.63434"
2992,"Goris",7.1,10.4,"Cold ❄️","2026-03-19 13:13:51.854898"
2993,"Sevan",6.4,10.0,"Cold ❄️","2026-03-19 13:13:53.839767"
2994,"Ijevan",8.4,8.3,"Cold ❄️","2026-03-19 13:13:55.446656"
2995,"Armavir",14.8,4.1,"Mild 🌤","2026-03-19 13:13:56.778086"
2996,"Artashat",15.9,18.0,"Mild 🌤","2026-03-19 13:13:58.319385"
2997,"Sisian",8.4,14.3,"Cold ❄️","2026-03-19 13:13:59.142615"
3024,"Yerevan",14.4,3.6,"Mild 🌤","2026-03-19 13:14:11.535075"
3025,"Gyumri",7.4,6.7,"Cold ❄️","2026-03-19 13:14:11.813041"
3026,"Vanadzor",7.8,13.1,"Cold ❄️","2026-03-19 13:14:12.119888"
3027,"Dilijan",8.5,11.4,"Cold ❄️","2026-03-19 13:14:12.519788"
3028,"Hrazdan",8.2,1.6,"Cold ❄️","2026-03-19 13:14:12.877786"
3029,"Abovyan",9.7,5.2,"Cold ❄️","2026-03-19 13:14:13.137333"
3030,"Kapan",10.2,9.7,"Mild 🌤","2026-03-19 13:14:13.448448"
3031,"Goris",7.1,10.4,"Cold ❄️","2026-03-19 13:14:13.895118"
3032,"Sevan",6.4,10.0,"Cold ❄️","2026-03-19 13:14:14.208603"
3033,"Ijevan",8.4,8.3,"Cold ❄️","2026-03-19 13:14:14.485791"
3034,"Armavir",14.8,4.1,"Mild 🌤","2026-03-19 13:14:14.815221"
3035,"Artashat",15.9,18.0,"Mild 🌤","2026-03-19 13:14:15.076185"
3036,"Sisian",8.4,14.3,"Cold ❄️","2026-03-19 13:14:15.481911"
3063,"Yerevan",14.4,3.6,"Mild 🌤","2026-03-19 13:14:43.678391"
3064,"Gyumri",7.4,6.7,"Cold ❄️","2026-03-19 13:14:44.525028"
3065,"Vanadzor",7.8,13.1,"Cold ❄️","2026-03-19 13:14:45.269045"
3066,"Dilijan",8.5,11.4,"Cold ❄️","2026-03-19 13:14:46.648161"
3067,"Hrazdan",8.2,1.6,"Cold ❄️","2026-03-19 13:14:47.854781"
3068,"Abovyan",9.7,5.2,"Cold ❄️","2026-03-19 13:14:49.838632"
3069,"Kapan",10.2,9.7,"Mild 🌤","2026-03-19 13:14:51.293205"
3070,"Goris",7.1,10.4,"Cold ❄️","2026-03-19 13:14:52.285128"
3071,"Sevan",6.4,10.0,"Cold ❄️","2026-03-19 13:14:53.71922"
3072,"Ijevan",8.4,8.3,"Cold ❄️","2026-03-19 13:14:54.947387"
3073,"Armavir",14.8,4.1,"Mild 🌤","2026-03-19 13:14:56.173808"
3074,"Artashat",15.9,18.0,"Mild 🌤","2026-03-19 13:14:57.100971"
3075,"Sisian",8.4,14.3,"Cold ❄️","2026-03-19 13:14:58.221115"
3102,"Yerevan",14.3,2.5,"Mild 🌤","2026-03-19 13:15:31.885177"
3103,"Gyumri",7.3,6.4,"Cold ❄️","2026-03-19 13:15:32.946423"
3104,"Dilijan",8.1,10.9,"Cold ❄️","2026-03-19 13:15:39.28211"
3105,"Hrazdan",8.0,4.3,"Cold ❄️","2026-03-19 13:15:40.206001"
3106,"Abovyan",9.6,4.3,"Cold ❄️","2026-03-19 13:15:41.434659"
3107,"Kapan",10.0,9.7,"Cold ❄️","2026-03-19 13:15:42.865019"
3108,"Goris",6.9,9.9,"Cold ❄️","2026-03-19 13:15:43.69087"
3109,"Sevan",6.1,10.3,"Cold ❄️","2026-03-19 13:15:44.284165"
3110,"Ijevan",8.3,7.6,"Cold ❄️","2026-03-19 13:15:45.633539"
3111,"Armavir",14.8,3.3,"Mild 🌤","2026-03-19 13:15:46.101965"
3112,"Artashat",15.8,17.5,"Mild 🌤","2026-03-19 13:15:46.408663"
3113,"Sisian",8.0,13.8,"Cold ❄️","2026-03-19 13:15:46.780093"
3140,"Yerevan",14.3,2.5,"Mild 🌤","2026-03-19 13:15:51.187934"
3202,"Armavir",14.8,3.3,"Mild 🌤","2026-03-19 13:16:37.659719"
3203,"Artashat",15.8,17.5,"Mild 🌤","2026-03-19 13:16:39.392629"
3204,"Sisian",8.0,13.8,"Cold ❄️","2026-03-19 13:16:40.624681"
3231,"Yerevan",14.3,2.5,"Mild 🌤","2026-03-19 13:17:07.085137"
3232,"Gyumri",7.3,6.4,"Cold ❄️","2026-03-19 13:17:07.849282"
3233,"Vanadzor",7.5,13.1,"Cold ❄️","2026-03-19 13:17:08.10246"
3234,"Dilijan",8.1,10.9,"Cold ❄️","2026-03-19 13:17:08.399261"
3235,"Hrazdan",8.0,4.3,"Cold ❄️","2026-03-19 13:17:10.833202"
3236,"Kapan",10.0,9.7,"Cold ❄️","2026-03-19 13:17:22.929285"
3237,"Goris",6.9,9.9,"Cold ❄️","2026-03-19 13:17:23.823604"
3238,"Sevan",6.1,10.3,"Cold ❄️","2026-03-19 13:17:27.833859"
3239,"Ijevan",8.3,7.6,"Cold ❄️","2026-03-19 13:17:29.059181"
3240,"Armavir",14.8,3.3,"Mild 🌤","2026-03-19 13:17:29.829158"
3241,"Artashat",15.8,17.5,"Mild 🌤","2026-03-19 13:17:31.004651"
3242,"Sisian",8.0,13.8,"Cold ❄️","2026-03-19 13:17:32.027366"
3308,"Yerevan",14.3,2.5,"Mild 🌤","2026-03-19 13:17:55.17327"
3309,"Gyumri",7.3,6.4,"Cold ❄️","2026-03-19 13:17:55.687978"
3310,"Vanadzor",7.5,13.1,"Cold ❄️","2026-03-19 13:17:56.075214"
3311,"Dilijan",8.1,10.9,"Cold ❄️","2026-03-19 13:17:56.455291"
3312,"Hrazdan",8.0,4.3,"Cold ❄️","2026-03-19 13:17:56.834024"
3313,"Abovyan",9.6,4.3,"Cold ❄️","2026-03-19 13:17:57.250806"
3314,"Kapan",10.0,9.7,"Cold ❄️","2026-03-19 13:17:57.66601"
3315,"Goris",6.9,9.9,"Cold ❄️","2026-03-19 13:17:58.046749"
3316,"Sevan",6.1,10.3,"Cold ❄️","2026-03-19 13:17:58.453116"
3317,"Ijevan",8.3,7.6,"Cold ❄️","2026-03-19 13:17:59.280916"
3318,"Armavir",14.8,3.3,"Mild 🌤","2026-03-19 13:17:59.732073"
3319,"Artashat",15.8,17.5,"Mild 🌤","2026-03-19 13:18:00.12811"
3320,"Sisian",8.0,13.8,"Cold ❄️","2026-03-19 13:18:00.498912"
3347,"Yerevan",14.3,2.5,"Mild 🌤","2026-03-19 13:18:22.309198"
3348,"Gyumri",7.3,6.4,"Cold ❄️","2026-03-19 13:18:23.944466"
3349,"Vanadzor",7.5,13.1,"Cold ❄️","2026-03-19 13:18:25.378038"
3350,"Dilijan",8.1,10.9,"Cold ❄️","2026-03-19 13:18:25.992767"
3351,"Hrazdan",8.0,4.3,"Cold ❄️","2026-03-19 13:18:27.529504"
3352,"Abovyan",9.6,4.3,"Cold ❄️","2026-03-19 13:18:28.864484"
3353,"Kapan",10.0,9.7,"Cold ❄️","2026-03-19 13:18:29.871626"
3354,"Goris",6.9,9.9,"Cold ❄️","2026-03-19 13:18:30.703584"
3355,"Sevan",6.1,10.3,"Cold ❄️","2026-03-19 13:18:31.854645"
3356,"Ijevan",8.3,7.6,"Cold ❄️","2026-03-19 13:18:32.547194"
3357,"Armavir",14.8,3.3,"Mild 🌤","2026-03-19 13:18:33.838248"
3358,"Artashat",15.8,17.5,"Mild 🌤","2026-03-19 13:18:35.725202"
3359,"Sisian",8.0,13.8,"Cold ❄️","2026-03-19 13:18:37.873818"
4661,"Yerevan",14.2,1.3,"Mild 🌤","2026-03-19 13:35:47.833585"
4662,"Gyumri",7.2,5.7,"Cold ❄️","2026-03-19 13:35:49.47255"
4663,"Vanadzor",7.1,12.6,"Cold ❄️","2026-03-19 13:35:50.578044"
4664,"Dilijan",7.7,10.1,"Cold ❄️","2026-03-19 13:35:52.237205"
4665,"Hrazdan",7.8,7.1,"Cold ❄️","2026-03-19 13:35:53.771711"
4666,"Abovyan",9.4,3.1,"Cold ❄️","2026-03-19 13:35:54.924748"
4667,"Kapan",9.7,9.3,"Cold ❄️","2026-03-19 13:35:56.231044"
4668,"Goris",6.8,9.2,"Cold ❄️","2026-03-19 13:35:57.137538"
4669,"Sevan",5.7,10.7,"Cold ❄️","2026-03-19 13:35:57.96941"
4670,"Ijevan",8.2,6.9,"Cold ❄️","2026-03-19 13:35:59.505968"
4671,"Armavir",14.8,2.5,"Mild 🌤","2026-03-19 13:36:01.838867"
4672,"Artashat",15.7,16.3,"Mild 🌤","2026-03-19 13:36:02.98958"
4673,"Sisian",7.6,13.2,"Cold ❄️","2026-03-19 13:36:04.221583"
4700,"Yerevan",14.2,1.3,"Mild 🌤","2026-03-19 13:36:23.705144"
4701,"Gyumri",7.2,5.7,"Cold ❄️","2026-03-19 13:36:24.037477"
4702,"Vanadzor",7.1,12.6,"Cold ❄️","2026-03-19 13:36:24.307981"
4703,"Dilijan",7.7,10.1,"Cold ❄️","2026-03-19 13:36:24.587591"
4704,"Hrazdan",7.8,7.1,"Cold ❄️","2026-03-19 13:36:24.924143"
4705,"Abovyan",9.4,3.1,"Cold ❄️","2026-03-19 13:36:25.26575"
4706,"Kapan",9.7,9.3,"Cold ❄️","2026-03-19 13:36:25.65473"
4707,"Goris",6.8,9.2,"Cold ❄️","2026-03-19 13:36:26.039993"
4708,"Sevan",5.7,10.7,"Cold ❄️","2026-03-19 13:36:26.310363"
4709,"Ijevan",8.2,6.9,"Cold ❄️","2026-03-19 13:36:26.578876"
4710,"Armavir",14.8,2.5,"Mild 🌤","2026-03-19 13:36:26.85021"
4711,"Artashat",15.7,16.3,"Mild 🌤","2026-03-19 13:36:27.287649"
4712,"Sisian",7.6,13.2,"Cold ❄️","2026-03-19 13:36:27.782907"
4739,"Yerevan",14.2,1.3,"Mild 🌤","2026-03-19 13:36:58.595248"
4740,"Gyumri",7.2,5.7,"Cold ❄️","2026-03-19 13:37:00.948621"
4741,"Vanadzor",7.1,12.6,"Cold ❄️","2026-03-19 13:37:01.869831"
4742,"Dilijan",7.7,10.1,"Cold ❄️","2026-03-19 13:37:02.997142"
4743,"Hrazdan",7.8,7.1,"Cold ❄️","2026-03-19 13:37:04.229308"
4744,"Abovyan",9.4,3.1,"Cold ❄️","2026-03-19 13:37:07.886865"
4745,"Kapan",9.7,9.3,"Cold ❄️","2026-03-19 13:37:09.870925"
4746,"Goris",6.8,9.2,"Cold ❄️","2026-03-19 13:37:11.904292"
4747,"Sevan",5.7,10.7,"Cold ❄️","2026-03-19 13:37:14.264653"
4748,"Ijevan",8.2,6.9,"Cold ❄️","2026-03-19 13:37:15.69844"
4749,"Armavir",14.8,2.5,"Mild 🌤","2026-03-19 13:37:16.717249"
4750,"Artashat",15.7,16.3,"Mild 🌤","2026-03-19 13:37:17.870682"
4751,"Sisian",7.6,13.2,"Cold ❄️","2026-03-19 13:37:19.076693"
5011,"Vanadzor",7.1,12.6,"Cold ❄️","2026-03-19 13:41:56.68436"
5012,"Dilijan",7.7,10.1,"Cold ❄️","2026-03-19 13:41:58.019276"
5013,"Hrazdan",7.8,7.1,"Cold ❄️","2026-03-19 13:41:58.938022"
5014,"Abovyan",9.4,3.1,"Cold ❄️","2026-03-19 13:42:01.19054"
5015,"Kapan",9.7,9.3,"Cold ❄️","2026-03-19 13:42:02.216387"
5016,"Goris",6.8,9.2,"Cold ❄️","2026-03-19 13:42:03.75531"
5017,"Sevan",5.7,10.7,"Cold ❄️","2026-03-19 13:42:05.086228"
5018,"Ijevan",8.2,6.9,"Cold ❄️","2026-03-19 13:42:06.21299"
5019,"Armavir",14.8,2.5,"Mild 🌤","2026-03-19 13:42:07.236596"
5020,"Artashat",15.7,16.3,"Mild 🌤","2026-03-19 13:42:09.282256"
5021,"Sisian",7.6,13.2,"Cold ❄️","2026-03-19 13:42:10.512491"
5048,"Yerevan",14.2,1.3,"Mild 🌤","2026-03-19 13:42:52.047151"
5049,"Gyumri",7.2,5.7,"Cold ❄️","2026-03-19 13:42:52.716824"
5050,"Vanadzor",7.1,12.6,"Cold ❄️","2026-03-19 13:42:54.239039"
5051,"Dilijan",7.7,10.1,"Cold ❄️","2026-03-19 13:42:55.361015"
5052,"Hrazdan",7.8,7.1,"Cold ❄️","2026-03-19 13:42:57.181012"
5053,"Abovyan",9.4,3.1,"Cold ❄️","2026-03-19 13:42:58.248001"
3205,"Yerevan",14.3,2.5,"Mild 🌤","2026-03-19 13:16:41.837138"
3206,"Gyumri",7.3,6.4,"Cold ❄️","2026-03-19 13:16:43.283643"
3207,"Vanadzor",7.5,13.1,"Cold ❄️","2026-03-19 13:16:44.617841"
3208,"Dilijan",8.1,10.9,"Cold ❄️","2026-03-19 13:16:45.843854"
3209,"Hrazdan",8.0,4.3,"Cold ❄️","2026-03-19 13:16:46.989065"
3210,"Abovyan",9.6,4.3,"Cold ❄️","2026-03-19 13:16:47.890854"
3211,"Kapan",10.0,9.7,"Cold ❄️","2026-03-19 13:16:49.325309"
3212,"Goris",6.9,9.9,"Cold ❄️","2026-03-19 13:16:50.144935"
3213,"Sevan",6.1,10.3,"Cold ❄️","2026-03-19 13:16:51.273261"
3214,"Ijevan",8.3,7.6,"Cold ❄️","2026-03-19 13:16:52.621226"
3215,"Armavir",14.8,3.3,"Mild 🌤","2026-03-19 13:16:56.904334"
3216,"Artashat",15.8,17.5,"Mild 🌤","2026-03-19 13:16:59.365608"
3217,"Sisian",8.0,13.8,"Cold ❄️","2026-03-19 13:17:00.284215"
3243,"Yerevan",14.3,2.5,"Mild 🌤","2026-03-19 13:17:33.068913"
3244,"Gyumri",7.3,6.4,"Cold ❄️","2026-03-19 13:17:34.898868"
3245,"Vanadzor",7.5,13.1,"Cold ❄️","2026-03-19 13:17:36.029392"
3246,"Dilijan",8.1,10.9,"Cold ❄️","2026-03-19 13:17:38.1762"
3247,"Hrazdan",8.0,4.3,"Cold ❄️","2026-03-19 13:17:39.609796"
3248,"Abovyan",9.6,4.3,"Cold ❄️","2026-03-19 13:17:40.941075"
3249,"Kapan",10.0,9.7,"Cold ❄️","2026-03-19 13:17:42.273502"
3250,"Goris",6.9,9.9,"Cold ❄️","2026-03-19 13:17:44.217329"
3251,"Sevan",6.1,10.3,"Cold ❄️","2026-03-19 13:17:45.450358"
3252,"Ijevan",8.3,7.6,"Cold ❄️","2026-03-19 13:17:46.571193"
3253,"Armavir",14.8,3.3,"Mild 🌤","2026-03-19 13:17:47.695038"
3254,"Artashat",15.8,17.5,"Mild 🌤","2026-03-19 13:17:48.224187"
3255,"Sisian",8.0,13.8,"Cold ❄️","2026-03-19 13:17:48.975714"
3269,"Yerevan",14.3,2.5,"Mild 🌤","2026-03-19 13:17:49.744878"
3270,"Gyumri",7.3,6.4,"Cold ❄️","2026-03-19 13:17:50.142152"
3271,"Vanadzor",7.5,13.1,"Cold ❄️","2026-03-19 13:17:50.453433"
3272,"Dilijan",8.1,10.9,"Cold ❄️","2026-03-19 13:17:50.812277"
3273,"Hrazdan",8.0,4.3,"Cold ❄️","2026-03-19 13:17:51.248988"
3274,"Abovyan",9.6,4.3,"Cold ❄️","2026-03-19 13:17:51.683913"
3275,"Kapan",10.0,9.7,"Cold ❄️","2026-03-19 13:17:52.08685"
3276,"Goris",6.9,9.9,"Cold ❄️","2026-03-19 13:17:52.499083"
3277,"Sevan",6.1,10.3,"Cold ❄️","2026-03-19 13:17:52.903338"
3278,"Ijevan",8.3,7.6,"Cold ❄️","2026-03-19 13:17:53.315459"
3279,"Armavir",14.8,3.3,"Mild 🌤","2026-03-19 13:17:53.824929"
3280,"Artashat",15.8,17.5,"Mild 🌤","2026-03-19 13:17:54.338127"
3281,"Sisian",8.0,13.8,"Cold ❄️","2026-03-19 13:17:54.7676"
3282,"Yerevan",14.3,2.5,"Mild 🌤","2026-03-19 13:17:55.177711"
3283,"Gyumri",7.3,6.4,"Cold ❄️","2026-03-19 13:17:55.654254"
3284,"Vanadzor",7.5,13.1,"Cold ❄️","2026-03-19 13:17:56.037098"
3285,"Dilijan",8.1,10.9,"Cold ❄️","2026-03-19 13:17:56.45932"
3286,"Hrazdan",8.0,4.3,"Cold ❄️","2026-03-19 13:17:56.869112"
3287,"Abovyan",9.6,4.3,"Cold ❄️","2026-03-19 13:17:57.302091"
3288,"Kapan",10.0,9.7,"Cold ❄️","2026-03-19 13:17:57.62918"
3289,"Goris",6.9,9.9,"Cold ❄️","2026-03-19 13:17:58.017736"
3290,"Sevan",6.1,10.3,"Cold ❄️","2026-03-19 13:17:58.418461"
3291,"Ijevan",8.3,7.6,"Cold ❄️","2026-03-19 13:17:58.827851"
3292,"Armavir",14.8,3.3,"Mild 🌤","2026-03-19 13:17:59.258454"
3293,"Artashat",15.8,17.5,"Mild 🌤","2026-03-19 13:17:59.584905"
3294,"Sisian",8.0,13.8,"Cold ❄️","2026-03-19 13:18:00.002611"
3321,"Yerevan",14.3,2.5,"Mild 🌤","2026-03-19 13:17:57.566871"
3322,"Gyumri",7.3,6.4,"Cold ❄️","2026-03-19 13:17:57.929531"
3323,"Vanadzor",7.5,13.1,"Cold ❄️","2026-03-19 13:17:58.736234"
3324,"Dilijan",8.1,10.9,"Cold ❄️","2026-03-19 13:17:59.141064"
3325,"Hrazdan",8.0,4.3,"Cold ❄️","2026-03-19 13:17:59.527315"
3326,"Abovyan",9.6,4.3,"Cold ❄️","2026-03-19 13:17:59.894877"
3327,"Kapan",10.0,9.7,"Cold ❄️","2026-03-19 13:18:00.291989"
3328,"Goris",6.9,9.9,"Cold ❄️","2026-03-19 13:18:00.689018"
3329,"Sevan",6.1,10.3,"Cold ❄️","2026-03-19 13:18:01.096362"
3330,"Ijevan",8.3,7.6,"Cold ❄️","2026-03-19 13:18:01.819482"
3331,"Armavir",14.8,3.3,"Mild 🌤","2026-03-19 13:18:02.160705"
3332,"Artashat",15.8,17.5,"Mild 🌤","2026-03-19 13:18:02.559928"
3333,"Sisian",8.0,13.8,"Cold ❄️","2026-03-19 13:18:02.984042"
4674,"Yerevan",14.2,1.3,"Mild 🌤","2026-03-19 13:36:05.653367"
4675,"Gyumri",7.2,5.7,"Cold ❄️","2026-03-19 13:36:06.469755"
4676,"Vanadzor",7.1,12.6,"Cold ❄️","2026-03-19 13:36:07.703544"
4677,"Dilijan",7.7,10.1,"Cold ❄️","2026-03-19 13:36:08.212232"
4678,"Hrazdan",7.8,7.1,"Cold ❄️","2026-03-19 13:36:09.341329"
4679,"Abovyan",9.4,3.1,"Cold ❄️","2026-03-19 13:36:10.567554"
4680,"Kapan",9.7,9.3,"Cold ❄️","2026-03-19 13:36:12.157133"
4681,"Goris",6.8,9.2,"Cold ❄️","2026-03-19 13:36:13.13291"
4682,"Sevan",5.7,10.7,"Cold ❄️","2026-03-19 13:36:14.768843"
4683,"Ijevan",8.2,6.9,"Cold ❄️","2026-03-19 13:36:16.172986"
4684,"Armavir",14.8,2.5,"Mild 🌤","2026-03-19 13:36:17.734075"
4685,"Artashat",15.7,16.3,"Mild 🌤","2026-03-19 13:36:18.127575"
4686,"Sisian",7.6,13.2,"Cold ❄️","2026-03-19 13:36:18.399866"
4713,"Yerevan",14.2,1.3,"Mild 🌤","2026-03-19 13:36:28.062748"
4714,"Gyumri",7.2,5.7,"Cold ❄️","2026-03-19 13:36:28.329829"
4715,"Vanadzor",7.1,12.6,"Cold ❄️","2026-03-19 13:36:28.63044"
4716,"Dilijan",7.7,10.1,"Cold ❄️","2026-03-19 13:36:28.953659"
4717,"Hrazdan",7.8,7.1,"Cold ❄️","2026-03-19 13:36:29.243497"
4718,"Abovyan",9.4,3.1,"Cold ❄️","2026-03-19 13:36:29.510128"
4719,"Kapan",9.7,9.3,"Cold ❄️","2026-03-19 13:36:29.816845"
4720,"Goris",6.8,9.2,"Cold ❄️","2026-03-19 13:36:30.071814"
4721,"Sevan",5.7,10.7,"Cold ❄️","2026-03-19 13:36:31.767323"
4722,"Ijevan",8.2,6.9,"Cold ❄️","2026-03-19 13:36:32.584252"
4723,"Armavir",14.8,2.5,"Mild 🌤","2026-03-19 13:36:33.838949"
4724,"Artashat",15.7,16.3,"Mild 🌤","2026-03-19 13:36:35.859089"
4725,"Sisian",7.6,13.2,"Cold ❄️","2026-03-19 13:36:36.990268"
4752,"Yerevan",14.2,1.3,"Mild 🌤","2026-03-19 13:37:20.123563"
4753,"Gyumri",7.2,5.7,"Cold ❄️","2026-03-19 13:37:21.141238"
4754,"Vanadzor",7.1,12.6,"Cold ❄️","2026-03-19 13:37:22.971442"
4755,"Dilijan",7.7,10.1,"Cold ❄️","2026-03-19 13:37:25.118332"
4756,"Hrazdan",7.8,7.1,"Cold ❄️","2026-03-19 13:37:26.450183"
4757,"Abovyan",9.4,3.1,"Cold ❄️","2026-03-19 13:37:27.854638"
3218,"Yerevan",14.3,2.5,"Mild 🌤","2026-03-19 13:17:01.714422"
3219,"Gyumri",7.3,6.4,"Cold ❄️","2026-03-19 13:17:02.745102"
3220,"Vanadzor",7.5,13.1,"Cold ❄️","2026-03-19 13:17:03.577543"
3221,"Dilijan",8.1,10.9,"Cold ❄️","2026-03-19 13:17:03.983825"
3222,"Hrazdan",8.0,4.3,"Cold ❄️","2026-03-19 13:17:04.247077"
3223,"Abovyan",9.6,4.3,"Cold ❄️","2026-03-19 13:17:04.558859"
3224,"Kapan",10.0,9.7,"Cold ❄️","2026-03-19 13:17:04.947845"
3225,"Goris",6.9,9.9,"Cold ❄️","2026-03-19 13:17:05.299777"
3226,"Sevan",6.1,10.3,"Cold ❄️","2026-03-19 13:17:05.559881"
3227,"Ijevan",8.3,7.6,"Cold ❄️","2026-03-19 13:17:05.830651"
3228,"Armavir",14.8,3.3,"Mild 🌤","2026-03-19 13:17:06.111325"
3229,"Artashat",15.8,17.5,"Mild 🌤","2026-03-19 13:17:06.407555"
3230,"Sisian",8.0,13.8,"Cold ❄️","2026-03-19 13:17:06.748762"
3256,"Yerevan",14.3,2.5,"Mild 🌤","2026-03-19 13:17:49.747037"
3257,"Gyumri",7.3,6.4,"Cold ❄️","2026-03-19 13:17:50.145942"
3258,"Vanadzor",7.5,13.1,"Cold ❄️","2026-03-19 13:17:50.43149"
3259,"Dilijan",8.1,10.9,"Cold ❄️","2026-03-19 13:17:50.809581"
3260,"Hrazdan",8.0,4.3,"Cold ❄️","2026-03-19 13:17:51.245127"
3261,"Abovyan",9.6,4.3,"Cold ❄️","2026-03-19 13:17:51.681106"
3262,"Kapan",10.0,9.7,"Cold ❄️","2026-03-19 13:17:52.09022"
3263,"Goris",6.9,9.9,"Cold ❄️","2026-03-19 13:17:52.495489"
3264,"Sevan",6.1,10.3,"Cold ❄️","2026-03-19 13:17:52.900376"
3265,"Ijevan",8.3,7.6,"Cold ❄️","2026-03-19 13:17:53.318166"
3266,"Armavir",14.8,3.3,"Mild 🌤","2026-03-19 13:17:53.821005"
3267,"Artashat",15.8,17.5,"Mild 🌤","2026-03-19 13:17:54.334819"
3268,"Sisian",8.0,13.8,"Cold ❄️","2026-03-19 13:17:54.763307"
3295,"Yerevan",14.3,2.5,"Mild 🌤","2026-03-19 13:17:55.176054"
3296,"Gyumri",7.3,6.4,"Cold ❄️","2026-03-19 13:17:55.658348"
3297,"Vanadzor",7.5,13.1,"Cold ❄️","2026-03-19 13:17:56.040751"
3298,"Dilijan",8.1,10.9,"Cold ❄️","2026-03-19 13:17:56.485169"
3299,"Hrazdan",8.0,4.3,"Cold ❄️","2026-03-19 13:17:56.865443"
3300,"Abovyan",9.6,4.3,"Cold ❄️","2026-03-19 13:17:57.298211"
3301,"Kapan",10.0,9.7,"Cold ❄️","2026-03-19 13:17:57.633148"
3302,"Goris",6.9,9.9,"Cold ❄️","2026-03-19 13:17:58.044192"
3303,"Sevan",6.1,10.3,"Cold ❄️","2026-03-19 13:17:58.456543"
3304,"Ijevan",8.3,7.6,"Cold ❄️","2026-03-19 13:17:58.919822"
3305,"Armavir",14.8,3.3,"Mild 🌤","2026-03-19 13:17:59.312815"
3306,"Artashat",15.8,17.5,"Mild 🌤","2026-03-19 13:17:59.657511"
3307,"Sisian",8.0,13.8,"Cold ❄️","2026-03-19 13:18:00.016078"
3334,"Yerevan",14.3,2.5,"Mild 🌤","2026-03-19 13:18:08.174593"
3335,"Gyumri",7.3,6.4,"Cold ❄️","2026-03-19 13:18:09.655428"
3336,"Vanadzor",7.5,13.1,"Cold ❄️","2026-03-19 13:18:10.734918"
3337,"Dilijan",8.1,10.9,"Cold ❄️","2026-03-19 13:18:11.886291"
3338,"Hrazdan",8.0,4.3,"Cold ❄️","2026-03-19 13:18:12.700968"
3339,"Abovyan",9.6,4.3,"Cold ❄️","2026-03-19 13:18:13.909012"
3340,"Kapan",10.0,9.7,"Cold ❄️","2026-03-19 13:18:15.040867"
3341,"Goris",6.9,9.9,"Cold ❄️","2026-03-19 13:18:15.670677"
3342,"Sevan",6.1,10.3,"Cold ❄️","2026-03-19 13:18:16.677246"
3343,"Ijevan",8.3,7.6,"Cold ❄️","2026-03-19 13:18:17.800721"
3344,"Armavir",14.8,3.3,"Mild 🌤","2026-03-19 13:18:19.341295"
3345,"Artashat",15.8,17.5,"Mild 🌤","2026-03-19 13:18:20.053446"
3346,"Sisian",8.0,13.8,"Cold ❄️","2026-03-19 13:18:21.157031"
3360,"Yerevan",14.3,2.5,"Mild 🌤","2026-03-19 13:18:38.722541"
3361,"Gyumri",7.3,6.4,"Cold ❄️","2026-03-19 13:18:39.742021"
3362,"Vanadzor",7.5,13.1,"Cold ❄️","2026-03-19 13:18:40.943725"
3363,"Dilijan",8.1,10.9,"Cold ❄️","2026-03-19 13:18:42.176999"
3364,"Hrazdan",8.0,4.3,"Cold ❄️","2026-03-19 13:18:43.508343"
3365,"Abovyan",9.6,4.3,"Cold ❄️","2026-03-19 13:18:44.737158"
3366,"Kapan",10.0,9.7,"Cold ❄️","2026-03-19 13:18:45.960801"
3367,"Goris",6.9,9.9,"Cold ❄️","2026-03-19 13:18:46.883496"
3368,"Sevan",6.1,10.3,"Cold ❄️","2026-03-19 13:18:48.218891"
3369,"Ijevan",8.3,7.6,"Cold ❄️","2026-03-19 13:18:49.238651"
3370,"Armavir",14.8,3.3,"Mild 🌤","2026-03-19 13:18:50.67153"
3371,"Artashat",15.8,17.5,"Mild 🌤","2026-03-19 13:18:51.885853"
3372,"Sisian",8.0,13.8,"Cold ❄️","2026-03-19 13:18:53.133944"
3373,"Yerevan",14.3,2.5,"Mild 🌤","2026-03-19 13:18:54.771538"
3374,"Gyumri",7.3,6.4,"Cold ❄️","2026-03-19 13:18:56.307667"
3375,"Vanadzor",7.5,13.1,"Cold ❄️","2026-03-19 13:18:57.736824"
3376,"Dilijan",8.1,10.9,"Cold ❄️","2026-03-19 13:18:59.176797"
3377,"Hrazdan",8.0,4.3,"Cold ❄️","2026-03-19 13:19:00.302435"
3378,"Abovyan",9.6,4.3,"Cold ❄️","2026-03-19 13:19:01.834009"
3379,"Kapan",10.0,9.7,"Cold ❄️","2026-03-19 13:19:02.629807"
3380,"Goris",6.9,9.9,"Cold ❄️","2026-03-19 13:19:03.854705"
3381,"Sevan",6.1,10.3,"Cold ❄️","2026-03-19 13:19:05.632243"
3382,"Ijevan",8.3,7.6,"Cold ❄️","2026-03-19 13:19:07.176183"
3383,"Armavir",14.8,3.3,"Mild 🌤","2026-03-19 13:19:08.904243"
3384,"Artashat",15.8,17.5,"Mild 🌤","2026-03-19 13:19:10.742501"
3385,"Sisian",8.0,13.8,"Cold ❄️","2026-03-19 13:19:12.075464"
3386,"Yerevan",14.3,2.5,"Mild 🌤","2026-03-19 13:19:13.303926"
3387,"Gyumri",7.3,6.4,"Cold ❄️","2026-03-19 13:19:14.429048"
3388,"Vanadzor",7.5,13.1,"Cold ❄️","2026-03-19 13:19:15.887868"
3389,"Dilijan",8.1,10.9,"Cold ❄️","2026-03-19 13:19:17.399493"
3390,"Hrazdan",8.0,4.3,"Cold ❄️","2026-03-19 13:19:18.632336"
3391,"Abovyan",9.6,4.3,"Cold ❄️","2026-03-19 13:19:19.857145"
3392,"Kapan",10.0,9.7,"Cold ❄️","2026-03-19 13:19:21.913721"
3393,"Goris",6.9,9.9,"Cold ❄️","2026-03-19 13:19:23.048728"
3394,"Sevan",6.1,10.3,"Cold ❄️","2026-03-19 13:19:24.281305"
3395,"Ijevan",8.3,7.6,"Cold ❄️","2026-03-19 13:19:26.516169"
3396,"Armavir",14.8,3.3,"Mild 🌤","2026-03-19 13:19:27.849051"
3397,"Artashat",15.8,17.5,"Mild 🌤","2026-03-19 13:19:28.870466"
3398,"Sisian",8.0,13.8,"Cold ❄️","2026-03-19 13:19:29.997898"
3399,"Yerevan",14.3,2.5,"Mild 🌤","2026-03-19 13:19:31.531999"
3400,"Gyumri",7.3,6.4,"Cold ❄️","2026-03-19 13:19:32.874746"
3401,"Vanadzor",7.5,13.1,"Cold ❄️","2026-03-19 13:19:34.097686"
3402,"Dilijan",8.1,10.9,"Cold ❄️","2026-03-19 13:19:35.626116"
3403,"Hrazdan",8.0,4.3,"Cold ❄️","2026-03-19 13:19:36.963188"
3404,"Abovyan",9.6,4.3,"Cold ❄️","2026-03-19 13:19:38.201801"
3405,"Kapan",10.0,9.7,"Cold ❄️","2026-03-19 13:19:39.886413"
3406,"Goris",6.9,9.9,"Cold ❄️","2026-03-19 13:19:40.955589"
3407,"Sevan",6.1,10.3,"Cold ❄️","2026-03-19 13:19:42.086341"
3408,"Armavir",14.8,3.3,"Mild 🌤","2026-03-19 13:19:48.952026"
3409,"Artashat",15.8,17.5,"Mild 🌤","2026-03-19 13:19:51.605429"
3410,"Sisian",8.0,13.8,"Cold ❄️","2026-03-19 13:19:53.143875"
3435,"Yerevan",14.3,2.5,"Mild 🌤","2026-03-19 13:20:24.16695"
3436,"Gyumri",7.3,6.4,"Cold ❄️","2026-03-19 13:20:25.193204"
3437,"Vanadzor",7.5,13.1,"Cold ❄️","2026-03-19 13:20:25.804689"
3438,"Dilijan",8.1,10.9,"Cold ❄️","2026-03-19 13:20:26.521427"
3439,"Hrazdan",8.0,4.3,"Cold ❄️","2026-03-19 13:20:27.135282"
3440,"Abovyan",9.6,4.3,"Cold ❄️","2026-03-19 13:20:27.749866"
3441,"Kapan",10.0,9.7,"Cold ❄️","2026-03-19 13:20:28.367672"
3442,"Goris",6.9,9.9,"Cold ❄️","2026-03-19 13:20:28.978743"
3443,"Sevan",6.1,10.3,"Cold ❄️","2026-03-19 13:20:29.556901"
3444,"Ijevan",8.3,7.6,"Cold ❄️","2026-03-19 13:20:30.00286"
3445,"Armavir",14.8,3.3,"Mild 🌤","2026-03-19 13:20:30.719676"
3446,"Artashat",15.8,17.5,"Mild 🌤","2026-03-19 13:20:31.129944"
3447,"Sisian",8.0,13.8,"Cold ❄️","2026-03-19 13:20:32.757297"
3461,"Yerevan",14.3,2.5,"Mild 🌤","2026-03-19 13:20:33.48506"
3462,"Gyumri",7.3,6.4,"Cold ❄️","2026-03-19 13:20:34.102714"
3463,"Vanadzor",7.5,13.1,"Cold ❄️","2026-03-19 13:20:34.611205"
3464,"Dilijan",8.1,10.9,"Cold ❄️","2026-03-19 13:20:35.136316"
3465,"Hrazdan",8.0,4.3,"Cold ❄️","2026-03-19 13:20:35.73808"
3466,"Abovyan",9.6,4.3,"Cold ❄️","2026-03-19 13:20:36.186451"
3467,"Kapan",10.0,9.7,"Cold ❄️","2026-03-19 13:20:36.570324"
3468,"Goris",6.9,9.9,"Cold ❄️","2026-03-19 13:20:36.920964"
3469,"Sevan",6.1,10.3,"Cold ❄️","2026-03-19 13:20:37.226553"
3470,"Ijevan",8.3,7.6,"Cold ❄️","2026-03-19 13:20:37.522413"
3471,"Armavir",14.8,3.3,"Mild 🌤","2026-03-19 13:20:37.914657"
3472,"Artashat",15.8,17.5,"Mild 🌤","2026-03-19 13:20:38.302659"
3473,"Sisian",8.0,13.8,"Cold ❄️","2026-03-19 13:20:38.711983"
3474,"Yerevan",14.3,2.5,"Mild 🌤","2026-03-19 13:20:39.086272"
3475,"Gyumri",7.3,6.4,"Cold ❄️","2026-03-19 13:20:39.421711"
3476,"Vanadzor",7.5,13.1,"Cold ❄️","2026-03-19 13:20:39.767551"
3477,"Dilijan",8.1,10.9,"Cold ❄️","2026-03-19 13:20:40.145286"
3478,"Hrazdan",8.0,4.3,"Cold ❄️","2026-03-19 13:20:40.536301"
3479,"Abovyan",9.6,4.3,"Cold ❄️","2026-03-19 13:20:40.870073"
3480,"Kapan",10.0,9.7,"Cold ❄️","2026-03-19 13:20:41.181316"
3481,"Goris",6.9,9.9,"Cold ❄️","2026-03-19 13:20:41.439159"
3482,"Sevan",6.1,10.3,"Cold ❄️","2026-03-19 13:20:41.713516"
3483,"Ijevan",8.3,7.6,"Cold ❄️","2026-03-19 13:20:41.985964"
3484,"Armavir",14.8,3.3,"Mild 🌤","2026-03-19 13:20:42.28781"
3485,"Artashat",15.8,17.5,"Mild 🌤","2026-03-19 13:20:42.555496"
3486,"Sisian",8.0,13.8,"Cold ❄️","2026-03-19 13:20:42.833746"
3513,"Yerevan",14.3,2.5,"Mild 🌤","2026-03-19 13:20:39.088419"
3514,"Gyumri",7.3,6.4,"Cold ❄️","2026-03-19 13:20:39.429533"
3515,"Vanadzor",7.5,13.1,"Cold ❄️","2026-03-19 13:20:39.794333"
3516,"Dilijan",8.1,10.9,"Cold ❄️","2026-03-19 13:20:40.230253"
3517,"Hrazdan",8.0,4.3,"Cold ❄️","2026-03-19 13:20:40.622148"
3518,"Abovyan",9.6,4.3,"Cold ❄️","2026-03-19 13:20:41.052123"
3519,"Kapan",10.0,9.7,"Cold ❄️","2026-03-19 13:20:41.316515"
3520,"Goris",6.9,9.9,"Cold ❄️","2026-03-19 13:20:41.585037"
3521,"Sevan",6.1,10.3,"Cold ❄️","2026-03-19 13:20:41.840454"
3522,"Ijevan",8.3,7.6,"Cold ❄️","2026-03-19 13:20:42.123671"
3523,"Armavir",14.8,3.3,"Mild 🌤","2026-03-19 13:20:42.407107"
3524,"Artashat",15.8,17.5,"Mild 🌤","2026-03-19 13:20:42.681744"
3525,"Sisian",8.0,13.8,"Cold ❄️","2026-03-19 13:20:43.371217"
3552,"Yerevan",14.3,2.5,"Mild 🌤","2026-03-19 13:21:02.736161"
3553,"Gyumri",7.3,6.4,"Cold ❄️","2026-03-19 13:21:03.009345"
3554,"Vanadzor",7.5,13.1,"Cold ❄️","2026-03-19 13:21:03.404817"
3555,"Dilijan",8.1,10.9,"Cold ❄️","2026-03-19 13:21:03.74112"
3556,"Hrazdan",8.0,4.3,"Cold ❄️","2026-03-19 13:21:04.064254"
3557,"Abovyan",9.6,4.3,"Cold ❄️","2026-03-19 13:21:04.388585"
3558,"Kapan",10.0,9.7,"Cold ❄️","2026-03-19 13:21:04.67352"
3559,"Goris",6.9,9.9,"Cold ❄️","2026-03-19 13:21:04.969156"
3560,"Sevan",6.1,10.3,"Cold ❄️","2026-03-19 13:21:05.446482"
3561,"Ijevan",8.3,7.6,"Cold ❄️","2026-03-19 13:21:05.739225"
3562,"Armavir",14.8,3.3,"Mild 🌤","2026-03-19 13:21:06.027494"
3563,"Artashat",15.8,17.5,"Mild 🌤","2026-03-19 13:21:06.301432"
3564,"Sisian",8.0,13.8,"Cold ❄️","2026-03-19 13:21:06.660849"
3591,"Yerevan",14.3,2.5,"Mild 🌤","2026-03-19 13:21:35.856509"
3592,"Gyumri",7.3,6.4,"Cold ❄️","2026-03-19 13:21:36.67233"
3593,"Vanadzor",7.5,13.1,"Cold ❄️","2026-03-19 13:21:37.838853"
3594,"Dilijan",8.1,10.9,"Cold ❄️","2026-03-19 13:21:39.327064"
3595,"Hrazdan",8.0,4.3,"Cold ❄️","2026-03-19 13:21:40.556236"
3596,"Abovyan",9.6,4.3,"Cold ❄️","2026-03-19 13:21:41.682449"
3597,"Kapan",10.0,9.7,"Cold ❄️","2026-03-19 13:21:43.423255"
3598,"Goris",6.9,9.9,"Cold ❄️","2026-03-19 13:21:44.243862"
3599,"Sevan",6.1,10.3,"Cold ❄️","2026-03-19 13:21:45.680417"
3600,"Ijevan",8.3,7.6,"Cold ❄️","2026-03-19 13:21:46.704722"
3601,"Armavir",14.8,3.3,"Mild 🌤","2026-03-19 13:21:51.005046"
3602,"Artashat",15.8,17.5,"Mild 🌤","2026-03-19 13:21:52.234867"
3603,"Sisian",8.0,13.8,"Cold ❄️","2026-03-19 13:21:53.767149"
3630,"Yerevan",14.3,2.5,"Mild 🌤","2026-03-19 13:22:10.97256"
3631,"Gyumri",7.3,6.4,"Cold ❄️","2026-03-19 13:22:11.993733"
3632,"Vanadzor",7.5,13.1,"Cold ❄️","2026-03-19 13:22:13.427466"
3633,"Dilijan",8.1,10.9,"Cold ❄️","2026-03-19 13:22:14.655631"
3634,"Abovyan",9.6,4.3,"Cold ❄️","2026-03-19 13:22:21.414627"
3635,"Kapan",10.0,9.7,"Cold ❄️","2026-03-19 13:22:24.819087"
3636,"Goris",6.9,9.9,"Cold ❄️","2026-03-19 13:22:25.842284"
3637,"Sevan",6.1,10.3,"Cold ❄️","2026-03-19 13:22:26.846942"
3638,"Ijevan",8.3,7.6,"Cold ❄️","2026-03-19 13:22:28.284557"
3639,"Armavir",14.8,3.3,"Mild 🌤","2026-03-19 13:22:29.508594"
3640,"Artashat",15.8,17.5,"Mild 🌤","2026-03-19 13:22:30.835299"
3641,"Sisian",8.0,13.8,"Cold ❄️","2026-03-19 13:22:31.979724"
3668,"Yerevan",14.3,2.5,"Mild 🌤","2026-03-19 13:22:32.279115"
3411,"Yerevan",14.3,2.5,"Mild 🌤","2026-03-19 13:19:54.268763"
3412,"Gyumri",7.3,6.4,"Cold ❄️","2026-03-19 13:19:56.012965"
3413,"Vanadzor",7.5,13.1,"Cold ❄️","2026-03-19 13:19:57.870249"
3414,"Dilijan",8.1,10.9,"Cold ❄️","2026-03-19 13:19:58.874193"
3415,"Hrazdan",8.0,4.3,"Cold ❄️","2026-03-19 13:19:59.855321"
3416,"Abovyan",9.6,4.3,"Cold ❄️","2026-03-19 13:20:05.12063"
3417,"Sevan",6.1,10.3,"Cold ❄️","2026-03-19 13:20:09.008623"
3418,"Ijevan",8.3,7.6,"Cold ❄️","2026-03-19 13:20:11.474142"
3419,"Armavir",14.8,3.3,"Mild 🌤","2026-03-19 13:20:13.523082"
3420,"Artashat",15.8,17.5,"Mild 🌤","2026-03-19 13:20:14.13379"
3421,"Sisian",8.0,13.8,"Cold ❄️","2026-03-19 13:20:14.850298"
3448,"Yerevan",14.3,2.5,"Mild 🌤","2026-03-19 13:20:33.482901"
3449,"Gyumri",7.3,6.4,"Cold ❄️","2026-03-19 13:20:34.099775"
3450,"Vanadzor",7.5,13.1,"Cold ❄️","2026-03-19 13:20:34.615228"
3451,"Dilijan",8.1,10.9,"Cold ❄️","2026-03-19 13:20:35.140204"
3452,"Hrazdan",8.0,4.3,"Cold ❄️","2026-03-19 13:20:35.74122"
3453,"Abovyan",9.6,4.3,"Cold ❄️","2026-03-19 13:20:36.183297"
3454,"Kapan",10.0,9.7,"Cold ❄️","2026-03-19 13:20:36.565917"
3455,"Goris",6.9,9.9,"Cold ❄️","2026-03-19 13:20:36.930466"
3456,"Sevan",6.1,10.3,"Cold ❄️","2026-03-19 13:20:37.223048"
3457,"Ijevan",8.3,7.6,"Cold ❄️","2026-03-19 13:20:37.595313"
3458,"Armavir",14.8,3.3,"Mild 🌤","2026-03-19 13:20:37.934044"
3459,"Artashat",15.8,17.5,"Mild 🌤","2026-03-19 13:20:38.299447"
3460,"Sisian",8.0,13.8,"Cold ❄️","2026-03-19 13:20:38.706075"
3487,"Yerevan",14.3,2.5,"Mild 🌤","2026-03-19 13:20:39.124538"
3488,"Gyumri",7.3,6.4,"Cold ❄️","2026-03-19 13:20:39.434663"
3489,"Vanadzor",7.5,13.1,"Cold ❄️","2026-03-19 13:20:39.797505"
3490,"Dilijan",8.1,10.9,"Cold ❄️","2026-03-19 13:20:40.23403"
3491,"Hrazdan",8.0,4.3,"Cold ❄️","2026-03-19 13:20:40.620152"
3492,"Abovyan",9.6,4.3,"Cold ❄️","2026-03-19 13:20:41.014416"
3493,"Kapan",10.0,9.7,"Cold ❄️","2026-03-19 13:20:41.284537"
3494,"Goris",6.9,9.9,"Cold ❄️","2026-03-19 13:20:41.575067"
3495,"Sevan",6.1,10.3,"Cold ❄️","2026-03-19 13:20:41.874668"
3496,"Ijevan",8.3,7.6,"Cold ❄️","2026-03-19 13:20:42.167168"
3497,"Armavir",14.8,3.3,"Mild 🌤","2026-03-19 13:20:42.445471"
3498,"Artashat",15.8,17.5,"Mild 🌤","2026-03-19 13:20:42.713812"
3499,"Sisian",8.0,13.8,"Cold ❄️","2026-03-19 13:20:42.975244"
3526,"Yerevan",14.3,2.5,"Mild 🌤","2026-03-19 13:20:39.130729"
3527,"Gyumri",7.3,6.4,"Cold ❄️","2026-03-19 13:20:39.458433"
3528,"Vanadzor",7.5,13.1,"Cold ❄️","2026-03-19 13:20:39.843155"
3529,"Dilijan",8.1,10.9,"Cold ❄️","2026-03-19 13:20:40.226997"
3530,"Hrazdan",8.0,4.3,"Cold ❄️","2026-03-19 13:20:40.586065"
3531,"Abovyan",9.6,4.3,"Cold ❄️","2026-03-19 13:20:40.93871"
3532,"Kapan",10.0,9.7,"Cold ❄️","2026-03-19 13:20:41.237665"
3533,"Goris",6.9,9.9,"Cold ❄️","2026-03-19 13:20:41.492118"
3534,"Sevan",6.1,10.3,"Cold ❄️","2026-03-19 13:20:41.75948"
3535,"Ijevan",8.3,7.6,"Cold ❄️","2026-03-19 13:20:42.041187"
3536,"Armavir",14.8,3.3,"Mild 🌤","2026-03-19 13:20:42.329923"
3537,"Artashat",15.8,17.5,"Mild 🌤","2026-03-19 13:20:42.589235"
3538,"Sisian",8.0,13.8,"Cold ❄️","2026-03-19 13:20:43.642767"
3565,"Yerevan",14.3,2.5,"Mild 🌤","2026-03-19 13:21:07.37571"
3566,"Gyumri",7.3,6.4,"Cold ❄️","2026-03-19 13:21:07.669656"
3567,"Vanadzor",7.5,13.1,"Cold ❄️","2026-03-19 13:21:08.049973"
3568,"Dilijan",8.1,10.9,"Cold ❄️","2026-03-19 13:21:08.296641"
3569,"Hrazdan",8.0,4.3,"Cold ❄️","2026-03-19 13:21:08.701998"
3570,"Abovyan",9.6,4.3,"Cold ❄️","2026-03-19 13:21:08.971763"
3571,"Kapan",10.0,9.7,"Cold ❄️","2026-03-19 13:21:09.28963"
3572,"Goris",6.9,9.9,"Cold ❄️","2026-03-19 13:21:09.543039"
3573,"Sevan",6.1,10.3,"Cold ❄️","2026-03-19 13:21:09.838439"
3574,"Ijevan",8.3,7.6,"Cold ❄️","2026-03-19 13:21:10.142608"
3575,"Armavir",14.8,3.3,"Mild 🌤","2026-03-19 13:21:10.591869"
3576,"Artashat",15.8,17.5,"Mild 🌤","2026-03-19 13:21:10.851905"
3577,"Sisian",8.0,13.8,"Cold ❄️","2026-03-19 13:21:11.157395"
3604,"Yerevan",14.3,2.5,"Mild 🌤","2026-03-19 13:21:54.891429"
3605,"Gyumri",7.3,6.4,"Cold ❄️","2026-03-19 13:21:55.815642"
3606,"Vanadzor",7.5,13.1,"Cold ❄️","2026-03-19 13:21:56.589834"
3607,"Dilijan",8.1,10.9,"Cold ❄️","2026-03-19 13:21:57.870908"
3608,"Hrazdan",8.0,4.3,"Cold ❄️","2026-03-19 13:21:58.990448"
3609,"Abovyan",9.6,4.3,"Cold ❄️","2026-03-19 13:21:59.855821"
3610,"Kapan",10.0,9.7,"Cold ❄️","2026-03-19 13:22:01.139755"
3611,"Goris",6.9,9.9,"Cold ❄️","2026-03-19 13:22:02.167628"
3612,"Sevan",6.1,10.3,"Cold ❄️","2026-03-19 13:22:03.703677"
3613,"Ijevan",8.3,7.6,"Cold ❄️","2026-03-19 13:22:06.362911"
3614,"Armavir",14.8,3.3,"Mild 🌤","2026-03-19 13:22:07.595342"
3615,"Artashat",15.8,17.5,"Mild 🌤","2026-03-19 13:22:08.541295"
3616,"Sisian",8.0,13.8,"Cold ❄️","2026-03-19 13:22:09.842128"
3642,"Yerevan",14.3,2.5,"Mild 🌤","2026-03-19 13:22:29.870342"
3643,"Gyumri",7.3,6.4,"Cold ❄️","2026-03-19 13:22:31.146498"
3644,"Vanadzor",7.5,13.1,"Cold ❄️","2026-03-19 13:22:31.991205"
3645,"Dilijan",8.1,10.9,"Cold ❄️","2026-03-19 13:22:32.277446"
3646,"Hrazdan",8.0,4.3,"Cold ❄️","2026-03-19 13:22:32.589584"
3647,"Abovyan",9.6,4.3,"Cold ❄️","2026-03-19 13:22:32.901092"
3648,"Kapan",10.0,9.7,"Cold ❄️","2026-03-19 13:22:33.219668"
3649,"Goris",6.9,9.9,"Cold ❄️","2026-03-19 13:22:33.501715"
3650,"Sevan",6.1,10.3,"Cold ❄️","2026-03-19 13:22:33.779298"
3651,"Ijevan",8.3,7.6,"Cold ❄️","2026-03-19 13:22:34.052849"
3652,"Armavir",14.8,3.3,"Mild 🌤","2026-03-19 13:22:34.341553"
3653,"Artashat",15.8,17.5,"Mild 🌤","2026-03-19 13:22:34.636194"
3654,"Sisian",8.0,13.8,"Cold ❄️","2026-03-19 13:22:34.913734"
3681,"Yerevan",14.3,2.5,"Mild 🌤","2026-03-19 13:22:37.359918"
3682,"Gyumri",7.3,6.4,"Cold ❄️","2026-03-19 13:22:37.725671"
3683,"Vanadzor",7.5,13.1,"Cold ❄️","2026-03-19 13:22:38.622714"
3684,"Dilijan",8.1,10.9,"Cold ❄️","2026-03-19 13:22:39.854611"
3685,"Hrazdan",8.0,4.3,"Cold ❄️","2026-03-19 13:22:40.697359"
3686,"Abovyan",9.6,4.3,"Cold ❄️","2026-03-19 13:22:41.897796"
3687,"Kapan",10.0,9.7,"Cold ❄️","2026-03-19 13:22:42.923493"
3688,"Goris",6.9,9.9,"Cold ❄️","2026-03-19 13:22:44.255138"
3422,"Yerevan",14.3,2.5,"Mild 🌤","2026-03-19 13:20:15.664752"
3423,"Gyumri",7.3,6.4,"Cold ❄️","2026-03-19 13:20:16.07651"
3424,"Vanadzor",7.5,13.1,"Cold ❄️","2026-03-19 13:20:16.792982"
3425,"Dilijan",8.1,10.9,"Cold ❄️","2026-03-19 13:20:17.407425"
3426,"Hrazdan",8.0,4.3,"Cold ❄️","2026-03-19 13:20:17.838366"
3427,"Abovyan",9.6,4.3,"Cold ❄️","2026-03-19 13:20:19.383712"
3428,"Kapan",10.0,9.7,"Cold ❄️","2026-03-19 13:20:19.864922"
3429,"Goris",6.9,9.9,"Cold ❄️","2026-03-19 13:20:20.27488"
3430,"Sevan",6.1,10.3,"Cold ❄️","2026-03-19 13:20:20.991566"
3431,"Ijevan",8.3,7.6,"Cold ❄️","2026-03-19 13:20:22.323051"
3432,"Armavir",14.8,3.3,"Mild 🌤","2026-03-19 13:20:22.834647"
3433,"Artashat",15.8,17.5,"Mild 🌤","2026-03-19 13:20:23.244569"
3434,"Sisian",8.0,13.8,"Cold ❄️","2026-03-19 13:20:23.756697"
3500,"Yerevan",14.3,2.5,"Mild 🌤","2026-03-19 13:20:39.12774"
3501,"Gyumri",7.3,6.4,"Cold ❄️","2026-03-19 13:20:39.431933"
3502,"Vanadzor",7.5,13.1,"Cold ❄️","2026-03-19 13:20:39.764172"
3503,"Dilijan",8.1,10.9,"Cold ❄️","2026-03-19 13:20:40.142639"
3504,"Hrazdan",8.0,4.3,"Cold ❄️","2026-03-19 13:20:40.532412"
3505,"Abovyan",9.6,4.3,"Cold ❄️","2026-03-19 13:20:40.873909"
3506,"Kapan",10.0,9.7,"Cold ❄️","2026-03-19 13:20:41.323159"
3507,"Goris",6.9,9.9,"Cold ❄️","2026-03-19 13:20:41.604729"
3508,"Sevan",6.1,10.3,"Cold ❄️","2026-03-19 13:20:41.878703"
3509,"Ijevan",8.3,7.6,"Cold ❄️","2026-03-19 13:20:42.143202"
3510,"Armavir",14.8,3.3,"Mild 🌤","2026-03-19 13:20:42.432243"
3511,"Artashat",15.8,17.5,"Mild 🌤","2026-03-19 13:20:42.712542"
3512,"Sisian",8.0,13.8,"Cold ❄️","2026-03-19 13:20:43.099719"
3539,"Yerevan",14.3,2.5,"Mild 🌤","2026-03-19 13:20:48.228857"
3540,"Gyumri",7.3,6.4,"Cold ❄️","2026-03-19 13:20:50.281255"
3541,"Vanadzor",7.5,13.1,"Cold ❄️","2026-03-19 13:20:51.714943"
3542,"Dilijan",8.1,10.9,"Cold ❄️","2026-03-19 13:20:52.43176"
3543,"Hrazdan",8.0,4.3,"Cold ❄️","2026-03-19 13:20:55.197251"
3544,"Abovyan",9.6,4.3,"Cold ❄️","2026-03-19 13:20:56.320978"
3545,"Kapan",10.0,9.7,"Cold ❄️","2026-03-19 13:20:57.753967"
3546,"Goris",6.9,9.9,"Cold ❄️","2026-03-19 13:20:59.213577"
3547,"Sevan",6.1,10.3,"Cold ❄️","2026-03-19 13:21:00.209972"
3548,"Ijevan",8.3,7.6,"Cold ❄️","2026-03-19 13:21:00.871617"
3549,"Armavir",14.8,3.3,"Mild 🌤","2026-03-19 13:21:01.668962"
3550,"Artashat",15.8,17.5,"Mild 🌤","2026-03-19 13:21:02.099804"
3551,"Sisian",8.0,13.8,"Cold ❄️","2026-03-19 13:21:02.453811"
3578,"Yerevan",14.3,2.5,"Mild 🌤","2026-03-19 13:21:18.7475"
3579,"Gyumri",7.3,6.4,"Cold ❄️","2026-03-19 13:21:20.179986"
3580,"Vanadzor",7.5,13.1,"Cold ❄️","2026-03-19 13:21:21.719077"
3581,"Dilijan",8.1,10.9,"Cold ❄️","2026-03-19 13:21:22.542901"
3582,"Hrazdan",8.0,4.3,"Cold ❄️","2026-03-19 13:21:23.822354"
3583,"Abovyan",9.6,4.3,"Cold ❄️","2026-03-19 13:21:25.298226"
3584,"Kapan",10.0,9.7,"Cold ❄️","2026-03-19 13:21:26.893209"
3585,"Goris",6.9,9.9,"Cold ❄️","2026-03-19 13:21:27.961074"
3586,"Sevan",6.1,10.3,"Cold ❄️","2026-03-19 13:21:29.394107"
3587,"Ijevan",8.3,7.6,"Cold ❄️","2026-03-19 13:21:30.623446"
3588,"Armavir",14.8,3.3,"Mild 🌤","2026-03-19 13:21:31.819738"
3589,"Artashat",15.8,17.5,"Mild 🌤","2026-03-19 13:21:33.285407"
3590,"Sisian",8.0,13.8,"Cold ❄️","2026-03-19 13:21:34.212048"
3617,"Yerevan",14.3,2.5,"Mild 🌤","2026-03-19 13:22:11.891681"
3618,"Gyumri",7.3,6.4,"Cold ❄️","2026-03-19 13:22:13.022936"
3619,"Vanadzor",7.5,13.1,"Cold ❄️","2026-03-19 13:22:14.250861"
3620,"Dilijan",8.1,10.9,"Cold ❄️","2026-03-19 13:22:15.854854"
3621,"Hrazdan",8.0,4.3,"Cold ❄️","2026-03-19 13:22:16.806132"
3622,"Abovyan",9.6,4.3,"Cold ❄️","2026-03-19 13:22:18.244598"
3623,"Kapan",10.0,9.7,"Cold ❄️","2026-03-19 13:22:19.886322"
3624,"Goris",6.9,9.9,"Cold ❄️","2026-03-19 13:22:21.009434"
3625,"Sevan",6.1,10.3,"Cold ❄️","2026-03-19 13:22:23.359858"
3626,"Ijevan",8.3,7.6,"Cold ❄️","2026-03-19 13:22:24.815948"
3627,"Armavir",14.8,3.3,"Mild 🌤","2026-03-19 13:22:25.839191"
3628,"Artashat",15.8,17.5,"Mild 🌤","2026-03-19 13:22:26.84998"
3629,"Sisian",8.0,13.8,"Cold ❄️","2026-03-19 13:22:28.280509"
3655,"Yerevan",14.3,2.5,"Mild 🌤","2026-03-19 13:22:29.869796"
3656,"Gyumri",7.3,6.4,"Cold ❄️","2026-03-19 13:22:31.150517"
3657,"Vanadzor",7.5,13.1,"Cold ❄️","2026-03-19 13:22:32.002954"
3658,"Dilijan",8.1,10.9,"Cold ❄️","2026-03-19 13:22:32.283571"
3659,"Hrazdan",8.0,4.3,"Cold ❄️","2026-03-19 13:22:32.602742"
3660,"Abovyan",9.6,4.3,"Cold ❄️","2026-03-19 13:22:32.910845"
3661,"Kapan",10.0,9.7,"Cold ❄️","2026-03-19 13:22:33.227586"
3662,"Goris",6.9,9.9,"Cold ❄️","2026-03-19 13:22:33.554083"
3663,"Sevan",6.1,10.3,"Cold ❄️","2026-03-19 13:22:33.808484"
3664,"Ijevan",8.3,7.6,"Cold ❄️","2026-03-19 13:22:34.066765"
3665,"Armavir",14.8,3.3,"Mild 🌤","2026-03-19 13:22:34.390591"
3666,"Artashat",15.8,17.5,"Mild 🌤","2026-03-19 13:22:34.695314"
3667,"Sisian",8.0,13.8,"Cold ❄️","2026-03-19 13:22:34.97288"
3694,"Yerevan",14.3,2.5,"Mild 🌤","2026-03-19 13:22:51.108925"
3695,"Gyumri",7.3,6.4,"Cold ❄️","2026-03-19 13:22:52.301015"
3696,"Vanadzor",7.5,13.1,"Cold ❄️","2026-03-19 13:22:54.012683"
3697,"Dilijan",8.1,10.9,"Cold ❄️","2026-03-19 13:22:54.290808"
3698,"Hrazdan",8.0,4.3,"Cold ❄️","2026-03-19 13:22:54.627576"
3699,"Abovyan",9.6,4.3,"Cold ❄️","2026-03-19 13:22:54.908591"
3700,"Kapan",10.0,9.7,"Cold ❄️","2026-03-19 13:22:55.22032"
3701,"Goris",6.9,9.9,"Cold ❄️","2026-03-19 13:22:55.529997"
3702,"Sevan",6.1,10.3,"Cold ❄️","2026-03-19 13:22:55.787652"
3703,"Ijevan",8.3,7.6,"Cold ❄️","2026-03-19 13:22:57.152085"
3704,"Armavir",14.8,3.3,"Mild 🌤","2026-03-19 13:22:57.443867"
3705,"Artashat",15.8,17.5,"Mild 🌤","2026-03-19 13:22:57.753219"
3706,"Sisian",8.0,13.8,"Cold ❄️","2026-03-19 13:22:58.386364"
3733,"Yerevan",14.3,2.5,"Mild 🌤","2026-03-19 13:23:36.990497"
3734,"Gyumri",7.3,6.4,"Cold ❄️","2026-03-19 13:23:38.217314"
3735,"Vanadzor",7.5,13.1,"Cold ❄️","2026-03-19 13:23:40.161738"
3736,"Dilijan",8.1,10.9,"Cold ❄️","2026-03-19 13:23:41.596899"
3737,"Hrazdan",8.0,4.3,"Cold ❄️","2026-03-19 13:23:42.51791"
3738,"Abovyan",9.6,4.3,"Cold ❄️","2026-03-19 13:23:44.667071"
3669,"Gyumri",7.3,6.4,"Cold ❄️","2026-03-19 13:22:32.598868"
3670,"Vanadzor",7.5,13.1,"Cold ❄️","2026-03-19 13:22:32.907677"
3671,"Dilijan",8.1,10.9,"Cold ❄️","2026-03-19 13:22:33.215754"
3672,"Hrazdan",8.0,4.3,"Cold ❄️","2026-03-19 13:22:33.505623"
3673,"Abovyan",9.6,4.3,"Cold ❄️","2026-03-19 13:22:33.804623"
3674,"Kapan",10.0,9.7,"Cold ❄️","2026-03-19 13:22:34.070474"
3675,"Goris",6.9,9.9,"Cold ❄️","2026-03-19 13:22:34.412104"
3676,"Sevan",6.1,10.3,"Cold ❄️","2026-03-19 13:22:34.713065"
3677,"Ijevan",8.3,7.6,"Cold ❄️","2026-03-19 13:22:34.969721"
3678,"Armavir",14.8,3.3,"Mild 🌤","2026-03-19 13:22:35.260505"
3679,"Artashat",15.8,17.5,"Mild 🌤","2026-03-19 13:22:35.56088"
3680,"Sisian",8.0,13.8,"Cold ❄️","2026-03-19 13:22:35.916636"
3707,"Yerevan",14.3,2.5,"Mild 🌤","2026-03-19 13:22:59.813102"
3708,"Gyumri",7.3,6.4,"Cold ❄️","2026-03-19 13:23:00.237368"
3709,"Vanadzor",7.5,13.1,"Cold ❄️","2026-03-19 13:23:00.941128"
3710,"Dilijan",8.1,10.9,"Cold ❄️","2026-03-19 13:23:04.222881"
3711,"Hrazdan",8.0,4.3,"Cold ❄️","2026-03-19 13:23:05.902952"
3712,"Abovyan",9.6,4.3,"Cold ❄️","2026-03-19 13:23:06.675922"
3713,"Kapan",10.0,9.7,"Cold ❄️","2026-03-19 13:23:07.886667"
3714,"Goris",6.9,9.9,"Cold ❄️","2026-03-19 13:23:09.142275"
3715,"Sevan",6.1,10.3,"Cold ❄️","2026-03-19 13:23:10.469698"
3716,"Ijevan",8.3,7.6,"Cold ❄️","2026-03-19 13:23:11.854967"
3717,"Armavir",14.8,3.3,"Mild 🌤","2026-03-19 13:23:13.16182"
3718,"Artashat",15.8,17.5,"Mild 🌤","2026-03-19 13:23:13.847293"
3719,"Sisian",8.0,13.8,"Cold ❄️","2026-03-19 13:23:15.380285"
3746,"Yerevan",14.3,2.5,"Mild 🌤","2026-03-19 13:23:54.598339"
3747,"Gyumri",7.3,6.4,"Cold ❄️","2026-03-19 13:23:56.03801"
3748,"Vanadzor",7.5,13.1,"Cold ❄️","2026-03-19 13:23:57.471768"
3749,"Dilijan",8.1,10.9,"Cold ❄️","2026-03-19 13:23:58.552529"
3750,"Hrazdan",8.0,4.3,"Cold ❄️","2026-03-19 13:23:59.854957"
3751,"Abovyan",9.6,4.3,"Cold ❄️","2026-03-19 13:24:01.358335"
3752,"Kapan",10.0,9.7,"Cold ❄️","2026-03-19 13:24:02.590356"
3753,"Goris",6.9,9.9,"Cold ❄️","2026-03-19 13:24:03.886606"
3754,"Sevan",6.1,10.3,"Cold ❄️","2026-03-19 13:24:05.351934"
3755,"Ijevan",8.3,7.6,"Cold ❄️","2026-03-19 13:24:06.785721"
3756,"Armavir",14.8,3.3,"Mild 🌤","2026-03-19 13:24:09.149484"
3757,"Artashat",15.8,17.5,"Mild 🌤","2026-03-19 13:24:10.575275"
3758,"Sisian",8.0,13.8,"Cold ❄️","2026-03-19 13:24:11.886802"
4687,"Yerevan",14.2,1.3,"Mild 🌤","2026-03-19 13:36:18.681267"
4688,"Gyumri",7.2,5.7,"Cold ❄️","2026-03-19 13:36:19.047469"
4689,"Vanadzor",7.1,12.6,"Cold ❄️","2026-03-19 13:36:19.309996"
4690,"Dilijan",7.7,10.1,"Cold ❄️","2026-03-19 13:36:19.637467"
4691,"Hrazdan",7.8,7.1,"Cold ❄️","2026-03-19 13:36:19.896768"
4692,"Abovyan",9.4,3.1,"Cold ❄️","2026-03-19 13:36:21.141355"
4693,"Kapan",9.7,9.3,"Cold ❄️","2026-03-19 13:36:21.430105"
4694,"Goris",6.8,9.2,"Cold ❄️","2026-03-19 13:36:21.681962"
4695,"Sevan",5.7,10.7,"Cold ❄️","2026-03-19 13:36:22.123175"
4696,"Ijevan",8.2,6.9,"Cold ❄️","2026-03-19 13:36:22.40032"
4697,"Armavir",14.8,2.5,"Mild 🌤","2026-03-19 13:36:22.772652"
4698,"Artashat",15.7,16.3,"Mild 🌤","2026-03-19 13:36:23.05542"
4699,"Sisian",7.6,13.2,"Cold ❄️","2026-03-19 13:36:23.346746"
4726,"Yerevan",14.2,1.3,"Mild 🌤","2026-03-19 13:36:38.316444"
4727,"Gyumri",7.2,5.7,"Cold ❄️","2026-03-19 13:36:42.51957"
4728,"Vanadzor",7.1,12.6,"Cold ❄️","2026-03-19 13:36:43.848316"
4729,"Dilijan",7.7,10.1,"Cold ❄️","2026-03-19 13:36:44.821228"
4730,"Hrazdan",7.8,7.1,"Cold ❄️","2026-03-19 13:36:45.870495"
4731,"Abovyan",9.4,3.1,"Cold ❄️","2026-03-19 13:36:46.933318"
4732,"Kapan",9.7,9.3,"Cold ❄️","2026-03-19 13:36:48.108965"
4733,"Goris",6.8,9.2,"Cold ❄️","2026-03-19 13:36:49.381218"
4734,"Sevan",5.7,10.7,"Cold ❄️","2026-03-19 13:36:50.710701"
4735,"Ijevan",8.2,6.9,"Cold ❄️","2026-03-19 13:36:51.910745"
4736,"Armavir",14.8,2.5,"Mild 🌤","2026-03-19 13:36:54.193684"
4737,"Artashat",15.7,16.3,"Mild 🌤","2026-03-19 13:36:55.729643"
4738,"Sisian",7.6,13.2,"Cold ❄️","2026-03-19 13:36:57.209307"
5054,"Kapan",9.7,9.3,"Cold ❄️","2026-03-19 13:42:59.154855"
5055,"Goris",6.8,9.2,"Cold ❄️","2026-03-19 13:42:59.990017"
5056,"Sevan",5.7,10.7,"Cold ❄️","2026-03-19 13:43:00.486458"
5057,"Ijevan",8.2,6.9,"Cold ❄️","2026-03-19 13:43:00.838365"
5058,"Armavir",14.8,2.5,"Mild 🌤","2026-03-19 13:43:01.120024"
5059,"Artashat",15.7,16.3,"Mild 🌤","2026-03-19 13:43:01.397616"
5060,"Sisian",7.6,13.2,"Cold ❄️","2026-03-19 13:43:01.666546"
5087,"Yerevan",14.2,1.3,"Mild 🌤","2026-03-19 13:43:10.919095"
5088,"Gyumri",7.2,5.7,"Cold ❄️","2026-03-19 13:43:11.256952"
5089,"Vanadzor",7.1,12.6,"Cold ❄️","2026-03-19 13:43:12.594657"
5090,"Dilijan",7.7,10.1,"Cold ❄️","2026-03-19 13:43:13.895552"
5091,"Hrazdan",7.8,7.1,"Cold ❄️","2026-03-19 13:43:15.333029"
5092,"Abovyan",9.4,3.1,"Cold ❄️","2026-03-19 13:43:16.660769"
5093,"Kapan",9.7,9.3,"Cold ❄️","2026-03-19 13:43:17.804915"
5094,"Goris",6.8,9.2,"Cold ❄️","2026-03-19 13:43:18.711065"
5095,"Sevan",5.7,10.7,"Cold ❄️","2026-03-19 13:43:19.73282"
5096,"Ijevan",8.2,6.9,"Cold ❄️","2026-03-19 13:43:21.375933"
5097,"Armavir",14.8,2.5,"Mild 🌤","2026-03-19 13:43:23.316743"
5098,"Artashat",15.7,16.3,"Mild 🌤","2026-03-19 13:43:24.444577"
5099,"Sisian",7.6,13.2,"Cold ❄️","2026-03-19 13:43:24.968925"
5126,"Yerevan",14.2,1.3,"Mild 🌤","2026-03-19 13:43:41.752257"
5127,"Gyumri",7.2,5.7,"Cold ❄️","2026-03-19 13:43:43.18797"
5128,"Vanadzor",7.1,12.6,"Cold ❄️","2026-03-19 13:43:44.619555"
5129,"Dilijan",7.7,10.1,"Cold ❄️","2026-03-19 13:43:46.26096"
5130,"Hrazdan",7.8,7.1,"Cold ❄️","2026-03-19 13:43:47.693749"
5131,"Abovyan",9.4,3.1,"Cold ❄️","2026-03-19 13:43:49.022139"
5132,"Kapan",9.7,9.3,"Cold ❄️","2026-03-19 13:43:50.355948"
5133,"Goris",6.8,9.2,"Cold ❄️","2026-03-19 13:43:51.855334"
5134,"Sevan",5.7,10.7,"Cold ❄️","2026-03-19 13:43:53.42182"
5135,"Ijevan",8.2,6.9,"Cold ❄️","2026-03-19 13:43:54.448956"
5136,"Armavir",14.8,2.5,"Mild 🌤","2026-03-19 13:43:55.640515"
5137,"Artashat",15.7,16.3,"Mild 🌤","2026-03-19 13:43:56.098007"
5138,"Sisian",7.6,13.2,"Cold ❄️","2026-03-19 13:43:56.428915"
3689,"Sevan",6.1,10.3,"Cold ❄️","2026-03-19 13:22:45.312286"
3690,"Ijevan",8.3,7.6,"Cold ❄️","2026-03-19 13:22:46.405223"
3691,"Armavir",14.8,3.3,"Mild 🌤","2026-03-19 13:22:47.854301"
3692,"Artashat",15.8,17.5,"Mild 🌤","2026-03-19 13:22:48.685179"
3693,"Sisian",8.0,13.8,"Cold ❄️","2026-03-19 13:22:49.838709"
3720,"Yerevan",14.3,2.5,"Mild 🌤","2026-03-19 13:23:18.07431"
3721,"Gyumri",7.3,6.4,"Cold ❄️","2026-03-19 13:23:19.591069"
3722,"Vanadzor",7.5,13.1,"Cold ❄️","2026-03-19 13:23:20.925913"
3723,"Dilijan",8.1,10.9,"Cold ❄️","2026-03-19 13:23:21.946853"
3724,"Hrazdan",8.0,4.3,"Cold ❄️","2026-03-19 13:23:23.162327"
3725,"Abovyan",9.6,4.3,"Cold ❄️","2026-03-19 13:23:24.188948"
3726,"Kapan",10.0,9.7,"Cold ❄️","2026-03-19 13:23:25.623301"
3727,"Goris",6.9,9.9,"Cold ❄️","2026-03-19 13:23:26.532902"
3728,"Sevan",6.1,10.3,"Cold ❄️","2026-03-19 13:23:27.853209"
3729,"Ijevan",8.3,7.6,"Cold ❄️","2026-03-19 13:23:29.58189"
3730,"Armavir",14.8,3.3,"Mild 🌤","2026-03-19 13:23:30.148998"
3731,"Artashat",15.8,17.5,"Mild 🌤","2026-03-19 13:23:31.252632"
3732,"Sisian",8.0,13.8,"Cold ❄️","2026-03-19 13:23:33.506677"
3759,"Yerevan",14.3,2.5,"Mild 🌤","2026-03-19 13:24:13.337532"
3760,"Gyumri",7.3,6.4,"Cold ❄️","2026-03-19 13:24:14.677639"
3761,"Vanadzor",7.5,13.1,"Cold ❄️","2026-03-19 13:24:15.911712"
3762,"Dilijan",8.1,10.9,"Cold ❄️","2026-03-19 13:24:17.1357"
3763,"Hrazdan",8.0,4.3,"Cold ❄️","2026-03-19 13:24:18.461367"
3764,"Abovyan",9.6,4.3,"Cold ❄️","2026-03-19 13:24:19.385566"
3765,"Kapan",10.0,9.7,"Cold ❄️","2026-03-19 13:24:20.714018"
3766,"Goris",6.9,9.9,"Cold ❄️","2026-03-19 13:24:21.870396"
3767,"Sevan",6.1,10.3,"Cold ❄️","2026-03-19 13:24:23.069342"
3768,"Ijevan",8.3,7.6,"Cold ❄️","2026-03-19 13:24:24.195385"
3769,"Armavir",14.8,3.3,"Mild 🌤","2026-03-19 13:24:25.838724"
3770,"Artashat",15.8,17.5,"Mild 🌤","2026-03-19 13:24:27.38008"
3771,"Sisian",8.0,13.8,"Cold ❄️","2026-03-19 13:24:28.397019"
4758,"Kapan",9.7,9.3,"Cold ❄️","2026-03-19 13:37:29.839453"
4759,"Goris",6.8,9.2,"Cold ❄️","2026-03-19 13:37:30.956166"
4760,"Sevan",5.7,10.7,"Cold ❄️","2026-03-19 13:37:32.184982"
4761,"Ijevan",8.2,6.9,"Cold ❄️","2026-03-19 13:37:33.615659"
4762,"Armavir",14.8,2.5,"Mild 🌤","2026-03-19 13:37:35.212993"
4763,"Artashat",15.7,16.3,"Mild 🌤","2026-03-19 13:37:36.157098"
4764,"Sisian",7.6,13.2,"Cold ❄️","2026-03-19 13:37:37.357302"
5164,"Sisian",7.6,13.2,"Cold ❄️","2026-03-19 13:44:00.725598"
5181,"Dilijan",7.7,10.1,"Cold ❄️","2026-03-19 13:43:57.748542"
5182,"Hrazdan",7.8,7.1,"Cold ❄️","2026-03-19 13:43:58.017285"
5183,"Abovyan",9.4,3.1,"Cold ❄️","2026-03-19 13:43:58.377598"
5184,"Kapan",9.7,9.3,"Cold ❄️","2026-03-19 13:43:58.763283"
5185,"Goris",6.8,9.2,"Cold ❄️","2026-03-19 13:43:59.109839"
5186,"Sevan",5.7,10.7,"Cold ❄️","2026-03-19 13:43:59.468775"
5187,"Ijevan",8.2,6.9,"Cold ❄️","2026-03-19 13:43:59.77475"
5188,"Armavir",14.8,2.5,"Mild 🌤","2026-03-19 13:44:00.097719"
5189,"Artashat",15.7,16.3,"Mild 🌤","2026-03-19 13:44:00.46886"
5190,"Sisian",7.6,13.2,"Cold ❄️","2026-03-19 13:44:00.824301"
5191,"Yerevan",14.2,1.3,"Mild 🌤","2026-03-19 13:43:56.813264"
5192,"Gyumri",7.2,5.7,"Cold ❄️","2026-03-19 13:43:57.132787"
5193,"Vanadzor",7.1,12.6,"Cold ❄️","2026-03-19 13:43:57.436244"
5194,"Dilijan",7.7,10.1,"Cold ❄️","2026-03-19 13:43:57.750544"
5195,"Hrazdan",7.8,7.1,"Cold ❄️","2026-03-19 13:43:58.046139"
5196,"Abovyan",9.4,3.1,"Cold ❄️","2026-03-19 13:43:58.369442"
5197,"Kapan",9.7,9.3,"Cold ❄️","2026-03-19 13:43:58.740627"
5198,"Goris",6.8,9.2,"Cold ❄️","2026-03-19 13:43:59.073713"
5199,"Sevan",5.7,10.7,"Cold ❄️","2026-03-19 13:43:59.412067"
5200,"Ijevan",8.2,6.9,"Cold ❄️","2026-03-19 13:43:59.768673"
5201,"Armavir",14.8,2.5,"Mild 🌤","2026-03-19 13:44:00.060769"
5202,"Artashat",15.7,16.3,"Mild 🌤","2026-03-19 13:44:00.464809"
5203,"Sisian",7.6,13.2,"Cold ❄️","2026-03-19 13:44:00.828131"
5204,"Yerevan",14.2,1.3,"Mild 🌤","2026-03-19 13:43:56.744263"
5205,"Gyumri",7.2,5.7,"Cold ❄️","2026-03-19 13:43:57.053114"
5206,"Vanadzor",7.1,12.6,"Cold ❄️","2026-03-19 13:43:57.324261"
5207,"Dilijan",7.7,10.1,"Cold ❄️","2026-03-19 13:43:57.631488"
5208,"Hrazdan",7.8,7.1,"Cold ❄️","2026-03-19 13:43:57.92085"
5209,"Abovyan",9.4,3.1,"Cold ❄️","2026-03-19 13:43:58.181731"
5210,"Kapan",9.7,9.3,"Cold ❄️","2026-03-19 13:43:58.57757"
5211,"Goris",6.8,9.2,"Cold ❄️","2026-03-19 13:43:59.203709"
5212,"Sevan",5.7,10.7,"Cold ❄️","2026-03-19 13:43:59.478276"
5213,"Ijevan",8.2,6.9,"Cold ❄️","2026-03-19 13:44:00.177688"
5214,"Armavir",14.8,2.5,"Mild 🌤","2026-03-19 13:44:00.481173"
5215,"Artashat",15.7,16.3,"Mild 🌤","2026-03-19 13:44:00.818276"
5216,"Sisian",7.6,13.2,"Cold ❄️","2026-03-19 13:44:01.134023"
5217,"Yerevan",14.2,1.3,"Mild 🌤","2026-03-19 13:44:01.025877"
5218,"Gyumri",7.2,5.7,"Cold ❄️","2026-03-19 13:44:01.33304"
5219,"Vanadzor",7.1,12.6,"Cold ❄️","2026-03-19 13:44:01.627756"
5220,"Dilijan",7.7,10.1,"Cold ❄️","2026-03-19 13:44:01.940973"
5221,"Hrazdan",7.8,7.1,"Cold ❄️","2026-03-19 13:44:02.204898"
5222,"Abovyan",9.4,3.1,"Cold ❄️","2026-03-19 13:44:02.583973"
5223,"Kapan",9.7,9.3,"Cold ❄️","2026-03-19 13:44:02.867116"
5224,"Goris",6.8,9.2,"Cold ❄️","2026-03-19 13:44:03.151382"
5225,"Sevan",5.7,10.7,"Cold ❄️","2026-03-19 13:44:03.559638"
5226,"Ijevan",8.2,6.9,"Cold ❄️","2026-03-19 13:44:03.860129"
5227,"Armavir",14.8,2.5,"Mild 🌤","2026-03-19 13:44:04.131164"
5228,"Artashat",15.7,16.3,"Mild 🌤","2026-03-19 13:44:04.393193"
5229,"Sisian",7.6,13.2,"Cold ❄️","2026-03-19 13:44:04.663626"
5230,"Yerevan",14.2,1.3,"Mild 🌤","2026-03-19 13:44:01.02736"
5231,"Gyumri",7.2,5.7,"Cold ❄️","2026-03-19 13:44:01.339019"
5232,"Vanadzor",7.1,12.6,"Cold ❄️","2026-03-19 13:44:01.625678"
5233,"Dilijan",7.7,10.1,"Cold ❄️","2026-03-19 13:44:01.94703"
5234,"Hrazdan",7.8,7.1,"Cold ❄️","2026-03-19 13:44:02.255014"
5235,"Abovyan",9.4,3.1,"Cold ❄️","2026-03-19 13:44:02.539511"
5236,"Kapan",9.7,9.3,"Cold ❄️","2026-03-19 13:44:03.148163"
5237,"Goris",6.8,9.2,"Cold ❄️","2026-03-19 13:44:03.447338"
5238,"Sevan",5.7,10.7,"Cold ❄️","2026-03-19 13:44:03.732349"
3739,"Kapan",10.0,9.7,"Cold ❄️","2026-03-19 13:23:45.895651"
3740,"Goris",6.9,9.9,"Cold ❄️","2026-03-19 13:23:47.329636"
3741,"Sevan",6.1,10.3,"Cold ❄️","2026-03-19 13:23:48.256218"
3742,"Ijevan",8.3,7.6,"Cold ❄️","2026-03-19 13:23:49.689668"
3743,"Armavir",14.8,3.3,"Mild 🌤","2026-03-19 13:23:50.708641"
3744,"Artashat",15.8,17.5,"Mild 🌤","2026-03-19 13:23:51.937853"
3745,"Sisian",8.0,13.8,"Cold ❄️","2026-03-19 13:23:53.371477"
3772,"Yerevan",14.3,2.5,"Mild 🌤","2026-03-19 13:24:29.517044"
3773,"Gyumri",7.3,6.4,"Cold ❄️","2026-03-19 13:24:30.646368"
3774,"Vanadzor",7.5,13.1,"Cold ❄️","2026-03-19 13:24:31.858161"
3775,"Dilijan",8.1,10.9,"Cold ❄️","2026-03-19 13:24:33.411615"
3776,"Hrazdan",8.0,4.3,"Cold ❄️","2026-03-19 13:24:34.232393"
3777,"Abovyan",9.6,4.3,"Cold ❄️","2026-03-19 13:24:36.279371"
3778,"Kapan",10.0,9.7,"Cold ❄️","2026-03-19 13:24:37.516393"
3779,"Goris",6.9,9.9,"Cold ❄️","2026-03-19 13:24:38.841603"
3780,"Sevan",6.1,10.3,"Cold ❄️","2026-03-19 13:24:40.253229"
3781,"Ijevan",8.3,7.6,"Cold ❄️","2026-03-19 13:24:41.19147"
3782,"Armavir",14.8,3.3,"Mild 🌤","2026-03-19 13:24:42.029052"
3783,"Artashat",15.8,17.5,"Mild 🌤","2026-03-19 13:24:42.318884"
3784,"Yerevan",14.3,2.5,"Mild 🌤","2026-03-19 13:24:29.519271"
3785,"Gyumri",7.3,6.4,"Cold ❄️","2026-03-19 13:24:30.649099"
3786,"Vanadzor",7.5,13.1,"Cold ❄️","2026-03-19 13:24:31.855128"
3787,"Dilijan",8.1,10.9,"Cold ❄️","2026-03-19 13:24:33.414423"
3788,"Hrazdan",8.0,4.3,"Cold ❄️","2026-03-19 13:24:34.235878"
3789,"Abovyan",9.6,4.3,"Cold ❄️","2026-03-19 13:24:35.664799"
3790,"Kapan",10.0,9.7,"Cold ❄️","2026-03-19 13:24:36.689041"
3791,"Goris",6.9,9.9,"Cold ❄️","2026-03-19 13:24:37.873748"
3792,"Sevan",6.1,10.3,"Cold ❄️","2026-03-19 13:24:39.8668"
3793,"Ijevan",8.3,7.6,"Cold ❄️","2026-03-19 13:24:41.054665"
3794,"Armavir",14.8,3.3,"Mild 🌤","2026-03-19 13:24:41.970038"
3795,"Artashat",15.8,17.5,"Mild 🌤","2026-03-19 13:24:43.610355"
3796,"Yerevan",14.3,2.5,"Mild 🌤","2026-03-19 13:24:48.264072"
3797,"Gyumri",7.3,6.4,"Cold ❄️","2026-03-19 13:24:49.08126"
3798,"Vanadzor",7.5,13.1,"Cold ❄️","2026-03-19 13:24:49.594204"
3799,"Dilijan",8.1,10.9,"Cold ❄️","2026-03-19 13:24:49.93849"
3800,"Hrazdan",8.0,4.3,"Cold ❄️","2026-03-19 13:24:50.212255"
3801,"Abovyan",9.6,4.3,"Cold ❄️","2026-03-19 13:24:50.474992"
3802,"Kapan",10.0,9.7,"Cold ❄️","2026-03-19 13:24:50.759159"
3803,"Goris",6.9,9.9,"Cold ❄️","2026-03-19 13:24:51.008323"
3804,"Sevan",6.1,10.3,"Cold ❄️","2026-03-19 13:24:51.272669"
3805,"Ijevan",8.3,7.6,"Cold ❄️","2026-03-19 13:24:51.640222"
3806,"Armavir",14.8,3.3,"Mild 🌤","2026-03-19 13:24:51.920898"
3807,"Artashat",15.8,17.5,"Mild 🌤","2026-03-19 13:24:52.274822"
3808,"Sisian",8.0,13.8,"Cold ❄️","2026-03-19 13:24:52.635616"
3809,"Yerevan",14.3,2.5,"Mild 🌤","2026-03-19 13:24:49.417558"
3810,"Gyumri",7.3,6.4,"Cold ❄️","2026-03-19 13:24:50.534048"
3811,"Vanadzor",7.5,13.1,"Cold ❄️","2026-03-19 13:24:50.815901"
3812,"Dilijan",8.1,10.9,"Cold ❄️","2026-03-19 13:24:51.156585"
3813,"Hrazdan",8.0,4.3,"Cold ❄️","2026-03-19 13:24:51.526629"
3814,"Abovyan",9.6,4.3,"Cold ❄️","2026-03-19 13:24:51.941498"
3815,"Kapan",10.0,9.7,"Cold ❄️","2026-03-19 13:24:52.619233"
3816,"Goris",6.9,9.9,"Cold ❄️","2026-03-19 13:24:53.837603"
3817,"Sevan",6.1,10.3,"Cold ❄️","2026-03-19 13:24:54.794432"
3818,"Ijevan",8.3,7.6,"Cold ❄️","2026-03-19 13:24:55.312512"
3819,"Armavir",14.8,3.3,"Mild 🌤","2026-03-19 13:24:55.584853"
3820,"Artashat",15.8,17.5,"Mild 🌤","2026-03-19 13:24:55.893565"
3821,"Sisian",8.0,13.8,"Cold ❄️","2026-03-19 13:24:56.177643"
3822,"Yerevan",14.3,2.5,"Mild 🌤","2026-03-19 13:24:49.416974"
3823,"Gyumri",7.3,6.4,"Cold ❄️","2026-03-19 13:24:50.811972"
3824,"Vanadzor",7.5,13.1,"Cold ❄️","2026-03-19 13:24:51.401416"
3825,"Dilijan",8.1,10.9,"Cold ❄️","2026-03-19 13:24:51.882251"
3826,"Hrazdan",8.0,4.3,"Cold ❄️","2026-03-19 13:24:52.574121"
3827,"Abovyan",9.6,4.3,"Cold ❄️","2026-03-19 13:24:52.843929"
3828,"Kapan",10.0,9.7,"Cold ❄️","2026-03-19 13:24:53.114456"
3829,"Goris",6.9,9.9,"Cold ❄️","2026-03-19 13:24:53.454913"
3830,"Sevan",6.1,10.3,"Cold ❄️","2026-03-19 13:24:53.77928"
3831,"Ijevan",8.3,7.6,"Cold ❄️","2026-03-19 13:24:55.889868"
3832,"Armavir",14.8,3.3,"Mild 🌤","2026-03-19 13:24:56.181053"
3833,"Artashat",15.8,17.5,"Mild 🌤","2026-03-19 13:24:56.487288"
3834,"Sisian",8.0,13.8,"Cold ❄️","2026-03-19 13:24:56.973463"
3835,"Yerevan",14.3,2.5,"Mild 🌤","2026-03-19 13:24:48.262461"
3836,"Gyumri",7.3,6.4,"Cold ❄️","2026-03-19 13:24:50.061177"
3837,"Vanadzor",7.5,13.1,"Cold ❄️","2026-03-19 13:24:50.330065"
3838,"Dilijan",8.1,10.9,"Cold ❄️","2026-03-19 13:24:50.58455"
3839,"Hrazdan",8.0,4.3,"Cold ❄️","2026-03-19 13:24:50.871883"
3840,"Abovyan",9.6,4.3,"Cold ❄️","2026-03-19 13:24:51.586551"
3841,"Kapan",10.0,9.7,"Cold ❄️","2026-03-19 13:24:52.308115"
3842,"Goris",6.9,9.9,"Cold ❄️","2026-03-19 13:24:52.957793"
3843,"Sevan",6.1,10.3,"Cold ❄️","2026-03-19 13:24:53.25602"
3844,"Ijevan",8.3,7.6,"Cold ❄️","2026-03-19 13:24:53.967378"
3845,"Armavir",14.8,3.3,"Mild 🌤","2026-03-19 13:24:54.268471"
3846,"Artashat",15.8,17.5,"Mild 🌤","2026-03-19 13:24:55.588895"
3847,"Sisian",8.0,13.8,"Cold ❄️","2026-03-19 13:24:57.924311"
3848,"Yerevan",14.3,2.5,"Mild 🌤","2026-03-19 13:24:50.242532"
3849,"Gyumri",7.3,6.4,"Cold ❄️","2026-03-19 13:24:50.510986"
3850,"Vanadzor",7.5,13.1,"Cold ❄️","2026-03-19 13:24:50.844992"
3851,"Dilijan",8.1,10.9,"Cold ❄️","2026-03-19 13:24:51.094787"
3852,"Hrazdan",8.0,4.3,"Cold ❄️","2026-03-19 13:24:55.251354"
3853,"Abovyan",9.6,4.3,"Cold ❄️","2026-03-19 13:24:55.592911"
3854,"Kapan",10.0,9.7,"Cold ❄️","2026-03-19 13:24:57.910783"
3855,"Goris",6.9,9.9,"Cold ❄️","2026-03-19 13:24:58.175132"
3856,"Sevan",6.1,10.3,"Cold ❄️","2026-03-19 13:24:58.767009"
3857,"Ijevan",8.3,7.6,"Cold ❄️","2026-03-19 13:24:59.023338"
3858,"Armavir",14.8,3.3,"Mild 🌤","2026-03-19 13:24:59.445437"
3859,"Artashat",15.8,17.5,"Mild 🌤","2026-03-19 13:24:59.74497"
3860,"Sisian",8.0,13.8,"Cold ❄️","2026-03-19 13:25:00.180658"
3861,"Yerevan",14.3,2.5,"Mild 🌤","2026-03-19 13:24:58.752621"
3862,"Gyumri",7.3,6.4,"Cold ❄️","2026-03-19 13:24:59.013754"
3863,"Vanadzor",7.5,13.1,"Cold ❄️","2026-03-19 13:24:59.286625"
3864,"Dilijan",8.1,10.9,"Cold ❄️","2026-03-19 13:24:59.561563"
3865,"Hrazdan",8.0,4.3,"Cold ❄️","2026-03-19 13:25:00.130605"
3866,"Abovyan",9.6,4.3,"Cold ❄️","2026-03-19 13:25:00.49414"
3867,"Kapan",10.0,9.7,"Cold ❄️","2026-03-19 13:25:00.8845"
3868,"Goris",6.9,9.9,"Cold ❄️","2026-03-19 13:25:01.299376"
3869,"Sevan",6.1,10.3,"Cold ❄️","2026-03-19 13:25:05.208172"
3870,"Ijevan",8.3,7.6,"Cold ❄️","2026-03-19 13:25:05.48449"
3871,"Armavir",14.8,3.3,"Mild 🌤","2026-03-19 13:25:05.83752"
3872,"Artashat",15.8,17.5,"Mild 🌤","2026-03-19 13:25:06.236826"
3873,"Sisian",8.0,13.8,"Cold ❄️","2026-03-19 13:25:07.464542"
3900,"Yerevan",14.3,2.5,"Mild 🌤","2026-03-19 13:25:46.299478"
3901,"Gyumri",7.3,6.4,"Cold ❄️","2026-03-19 13:25:47.753864"
3902,"Vanadzor",7.5,13.1,"Cold ❄️","2026-03-19 13:25:48.729811"
3903,"Dilijan",8.1,10.9,"Cold ❄️","2026-03-19 13:25:50.21345"
3904,"Hrazdan",8.0,4.3,"Cold ❄️","2026-03-19 13:25:51.649864"
3905,"Abovyan",9.6,4.3,"Cold ❄️","2026-03-19 13:25:52.668796"
3906,"Kapan",10.0,9.7,"Cold ❄️","2026-03-19 13:25:53.772957"
3907,"Goris",6.9,9.9,"Cold ❄️","2026-03-19 13:25:54.700826"
3908,"Sevan",6.1,10.3,"Cold ❄️","2026-03-19 13:25:55.945884"
3909,"Ijevan",8.3,7.6,"Cold ❄️","2026-03-19 13:25:57.072173"
3910,"Armavir",14.8,3.3,"Mild 🌤","2026-03-19 13:25:58.205276"
3911,"Artashat",15.8,17.5,"Mild 🌤","2026-03-19 13:25:59.227714"
3912,"Sisian",8.0,13.8,"Cold ❄️","2026-03-19 13:26:00.251977"
3939,"Yerevan",14.3,2.5,"Mild 🌤","2026-03-19 13:26:33.836945"
3940,"Gyumri",7.3,6.4,"Cold ❄️","2026-03-19 13:26:34.197878"
3941,"Vanadzor",7.5,13.1,"Cold ❄️","2026-03-19 13:26:34.576323"
3942,"Dilijan",8.1,10.9,"Cold ❄️","2026-03-19 13:26:34.846483"
3943,"Hrazdan",8.0,4.3,"Cold ❄️","2026-03-19 13:26:35.11101"
3944,"Abovyan",9.6,4.3,"Cold ❄️","2026-03-19 13:26:35.412826"
3945,"Kapan",10.0,9.7,"Cold ❄️","2026-03-19 13:26:35.814027"
3946,"Goris",6.9,9.9,"Cold ❄️","2026-03-19 13:26:36.139189"
3947,"Sevan",6.1,10.3,"Cold ❄️","2026-03-19 13:26:36.489722"
3948,"Ijevan",8.3,7.6,"Cold ❄️","2026-03-19 13:26:36.804081"
3949,"Armavir",14.8,3.3,"Mild 🌤","2026-03-19 13:26:37.115015"
3950,"Artashat",15.8,17.5,"Mild 🌤","2026-03-19 13:26:37.478828"
3951,"Sisian",8.0,13.8,"Cold ❄️","2026-03-19 13:26:37.930433"
3978,"Yerevan",14.3,2.5,"Mild 🌤","2026-03-19 13:26:47.237726"
3979,"Gyumri",7.3,6.4,"Cold ❄️","2026-03-19 13:26:47.540129"
3980,"Vanadzor",7.5,13.1,"Cold ❄️","2026-03-19 13:26:47.836444"
3981,"Dilijan",8.1,10.9,"Cold ❄️","2026-03-19 13:26:48.100196"
3982,"Hrazdan",8.0,4.3,"Cold ❄️","2026-03-19 13:26:49.561318"
3983,"Abovyan",9.6,4.3,"Cold ❄️","2026-03-19 13:26:49.911532"
3984,"Kapan",10.0,9.7,"Cold ❄️","2026-03-19 13:26:51.03817"
3985,"Goris",6.9,9.9,"Cold ❄️","2026-03-19 13:26:52.681227"
3986,"Sevan",6.1,10.3,"Cold ❄️","2026-03-19 13:26:53.870665"
3987,"Ijevan",8.3,7.6,"Cold ❄️","2026-03-19 13:26:55.134447"
3988,"Armavir",14.8,3.3,"Mild 🌤","2026-03-19 13:26:56.470631"
3989,"Artashat",15.8,17.5,"Mild 🌤","2026-03-19 13:26:57.596856"
3990,"Sisian",8.0,13.8,"Cold ❄️","2026-03-19 13:26:59.03035"
4017,"Yerevan",14.3,2.5,"Mild 🌤","2026-03-19 13:27:34.357688"
4018,"Gyumri",7.3,6.4,"Cold ❄️","2026-03-19 13:27:35.85561"
4019,"Vanadzor",7.5,13.1,"Cold ❄️","2026-03-19 13:27:36.402569"
4020,"Dilijan",8.1,10.9,"Cold ❄️","2026-03-19 13:27:37.841675"
4021,"Hrazdan",8.0,4.3,"Cold ❄️","2026-03-19 13:27:38.510258"
4022,"Abovyan",9.6,4.3,"Cold ❄️","2026-03-19 13:27:39.473902"
4023,"Kapan",10.0,9.7,"Cold ❄️","2026-03-19 13:27:40.090307"
4024,"Goris",6.9,9.9,"Cold ❄️","2026-03-19 13:27:41.119814"
4025,"Sevan",6.1,10.3,"Cold ❄️","2026-03-19 13:27:42.24482"
4026,"Ijevan",8.3,7.6,"Cold ❄️","2026-03-19 13:27:43.680753"
4027,"Armavir",14.8,3.3,"Mild 🌤","2026-03-19 13:27:44.493086"
4028,"Artashat",15.8,17.5,"Mild 🌤","2026-03-19 13:27:45.838437"
4029,"Sisian",8.0,13.8,"Cold ❄️","2026-03-19 13:27:46.954829"
4056,"Yerevan",14.3,2.5,"Mild 🌤","2026-03-19 13:28:02.481189"
4057,"Gyumri",7.3,6.4,"Cold ❄️","2026-03-19 13:28:02.766167"
4058,"Vanadzor",7.5,13.1,"Cold ❄️","2026-03-19 13:28:03.071562"
4059,"Dilijan",8.1,10.9,"Cold ❄️","2026-03-19 13:28:03.430625"
4060,"Hrazdan",8.0,4.3,"Cold ❄️","2026-03-19 13:28:03.821057"
4061,"Abovyan",9.6,4.3,"Cold ❄️","2026-03-19 13:28:04.089792"
4062,"Kapan",10.0,9.7,"Cold ❄️","2026-03-19 13:28:04.509656"
4063,"Goris",6.9,9.9,"Cold ❄️","2026-03-19 13:28:04.870481"
4064,"Sevan",6.1,10.3,"Cold ❄️","2026-03-19 13:28:05.144265"
4065,"Ijevan",8.3,7.6,"Cold ❄️","2026-03-19 13:28:05.510951"
4066,"Armavir",14.8,3.3,"Mild 🌤","2026-03-19 13:28:05.86752"
4067,"Artashat",15.8,17.5,"Mild 🌤","2026-03-19 13:28:06.261223"
4068,"Sisian",8.0,13.8,"Cold ❄️","2026-03-19 13:28:06.559353"
4095,"Yerevan",14.3,2.5,"Mild 🌤","2026-03-19 13:28:15.525647"
4096,"Gyumri",7.3,6.4,"Cold ❄️","2026-03-19 13:28:15.869836"
4097,"Vanadzor",7.5,13.1,"Cold ❄️","2026-03-19 13:28:16.187548"
4098,"Dilijan",8.1,10.9,"Cold ❄️","2026-03-19 13:28:16.479251"
4099,"Hrazdan",8.0,4.3,"Cold ❄️","2026-03-19 13:28:17.228891"
4100,"Abovyan",9.6,4.3,"Cold ❄️","2026-03-19 13:28:17.5378"
4101,"Kapan",10.0,9.7,"Cold ❄️","2026-03-19 13:28:17.817337"
4102,"Goris",6.9,9.9,"Cold ❄️","2026-03-19 13:28:18.124123"
4103,"Sevan",6.1,10.3,"Cold ❄️","2026-03-19 13:28:18.425264"
4104,"Ijevan",8.3,7.6,"Cold ❄️","2026-03-19 13:28:18.716927"
4105,"Armavir",14.8,3.3,"Mild 🌤","2026-03-19 13:28:19.015899"
4106,"Artashat",15.8,17.5,"Mild 🌤","2026-03-19 13:28:19.29583"
4107,"Sisian",8.0,13.8,"Cold ❄️","2026-03-19 13:28:19.562726"
4134,"Yerevan",14.3,2.5,"Mild 🌤","2026-03-19 13:28:30.682912"
4135,"Gyumri",7.3,6.4,"Cold ❄️","2026-03-19 13:28:32.007288"
4136,"Vanadzor",7.5,13.1,"Cold ❄️","2026-03-19 13:28:34.162671"
4137,"Dilijan",8.1,10.9,"Cold ❄️","2026-03-19 13:28:36.209267"
4138,"Hrazdan",8.0,4.3,"Cold ❄️","2026-03-19 13:28:37.846021"
4139,"Abovyan",9.6,4.3,"Cold ❄️","2026-03-19 13:28:39.281054"
4140,"Kapan",10.0,9.7,"Cold ❄️","2026-03-19 13:28:40.29964"
3874,"Yerevan",14.3,2.5,"Mild 🌤","2026-03-19 13:25:09.453609"
3875,"Gyumri",7.3,6.4,"Cold ❄️","2026-03-19 13:25:11.607834"
3876,"Vanadzor",7.5,13.1,"Cold ❄️","2026-03-19 13:25:12.837244"
3877,"Dilijan",8.1,10.9,"Cold ❄️","2026-03-19 13:25:13.838523"
3878,"Hrazdan",8.0,4.3,"Cold ❄️","2026-03-19 13:25:16.328774"
3879,"Abovyan",9.6,4.3,"Cold ❄️","2026-03-19 13:25:17.650727"
3880,"Kapan",10.0,9.7,"Cold ❄️","2026-03-19 13:25:18.777528"
3881,"Goris",6.9,9.9,"Cold ❄️","2026-03-19 13:25:19.903618"
3882,"Sevan",6.1,10.3,"Cold ❄️","2026-03-19 13:25:21.133506"
3883,"Ijevan",8.3,7.6,"Cold ❄️","2026-03-19 13:25:22.25785"
3884,"Armavir",14.8,3.3,"Mild 🌤","2026-03-19 13:25:23.694648"
3885,"Artashat",15.8,17.5,"Mild 🌤","2026-03-19 13:25:24.211507"
3886,"Sisian",8.0,13.8,"Cold ❄️","2026-03-19 13:25:25.269278"
3913,"Yerevan",14.3,2.5,"Mild 🌤","2026-03-19 13:26:01.788282"
3914,"Gyumri",7.3,6.4,"Cold ❄️","2026-03-19 13:26:03.323425"
3915,"Vanadzor",7.5,13.1,"Cold ❄️","2026-03-19 13:26:04.649916"
3916,"Dilijan",8.1,10.9,"Cold ❄️","2026-03-19 13:26:05.870933"
3917,"Hrazdan",8.0,4.3,"Cold ❄️","2026-03-19 13:26:07.312552"
3918,"Abovyan",9.6,4.3,"Cold ❄️","2026-03-19 13:26:07.926676"
3919,"Kapan",10.0,9.7,"Cold ❄️","2026-03-19 13:26:09.360506"
3920,"Goris",6.9,9.9,"Cold ❄️","2026-03-19 13:26:10.69712"
3921,"Sevan",6.1,10.3,"Cold ❄️","2026-03-19 13:26:11.884813"
3922,"Ijevan",8.3,7.6,"Cold ❄️","2026-03-19 13:26:12.949544"
3923,"Armavir",14.8,3.3,"Mild 🌤","2026-03-19 13:26:13.871951"
3924,"Artashat",15.8,17.5,"Mild 🌤","2026-03-19 13:26:14.744068"
3925,"Sisian",8.0,13.8,"Cold ❄️","2026-03-19 13:26:15.81357"
3952,"Yerevan",14.3,2.5,"Mild 🌤","2026-03-19 13:26:38.209157"
3953,"Gyumri",7.3,6.4,"Cold ❄️","2026-03-19 13:26:38.580296"
3954,"Vanadzor",7.5,13.1,"Cold ❄️","2026-03-19 13:26:38.984652"
3955,"Dilijan",8.1,10.9,"Cold ❄️","2026-03-19 13:26:39.418898"
3956,"Hrazdan",8.0,4.3,"Cold ❄️","2026-03-19 13:26:39.697369"
3957,"Abovyan",9.6,4.3,"Cold ❄️","2026-03-19 13:26:40.101633"
3958,"Kapan",10.0,9.7,"Cold ❄️","2026-03-19 13:26:40.442347"
3959,"Goris",6.9,9.9,"Cold ❄️","2026-03-19 13:26:40.714851"
3960,"Sevan",6.1,10.3,"Cold ❄️","2026-03-19 13:26:40.98795"
3961,"Ijevan",8.3,7.6,"Cold ❄️","2026-03-19 13:26:41.328544"
3962,"Armavir",14.8,3.3,"Mild 🌤","2026-03-19 13:26:41.6595"
3963,"Artashat",15.8,17.5,"Mild 🌤","2026-03-19 13:26:41.948342"
3964,"Sisian",8.0,13.8,"Cold ❄️","2026-03-19 13:26:42.214032"
3991,"Yerevan",14.3,2.5,"Mild 🌤","2026-03-19 13:27:00.359663"
3992,"Gyumri",7.3,6.4,"Cold ❄️","2026-03-19 13:27:01.483282"
3993,"Vanadzor",7.5,13.1,"Cold ❄️","2026-03-19 13:27:03.337471"
3994,"Dilijan",8.1,10.9,"Cold ❄️","2026-03-19 13:27:04.558067"
3995,"Hrazdan",8.0,4.3,"Cold ❄️","2026-03-19 13:27:06.195824"
3996,"Abovyan",9.6,4.3,"Cold ❄️","2026-03-19 13:27:07.632264"
3997,"Kapan",10.0,9.7,"Cold ❄️","2026-03-19 13:27:09.181786"
3998,"Goris",6.9,9.9,"Cold ❄️","2026-03-19 13:27:10.599231"
3999,"Sevan",6.1,10.3,"Cold ❄️","2026-03-19 13:27:11.830455"
4000,"Ijevan",8.3,7.6,"Cold ❄️","2026-03-19 13:27:13.054748"
4001,"Armavir",14.8,3.3,"Mild 🌤","2026-03-19 13:27:14.188895"
4002,"Artashat",15.8,17.5,"Mild 🌤","2026-03-19 13:27:15.616762"
4003,"Sisian",8.0,13.8,"Cold ❄️","2026-03-19 13:27:17.229837"
4030,"Yerevan",14.3,2.5,"Mild 🌤","2026-03-19 13:27:48.281463"
4031,"Gyumri",7.3,6.4,"Cold ❄️","2026-03-19 13:27:49.727717"
4032,"Vanadzor",7.5,13.1,"Cold ❄️","2026-03-19 13:27:50.829116"
4033,"Dilijan",8.1,10.9,"Cold ❄️","2026-03-19 13:27:51.855018"
4034,"Hrazdan",8.0,4.3,"Cold ❄️","2026-03-19 13:27:52.886517"
4035,"Abovyan",9.6,4.3,"Cold ❄️","2026-03-19 13:27:53.902629"
4036,"Kapan",10.0,9.7,"Cold ❄️","2026-03-19 13:27:54.161417"
4037,"Goris",6.9,9.9,"Cold ❄️","2026-03-19 13:27:54.669051"
4038,"Sevan",6.1,10.3,"Cold ❄️","2026-03-19 13:27:55.048555"
4039,"Ijevan",8.3,7.6,"Cold ❄️","2026-03-19 13:27:56.437305"
4040,"Armavir",14.8,3.3,"Mild 🌤","2026-03-19 13:27:56.731863"
4041,"Artashat",15.8,17.5,"Mild 🌤","2026-03-19 13:27:57.067785"
4042,"Sisian",8.0,13.8,"Cold ❄️","2026-03-19 13:27:57.360095"
4069,"Yerevan",14.3,2.5,"Mild 🌤","2026-03-19 13:28:06.898544"
4070,"Gyumri",7.3,6.4,"Cold ❄️","2026-03-19 13:28:07.180292"
4071,"Vanadzor",7.5,13.1,"Cold ❄️","2026-03-19 13:28:07.496828"
4072,"Dilijan",8.1,10.9,"Cold ❄️","2026-03-19 13:28:07.898769"
4073,"Hrazdan",8.0,4.3,"Cold ❄️","2026-03-19 13:28:08.26216"
4074,"Abovyan",9.6,4.3,"Cold ❄️","2026-03-19 13:28:08.540263"
4075,"Kapan",10.0,9.7,"Cold ❄️","2026-03-19 13:28:08.841371"
4076,"Goris",6.9,9.9,"Cold ❄️","2026-03-19 13:28:09.124512"
4077,"Sevan",6.1,10.3,"Cold ❄️","2026-03-19 13:28:09.399087"
4078,"Ijevan",8.3,7.6,"Cold ❄️","2026-03-19 13:28:09.846801"
4079,"Armavir",14.8,3.3,"Mild 🌤","2026-03-19 13:28:10.258256"
4080,"Artashat",15.8,17.5,"Mild 🌤","2026-03-19 13:28:10.717916"
4081,"Sisian",8.0,13.8,"Cold ❄️","2026-03-19 13:28:10.970125"
4108,"Yerevan",14.3,2.5,"Mild 🌤","2026-03-19 13:28:15.607651"
4109,"Gyumri",7.3,6.4,"Cold ❄️","2026-03-19 13:28:15.887599"
4110,"Vanadzor",7.5,13.1,"Cold ❄️","2026-03-19 13:28:16.197445"
4111,"Dilijan",8.1,10.9,"Cold ❄️","2026-03-19 13:28:16.456986"
4112,"Hrazdan",8.0,4.3,"Cold ❄️","2026-03-19 13:28:16.732535"
4113,"Abovyan",9.6,4.3,"Cold ❄️","2026-03-19 13:28:17.451828"
4114,"Kapan",10.0,9.7,"Cold ❄️","2026-03-19 13:28:17.756955"
4115,"Goris",6.9,9.9,"Cold ❄️","2026-03-19 13:28:18.090873"
4116,"Sevan",6.1,10.3,"Cold ❄️","2026-03-19 13:28:18.489246"
4117,"Ijevan",8.3,7.6,"Cold ❄️","2026-03-19 13:28:18.77496"
4118,"Armavir",14.8,3.3,"Mild 🌤","2026-03-19 13:28:19.077026"
4119,"Artashat",15.8,17.5,"Mild 🌤","2026-03-19 13:28:19.341797"
4120,"Sisian",8.0,13.8,"Cold ❄️","2026-03-19 13:28:19.638912"
4147,"Yerevan",14.3,2.5,"Mild 🌤","2026-03-19 13:28:52.898923"
4148,"Gyumri",7.3,6.4,"Cold ❄️","2026-03-19 13:28:53.921378"
4149,"Vanadzor",7.5,13.1,"Cold ❄️","2026-03-19 13:28:55.355466"
4150,"Dilijan",8.1,10.9,"Cold ❄️","2026-03-19 13:28:56.58423"
4151,"Hrazdan",8.0,4.3,"Cold ❄️","2026-03-19 13:28:57.83849"
4152,"Abovyan",9.6,4.3,"Cold ❄️","2026-03-19 13:28:59.347417"
3887,"Yerevan",14.3,2.5,"Mild 🌤","2026-03-19 13:25:26.227506"
3888,"Gyumri",7.3,6.4,"Cold ❄️","2026-03-19 13:25:27.376185"
3889,"Vanadzor",7.5,13.1,"Cold ❄️","2026-03-19 13:25:28.091348"
3890,"Dilijan",8.1,10.9,"Cold ❄️","2026-03-19 13:25:29.42403"
3891,"Hrazdan",8.0,4.3,"Cold ❄️","2026-03-19 13:25:30.248244"
3892,"Abovyan",9.6,4.3,"Cold ❄️","2026-03-19 13:25:31.983729"
3893,"Kapan",10.0,9.7,"Cold ❄️","2026-03-19 13:25:33.112651"
3894,"Goris",6.9,9.9,"Cold ❄️","2026-03-19 13:25:34.241782"
3895,"Sevan",6.1,10.3,"Cold ❄️","2026-03-19 13:25:35.855"
3896,"Ijevan",8.3,7.6,"Cold ❄️","2026-03-19 13:25:37.308604"
3897,"Armavir",14.8,3.3,"Mild 🌤","2026-03-19 13:25:38.233742"
3898,"Artashat",15.8,17.5,"Mild 🌤","2026-03-19 13:25:43.855288"
3899,"Sisian",8.0,13.8,"Cold ❄️","2026-03-19 13:25:45.35414"
3926,"Yerevan",14.3,2.5,"Mild 🌤","2026-03-19 13:26:16.872134"
3927,"Gyumri",7.3,6.4,"Cold ❄️","2026-03-19 13:26:17.657027"
3928,"Vanadzor",7.5,13.1,"Cold ❄️","2026-03-19 13:26:18.678972"
3929,"Dilijan",8.1,10.9,"Cold ❄️","2026-03-19 13:26:20.726851"
3930,"Hrazdan",8.0,4.3,"Cold ❄️","2026-03-19 13:26:21.556253"
3931,"Abovyan",9.6,4.3,"Cold ❄️","2026-03-19 13:26:24.311633"
3932,"Kapan",10.0,9.7,"Cold ❄️","2026-03-19 13:26:26.154443"
3933,"Goris",6.9,9.9,"Cold ❄️","2026-03-19 13:26:27.487537"
3934,"Sevan",6.1,10.3,"Cold ❄️","2026-03-19 13:26:28.617625"
3935,"Ijevan",8.3,7.6,"Cold ❄️","2026-03-19 13:26:29.709228"
3936,"Armavir",14.8,3.3,"Mild 🌤","2026-03-19 13:26:30.770704"
3937,"Artashat",15.8,17.5,"Mild 🌤","2026-03-19 13:26:32.15609"
3938,"Sisian",8.0,13.8,"Cold ❄️","2026-03-19 13:26:32.878508"
3965,"Yerevan",14.3,2.5,"Mild 🌤","2026-03-19 13:26:42.510198"
3966,"Gyumri",7.3,6.4,"Cold ❄️","2026-03-19 13:26:42.795569"
3967,"Vanadzor",7.5,13.1,"Cold ❄️","2026-03-19 13:26:43.13178"
3968,"Dilijan",8.1,10.9,"Cold ❄️","2026-03-19 13:26:43.485413"
3969,"Hrazdan",8.0,4.3,"Cold ❄️","2026-03-19 13:26:43.857705"
3970,"Abovyan",9.6,4.3,"Cold ❄️","2026-03-19 13:26:44.151106"
3971,"Kapan",10.0,9.7,"Cold ❄️","2026-03-19 13:26:44.50307"
3972,"Goris",6.9,9.9,"Cold ❄️","2026-03-19 13:26:44.808344"
3973,"Sevan",6.1,10.3,"Cold ❄️","2026-03-19 13:26:45.154239"
3974,"Ijevan",8.3,7.6,"Cold ❄️","2026-03-19 13:26:45.564349"
3975,"Armavir",14.8,3.3,"Mild 🌤","2026-03-19 13:26:45.905933"
3976,"Artashat",15.8,17.5,"Mild 🌤","2026-03-19 13:26:46.539199"
3977,"Sisian",8.0,13.8,"Cold ❄️","2026-03-19 13:26:46.966986"
4004,"Yerevan",14.3,2.5,"Mild 🌤","2026-03-19 13:27:17.981454"
4005,"Gyumri",7.3,6.4,"Cold ❄️","2026-03-19 13:27:18.993821"
4006,"Vanadzor",7.5,13.1,"Cold ❄️","2026-03-19 13:27:20.02569"
4007,"Dilijan",8.1,10.9,"Cold ❄️","2026-03-19 13:27:22.374805"
4008,"Hrazdan",8.0,4.3,"Cold ❄️","2026-03-19 13:27:23.811999"
4009,"Abovyan",9.6,4.3,"Cold ❄️","2026-03-19 13:27:25.036085"
4010,"Kapan",10.0,9.7,"Cold ❄️","2026-03-19 13:27:25.956565"
4011,"Goris",6.9,9.9,"Cold ❄️","2026-03-19 13:27:27.087904"
4012,"Sevan",6.1,10.3,"Cold ❄️","2026-03-19 13:27:28.109065"
4013,"Ijevan",8.3,7.6,"Cold ❄️","2026-03-19 13:27:29.341311"
4014,"Armavir",14.8,3.3,"Mild 🌤","2026-03-19 13:27:30.565832"
4015,"Artashat",15.8,17.5,"Mild 🌤","2026-03-19 13:27:31.887039"
4016,"Sisian",8.0,13.8,"Cold ❄️","2026-03-19 13:27:33.02313"
4043,"Yerevan",14.3,2.5,"Mild 🌤","2026-03-19 13:27:57.698014"
4044,"Gyumri",7.3,6.4,"Cold ❄️","2026-03-19 13:27:58.040205"
4045,"Vanadzor",7.5,13.1,"Cold ❄️","2026-03-19 13:27:58.391286"
4046,"Dilijan",8.1,10.9,"Cold ❄️","2026-03-19 13:27:58.760552"
4047,"Hrazdan",8.0,4.3,"Cold ❄️","2026-03-19 13:27:59.162978"
4048,"Abovyan",9.6,4.3,"Cold ❄️","2026-03-19 13:27:59.579537"
4049,"Kapan",10.0,9.7,"Cold ❄️","2026-03-19 13:27:59.879639"
4050,"Goris",6.9,9.9,"Cold ❄️","2026-03-19 13:28:00.221618"
4051,"Sevan",6.1,10.3,"Cold ❄️","2026-03-19 13:28:00.546987"
4052,"Ijevan",8.3,7.6,"Cold ❄️","2026-03-19 13:28:00.911266"
4053,"Armavir",14.8,3.3,"Mild 🌤","2026-03-19 13:28:01.311124"
4054,"Artashat",15.8,17.5,"Mild 🌤","2026-03-19 13:28:01.724992"
4055,"Sisian",8.0,13.8,"Cold ❄️","2026-03-19 13:28:02.122807"
4082,"Yerevan",14.3,2.5,"Mild 🌤","2026-03-19 13:28:11.305968"
4083,"Gyumri",7.3,6.4,"Cold ❄️","2026-03-19 13:28:11.738568"
4084,"Vanadzor",7.5,13.1,"Cold ❄️","2026-03-19 13:28:12.097755"
4085,"Dilijan",8.1,10.9,"Cold ❄️","2026-03-19 13:28:12.406836"
4086,"Hrazdan",8.0,4.3,"Cold ❄️","2026-03-19 13:28:12.690331"
4087,"Abovyan",9.6,4.3,"Cold ❄️","2026-03-19 13:28:12.948467"
4088,"Kapan",10.0,9.7,"Cold ❄️","2026-03-19 13:28:13.205265"
4089,"Goris",6.9,9.9,"Cold ❄️","2026-03-19 13:28:13.631264"
4090,"Sevan",6.1,10.3,"Cold ❄️","2026-03-19 13:28:13.96017"
4091,"Ijevan",8.3,7.6,"Cold ❄️","2026-03-19 13:28:14.291415"
4092,"Armavir",14.8,3.3,"Mild 🌤","2026-03-19 13:28:14.615261"
4093,"Artashat",15.8,17.5,"Mild 🌤","2026-03-19 13:28:14.883712"
4094,"Sisian",8.0,13.8,"Cold ❄️","2026-03-19 13:28:15.199989"
4121,"Yerevan",14.3,2.5,"Mild 🌤","2026-03-19 13:28:19.852713"
4122,"Gyumri",7.3,6.4,"Cold ❄️","2026-03-19 13:28:20.154791"
4123,"Vanadzor",7.5,13.1,"Cold ❄️","2026-03-19 13:28:20.444635"
4124,"Dilijan",8.1,10.9,"Cold ❄️","2026-03-19 13:28:20.735221"
4125,"Hrazdan",8.0,4.3,"Cold ❄️","2026-03-19 13:28:20.986167"
4126,"Abovyan",9.6,4.3,"Cold ❄️","2026-03-19 13:28:21.350891"
4127,"Kapan",10.0,9.7,"Cold ❄️","2026-03-19 13:28:21.75632"
4128,"Goris",6.9,9.9,"Cold ❄️","2026-03-19 13:28:22.078295"
4129,"Sevan",6.1,10.3,"Cold ❄️","2026-03-19 13:28:22.510031"
4130,"Ijevan",8.3,7.6,"Cold ❄️","2026-03-19 13:28:22.98193"
4131,"Armavir",14.8,3.3,"Mild 🌤","2026-03-19 13:28:23.242723"
4132,"Artashat",15.8,17.5,"Mild 🌤","2026-03-19 13:28:23.600929"
4133,"Sisian",8.0,13.8,"Cold ❄️","2026-03-19 13:28:23.930889"
4160,"Yerevan",14.3,2.5,"Mild 🌤","2026-03-19 13:29:07.94897"
4161,"Gyumri",7.3,6.4,"Cold ❄️","2026-03-19 13:29:09.387811"
4162,"Vanadzor",7.5,13.1,"Cold ❄️","2026-03-19 13:29:10.31166"
4163,"Dilijan",8.1,10.9,"Cold ❄️","2026-03-19 13:29:11.751957"
4164,"Hrazdan",8.0,4.3,"Cold ❄️","2026-03-19 13:29:12.08264"
4165,"Abovyan",9.6,4.3,"Cold ❄️","2026-03-19 13:29:12.440278"
4141,"Goris",6.9,9.9,"Cold ❄️","2026-03-19 13:28:42.24941"
4142,"Sevan",6.1,10.3,"Cold ❄️","2026-03-19 13:28:45.114383"
4143,"Ijevan",8.3,7.6,"Cold ❄️","2026-03-19 13:28:47.265193"
4144,"Armavir",14.8,3.3,"Mild 🌤","2026-03-19 13:28:49.519928"
4145,"Artashat",15.8,17.5,"Mild 🌤","2026-03-19 13:28:50.746945"
4146,"Sisian",8.0,13.8,"Cold ❄️","2026-03-19 13:28:51.873357"
4173,"Yerevan",14.3,2.5,"Mild 🌤","2026-03-19 13:29:14.850056"
4174,"Gyumri",7.3,6.4,"Cold ❄️","2026-03-19 13:29:15.104693"
4175,"Vanadzor",7.5,13.1,"Cold ❄️","2026-03-19 13:29:15.422875"
4176,"Dilijan",8.1,10.9,"Cold ❄️","2026-03-19 13:29:15.734303"
4177,"Hrazdan",8.0,4.3,"Cold ❄️","2026-03-19 13:29:15.99527"
4178,"Abovyan",9.6,4.3,"Cold ❄️","2026-03-19 13:29:16.302506"
4179,"Kapan",10.0,9.7,"Cold ❄️","2026-03-19 13:29:16.648112"
4180,"Goris",6.9,9.9,"Cold ❄️","2026-03-19 13:29:16.917981"
4181,"Sevan",6.1,10.3,"Cold ❄️","2026-03-19 13:29:17.285857"
4182,"Ijevan",8.3,7.6,"Cold ❄️","2026-03-19 13:29:17.634106"
4183,"Armavir",14.8,3.3,"Mild 🌤","2026-03-19 13:29:17.979489"
4184,"Artashat",15.8,17.5,"Mild 🌤","2026-03-19 13:29:18.249675"
4185,"Sisian",8.0,13.8,"Cold ❄️","2026-03-19 13:29:18.623206"
4212,"Yerevan",14.3,2.5,"Mild 🌤","2026-03-19 13:29:29.741651"
4213,"Gyumri",7.3,6.4,"Cold ❄️","2026-03-19 13:29:30.586274"
4214,"Vanadzor",7.5,13.1,"Cold ❄️","2026-03-19 13:29:31.886433"
4215,"Dilijan",8.1,10.9,"Cold ❄️","2026-03-19 13:29:33.762395"
4216,"Hrazdan",8.0,4.3,"Cold ❄️","2026-03-19 13:29:34.477216"
4217,"Abovyan",9.6,4.3,"Cold ❄️","2026-03-19 13:29:35.70349"
4218,"Kapan",10.0,9.7,"Cold ❄️","2026-03-19 13:29:38.773932"
4219,"Goris",6.9,9.9,"Cold ❄️","2026-03-19 13:29:40.208551"
4220,"Sevan",6.1,10.3,"Cold ❄️","2026-03-19 13:29:41.748104"
4221,"Ijevan",8.3,7.6,"Cold ❄️","2026-03-19 13:29:42.75796"
4222,"Armavir",14.8,3.3,"Mild 🌤","2026-03-19 13:29:43.461253"
4223,"Artashat",15.8,17.5,"Mild 🌤","2026-03-19 13:29:44.610892"
4224,"Sisian",8.0,13.8,"Cold ❄️","2026-03-19 13:29:45.329602"
4765,"Yerevan",14.2,1.3,"Mild 🌤","2026-03-19 13:37:38.629812"
4766,"Gyumri",7.2,5.7,"Cold ❄️","2026-03-19 13:37:39.822591"
4767,"Vanadzor",7.1,12.6,"Cold ❄️","2026-03-19 13:37:40.991086"
4768,"Dilijan",7.7,10.1,"Cold ❄️","2026-03-19 13:37:42.220083"
4769,"Hrazdan",7.8,7.1,"Cold ❄️","2026-03-19 13:37:43.654213"
4770,"Abovyan",9.4,3.1,"Cold ❄️","2026-03-19 13:37:45.390165"
4771,"Kapan",9.7,9.3,"Cold ❄️","2026-03-19 13:37:46.313537"
4772,"Goris",6.8,9.2,"Cold ❄️","2026-03-19 13:37:47.822433"
4773,"Sevan",5.7,10.7,"Cold ❄️","2026-03-19 13:37:49.183826"
4774,"Ijevan",8.2,6.9,"Cold ❄️","2026-03-19 13:37:50.204937"
4775,"Armavir",14.8,2.5,"Mild 🌤","2026-03-19 13:37:51.63829"
4776,"Artashat",15.7,16.3,"Mild 🌤","2026-03-19 13:37:52.560059"
4777,"Sisian",7.6,13.2,"Cold ❄️","2026-03-19 13:37:53.838818"
4804,"Yerevan",14.2,1.3,"Mild 🌤","2026-03-19 13:38:05.296235"
4805,"Gyumri",7.2,5.7,"Cold ❄️","2026-03-19 13:38:05.554903"
4806,"Vanadzor",7.1,12.6,"Cold ❄️","2026-03-19 13:38:05.851059"
4807,"Dilijan",7.7,10.1,"Cold ❄️","2026-03-19 13:38:06.439451"
4808,"Hrazdan",7.8,7.1,"Cold ❄️","2026-03-19 13:38:06.752837"
4809,"Abovyan",9.4,3.1,"Cold ❄️","2026-03-19 13:38:07.158985"
4810,"Kapan",9.7,9.3,"Cold ❄️","2026-03-19 13:38:07.445691"
4811,"Goris",6.8,9.2,"Cold ❄️","2026-03-19 13:38:07.874049"
4812,"Sevan",5.7,10.7,"Cold ❄️","2026-03-19 13:38:08.216043"
4813,"Ijevan",8.2,6.9,"Cold ❄️","2026-03-19 13:38:08.558752"
4814,"Armavir",14.8,2.5,"Mild 🌤","2026-03-19 13:38:08.998099"
4815,"Artashat",15.7,16.3,"Mild 🌤","2026-03-19 13:38:09.332975"
4816,"Sisian",7.6,13.2,"Cold ❄️","2026-03-19 13:38:10.026238"
4843,"Yerevan",14.2,1.3,"Mild 🌤","2026-03-19 13:38:19.393736"
4844,"Gyumri",7.2,5.7,"Cold ❄️","2026-03-19 13:38:19.665108"
4845,"Vanadzor",7.1,12.6,"Cold ❄️","2026-03-19 13:38:19.922935"
4846,"Dilijan",7.7,10.1,"Cold ❄️","2026-03-19 13:38:20.262523"
4847,"Hrazdan",7.8,7.1,"Cold ❄️","2026-03-19 13:38:20.58462"
4848,"Abovyan",9.4,3.1,"Cold ❄️","2026-03-19 13:38:20.844002"
4849,"Kapan",9.7,9.3,"Cold ❄️","2026-03-19 13:38:21.122496"
4850,"Goris",6.8,9.2,"Cold ❄️","2026-03-19 13:38:21.37427"
4851,"Sevan",5.7,10.7,"Cold ❄️","2026-03-19 13:38:21.65109"
4852,"Ijevan",8.2,6.9,"Cold ❄️","2026-03-19 13:38:21.900976"
4853,"Armavir",14.8,2.5,"Mild 🌤","2026-03-19 13:38:22.152066"
4854,"Artashat",15.7,16.3,"Mild 🌤","2026-03-19 13:38:22.400173"
4855,"Sisian",7.6,13.2,"Cold ❄️","2026-03-19 13:38:22.956903"
4882,"Yerevan",14.2,1.3,"Mild 🌤","2026-03-19 13:38:38.63736"
4883,"Gyumri",7.2,5.7,"Cold ❄️","2026-03-19 13:38:39.970268"
4884,"Vanadzor",7.1,12.6,"Cold ❄️","2026-03-19 13:38:41.510952"
4885,"Dilijan",7.7,10.1,"Cold ❄️","2026-03-19 13:38:43.349215"
4886,"Hrazdan",7.8,7.1,"Cold ❄️","2026-03-19 13:38:44.47769"
4887,"Abovyan",9.4,3.1,"Cold ❄️","2026-03-19 13:38:45.807325"
4888,"Kapan",9.7,9.3,"Cold ❄️","2026-03-19 13:38:47.637373"
4889,"Goris",6.8,9.2,"Cold ❄️","2026-03-19 13:38:48.674682"
4890,"Sevan",5.7,10.7,"Cold ❄️","2026-03-19 13:38:49.839004"
4891,"Ijevan",8.2,6.9,"Cold ❄️","2026-03-19 13:38:51.339823"
4892,"Armavir",14.8,2.5,"Mild 🌤","2026-03-19 13:38:52.66796"
4893,"Artashat",15.7,16.3,"Mild 🌤","2026-03-19 13:38:53.873758"
4894,"Sisian",7.6,13.2,"Cold ❄️","2026-03-19 13:38:54.981218"
4921,"Yerevan",14.2,1.3,"Mild 🌤","2026-03-19 13:39:32.91566"
4922,"Gyumri",7.2,5.7,"Cold ❄️","2026-03-19 13:39:33.870775"
4923,"Vanadzor",7.1,12.6,"Cold ❄️","2026-03-19 13:39:34.662988"
4924,"Dilijan",7.7,10.1,"Cold ❄️","2026-03-19 13:39:35.855138"
4925,"Hrazdan",7.8,7.1,"Cold ❄️","2026-03-19 13:39:37.315356"
4926,"Abovyan",9.4,3.1,"Cold ❄️","2026-03-19 13:39:38.549505"
4927,"Kapan",9.7,9.3,"Cold ❄️","2026-03-19 13:39:40.620847"
4928,"Goris",6.8,9.2,"Cold ❄️","2026-03-19 13:39:41.870981"
4929,"Sevan",5.7,10.7,"Cold ❄️","2026-03-19 13:39:44.178265"
4930,"Ijevan",8.2,6.9,"Cold ❄️","2026-03-19 13:39:45.717268"
4931,"Armavir",14.8,2.5,"Mild 🌤","2026-03-19 13:39:46.27952"
4932,"Artashat",15.7,16.3,"Mild 🌤","2026-03-19 13:39:47.766118"
4933,"Sisian",7.6,13.2,"Cold ❄️","2026-03-19 13:39:48.397095"
4153,"Kapan",10.0,9.7,"Cold ❄️","2026-03-19 13:29:00.066727"
4154,"Goris",6.9,9.9,"Cold ❄️","2026-03-19 13:29:01.499367"
4155,"Sevan",6.1,10.3,"Cold ❄️","2026-03-19 13:29:02.625998"
4156,"Ijevan",8.3,7.6,"Cold ❄️","2026-03-19 13:29:03.650329"
4157,"Armavir",14.8,3.3,"Mild 🌤","2026-03-19 13:29:04.673974"
4158,"Artashat",15.8,17.5,"Mild 🌤","2026-03-19 13:29:05.905217"
4159,"Sisian",8.0,13.8,"Cold ❄️","2026-03-19 13:29:06.876913"
4186,"Yerevan",14.3,2.5,"Mild 🌤","2026-03-19 13:29:18.964998"
4187,"Gyumri",7.3,6.4,"Cold ❄️","2026-03-19 13:29:19.378061"
4188,"Vanadzor",7.5,13.1,"Cold ❄️","2026-03-19 13:29:19.70707"
4189,"Dilijan",8.1,10.9,"Cold ❄️","2026-03-19 13:29:20.00692"
4190,"Hrazdan",8.0,4.3,"Cold ❄️","2026-03-19 13:29:20.290645"
4191,"Abovyan",9.6,4.3,"Cold ❄️","2026-03-19 13:29:20.679503"
4192,"Kapan",10.0,9.7,"Cold ❄️","2026-03-19 13:29:20.944365"
4193,"Goris",6.9,9.9,"Cold ❄️","2026-03-19 13:29:21.291383"
4194,"Sevan",6.1,10.3,"Cold ❄️","2026-03-19 13:29:21.579718"
4195,"Ijevan",8.3,7.6,"Cold ❄️","2026-03-19 13:29:22.024798"
4196,"Armavir",14.8,3.3,"Mild 🌤","2026-03-19 13:29:22.348887"
4197,"Artashat",15.8,17.5,"Mild 🌤","2026-03-19 13:29:22.649962"
4198,"Sisian",8.0,13.8,"Cold ❄️","2026-03-19 13:29:22.988473"
4778,"Yerevan",14.2,1.3,"Mild 🌤","2026-03-19 13:37:55.013941"
4779,"Gyumri",7.2,5.7,"Cold ❄️","2026-03-19 13:37:56.168582"
4780,"Vanadzor",7.1,12.6,"Cold ❄️","2026-03-19 13:37:58.065789"
4781,"Dilijan",7.7,10.1,"Cold ❄️","2026-03-19 13:37:58.386153"
4782,"Hrazdan",7.8,7.1,"Cold ❄️","2026-03-19 13:37:58.675335"
4783,"Abovyan",9.4,3.1,"Cold ❄️","2026-03-19 13:37:58.996989"
4784,"Kapan",9.7,9.3,"Cold ❄️","2026-03-19 13:37:59.433131"
4785,"Goris",6.8,9.2,"Cold ❄️","2026-03-19 13:37:59.682213"
4786,"Sevan",5.7,10.7,"Cold ❄️","2026-03-19 13:38:00.057604"
4787,"Ijevan",8.2,6.9,"Cold ❄️","2026-03-19 13:38:00.324908"
4788,"Armavir",14.8,2.5,"Mild 🌤","2026-03-19 13:38:00.610034"
4789,"Artashat",15.7,16.3,"Mild 🌤","2026-03-19 13:38:00.88808"
4790,"Sisian",7.6,13.2,"Cold ❄️","2026-03-19 13:38:01.21508"
4817,"Yerevan",14.2,1.3,"Mild 🌤","2026-03-19 13:38:10.421345"
4818,"Gyumri",7.2,5.7,"Cold ❄️","2026-03-19 13:38:10.752191"
4819,"Vanadzor",7.1,12.6,"Cold ❄️","2026-03-19 13:38:11.068573"
4820,"Dilijan",7.7,10.1,"Cold ❄️","2026-03-19 13:38:11.359759"
4821,"Hrazdan",7.8,7.1,"Cold ❄️","2026-03-19 13:38:11.66956"
4822,"Abovyan",9.4,3.1,"Cold ❄️","2026-03-19 13:38:12.230221"
4823,"Kapan",9.7,9.3,"Cold ❄️","2026-03-19 13:38:12.479775"
4824,"Goris",6.8,9.2,"Cold ❄️","2026-03-19 13:38:13.131949"
4825,"Sevan",5.7,10.7,"Cold ❄️","2026-03-19 13:38:13.430748"
4826,"Ijevan",8.2,6.9,"Cold ❄️","2026-03-19 13:38:13.733754"
4827,"Armavir",14.8,2.5,"Mild 🌤","2026-03-19 13:38:14.203786"
4828,"Artashat",15.7,16.3,"Mild 🌤","2026-03-19 13:38:14.691653"
4829,"Sisian",7.6,13.2,"Cold ❄️","2026-03-19 13:38:14.999458"
4856,"Yerevan",14.2,1.3,"Mild 🌤","2026-03-19 13:38:23.300643"
4857,"Gyumri",7.2,5.7,"Cold ❄️","2026-03-19 13:38:23.55703"
4858,"Vanadzor",7.1,12.6,"Cold ❄️","2026-03-19 13:38:23.810038"
4859,"Dilijan",7.7,10.1,"Cold ❄️","2026-03-19 13:38:24.056226"
4860,"Hrazdan",7.8,7.1,"Cold ❄️","2026-03-19 13:38:24.387748"
4861,"Abovyan",9.4,3.1,"Cold ❄️","2026-03-19 13:38:24.665418"
4862,"Kapan",9.7,9.3,"Cold ❄️","2026-03-19 13:38:24.949923"
4863,"Goris",6.8,9.2,"Cold ❄️","2026-03-19 13:38:25.280235"
4864,"Sevan",5.7,10.7,"Cold ❄️","2026-03-19 13:38:25.615652"
4865,"Ijevan",8.2,6.9,"Cold ❄️","2026-03-19 13:38:25.969651"
4866,"Armavir",14.8,2.5,"Mild 🌤","2026-03-19 13:38:26.304768"
4867,"Artashat",15.7,16.3,"Mild 🌤","2026-03-19 13:38:26.713556"
4868,"Sisian",7.6,13.2,"Cold ❄️","2026-03-19 13:38:27.02158"
4895,"Yerevan",14.2,1.3,"Mild 🌤","2026-03-19 13:38:56.256134"
4896,"Gyumri",7.2,5.7,"Cold ❄️","2026-03-19 13:38:57.382877"
4897,"Vanadzor",7.1,12.6,"Cold ❄️","2026-03-19 13:38:58.608934"
4898,"Dilijan",7.7,10.1,"Cold ❄️","2026-03-19 13:38:59.892932"
4899,"Hrazdan",7.8,7.1,"Cold ❄️","2026-03-19 13:39:01.274794"
4900,"Abovyan",9.4,3.1,"Cold ❄️","2026-03-19 13:39:02.091203"
4901,"Kapan",9.7,9.3,"Cold ❄️","2026-03-19 13:39:04.956424"
4902,"Goris",6.8,9.2,"Cold ❄️","2026-03-19 13:39:06.595029"
4903,"Sevan",5.7,10.7,"Cold ❄️","2026-03-19 13:39:07.883592"
4904,"Ijevan",8.2,6.9,"Cold ❄️","2026-03-19 13:39:09.364226"
4905,"Armavir",14.8,2.5,"Mild 🌤","2026-03-19 13:39:10.693978"
4906,"Artashat",15.7,16.3,"Mild 🌤","2026-03-19 13:39:12.231595"
4907,"Sisian",7.6,13.2,"Cold ❄️","2026-03-19 13:39:13.562839"
4934,"Yerevan",14.2,1.3,"Mild 🌤","2026-03-19 13:39:49.706718"
4935,"Gyumri",7.2,5.7,"Cold ❄️","2026-03-19 13:39:51.958914"
4936,"Vanadzor",7.1,12.6,"Cold ❄️","2026-03-19 13:39:53.496832"
4937,"Dilijan",7.7,10.1,"Cold ❄️","2026-03-19 13:39:54.723696"
4938,"Hrazdan",7.8,7.1,"Cold ❄️","2026-03-19 13:39:56.264855"
4939,"Abovyan",9.4,3.1,"Cold ❄️","2026-03-19 13:39:57.386331"
4940,"Kapan",9.7,9.3,"Cold ❄️","2026-03-19 13:39:58.61511"
4941,"Goris",6.8,9.2,"Cold ❄️","2026-03-19 13:39:59.855933"
4942,"Sevan",5.7,10.7,"Cold ❄️","2026-03-19 13:40:04.964116"
4943,"Sisian",7.6,13.2,"Cold ❄️","2026-03-19 13:40:08.855427"
4970,"Yerevan",14.2,1.3,"Mild 🌤","2026-03-19 13:40:51.825177"
4971,"Gyumri",7.2,5.7,"Cold ❄️","2026-03-19 13:40:53.199327"
4972,"Vanadzor",7.1,12.6,"Cold ❄️","2026-03-19 13:40:55.449198"
4973,"Dilijan",7.7,10.1,"Cold ❄️","2026-03-19 13:40:56.985735"
4974,"Hrazdan",7.8,7.1,"Cold ❄️","2026-03-19 13:41:01.69447"
4975,"Abovyan",9.4,3.1,"Cold ❄️","2026-03-19 13:41:04.460869"
4976,"Kapan",9.7,9.3,"Cold ❄️","2026-03-19 13:41:05.8357"
4977,"Goris",6.8,9.2,"Cold ❄️","2026-03-19 13:41:06.611846"
4978,"Sevan",5.7,10.7,"Cold ❄️","2026-03-19 13:41:08.466025"
4979,"Ijevan",8.2,6.9,"Cold ❄️","2026-03-19 13:41:10.501904"
4980,"Armavir",14.8,2.5,"Mild 🌤","2026-03-19 13:41:11.735375"
4981,"Artashat",15.7,16.3,"Mild 🌤","2026-03-19 13:41:12.657877"
4982,"Sisian",7.6,13.2,"Cold ❄️","2026-03-19 13:41:13.848601"
5009,"Yerevan",14.2,1.3,"Mild 🌤","2026-03-19 13:41:53.91826"
5010,"Gyumri",7.2,5.7,"Cold ❄️","2026-03-19 13:41:55.353349"
4166,"Kapan",10.0,9.7,"Cold ❄️","2026-03-19 13:29:12.813615"
4167,"Goris",6.9,9.9,"Cold ❄️","2026-03-19 13:29:13.129311"
4168,"Sevan",6.1,10.3,"Cold ❄️","2026-03-19 13:29:13.438663"
4169,"Ijevan",8.3,7.6,"Cold ❄️","2026-03-19 13:29:13.731883"
4170,"Armavir",14.8,3.3,"Mild 🌤","2026-03-19 13:29:13.998844"
4171,"Artashat",15.8,17.5,"Mild 🌤","2026-03-19 13:29:14.25389"
4172,"Sisian",8.0,13.8,"Cold ❄️","2026-03-19 13:29:14.560949"
4199,"Yerevan",14.3,2.5,"Mild 🌤","2026-03-19 13:29:23.29943"
4200,"Gyumri",7.3,6.4,"Cold ❄️","2026-03-19 13:29:23.7429"
4201,"Vanadzor",7.5,13.1,"Cold ❄️","2026-03-19 13:29:24.087171"
4202,"Dilijan",8.1,10.9,"Cold ❄️","2026-03-19 13:29:24.395987"
4203,"Hrazdan",8.0,4.3,"Cold ❄️","2026-03-19 13:29:24.698807"
4204,"Abovyan",9.6,4.3,"Cold ❄️","2026-03-19 13:29:24.977377"
4205,"Kapan",10.0,9.7,"Cold ❄️","2026-03-19 13:29:25.351826"
4206,"Goris",6.9,9.9,"Cold ❄️","2026-03-19 13:29:25.760344"
4207,"Sevan",6.1,10.3,"Cold ❄️","2026-03-19 13:29:26.02611"
4208,"Ijevan",8.3,7.6,"Cold ❄️","2026-03-19 13:29:26.412687"
4209,"Armavir",14.8,3.3,"Mild 🌤","2026-03-19 13:29:26.73071"
4210,"Artashat",15.8,17.5,"Mild 🌤","2026-03-19 13:29:27.048315"
4211,"Sisian",8.0,13.8,"Cold ❄️","2026-03-19 13:29:27.30849"
4225,"Yerevan",14.3,2.5,"Mild 🌤","2026-03-19 13:29:45.970717"
4226,"Gyumri",7.3,6.4,"Cold ❄️","2026-03-19 13:29:46.249429"
4227,"Vanadzor",7.5,13.1,"Cold ❄️","2026-03-19 13:29:46.504338"
4228,"Dilijan",8.1,10.9,"Cold ❄️","2026-03-19 13:29:46.816298"
4229,"Hrazdan",8.0,4.3,"Cold ❄️","2026-03-19 13:29:47.152875"
4230,"Abovyan",9.6,4.3,"Cold ❄️","2026-03-19 13:29:47.425251"
4231,"Kapan",10.0,9.7,"Cold ❄️","2026-03-19 13:29:47.728669"
4232,"Goris",6.9,9.9,"Cold ❄️","2026-03-19 13:29:48.011337"
4233,"Sevan",6.1,10.3,"Cold ❄️","2026-03-19 13:29:48.314526"
4234,"Ijevan",8.3,7.6,"Cold ❄️","2026-03-19 13:29:48.660383"
4235,"Armavir",14.8,3.3,"Mild 🌤","2026-03-19 13:29:48.968634"
4236,"Artashat",15.8,17.5,"Mild 🌤","2026-03-19 13:29:49.228494"
4237,"Sisian",8.0,13.8,"Cold ❄️","2026-03-19 13:29:49.498566"
4238,"Yerevan",14.3,2.5,"Mild 🌤","2026-03-19 13:29:49.919272"
4239,"Gyumri",7.3,6.4,"Cold ❄️","2026-03-19 13:29:50.182067"
4240,"Vanadzor",7.5,13.1,"Cold ❄️","2026-03-19 13:29:50.439314"
4241,"Dilijan",8.1,10.9,"Cold ❄️","2026-03-19 13:29:50.769757"
4242,"Hrazdan",8.0,4.3,"Cold ❄️","2026-03-19 13:29:51.040062"
4243,"Abovyan",9.6,4.3,"Cold ❄️","2026-03-19 13:29:51.368553"
4244,"Kapan",10.0,9.7,"Cold ❄️","2026-03-19 13:29:51.664606"
4245,"Goris",6.9,9.9,"Cold ❄️","2026-03-19 13:29:51.923527"
4246,"Sevan",6.1,10.3,"Cold ❄️","2026-03-19 13:29:52.215861"
4247,"Ijevan",8.3,7.6,"Cold ❄️","2026-03-19 13:29:52.494317"
4248,"Armavir",14.8,3.3,"Mild 🌤","2026-03-19 13:29:52.841062"
4249,"Artashat",15.8,17.5,"Mild 🌤","2026-03-19 13:29:53.133574"
4250,"Sisian",8.0,13.8,"Cold ❄️","2026-03-19 13:29:53.602553"
4251,"Abovyan",9.4,3.1,"Cold ❄️","2026-03-19 13:30:10.931307"
4252,"Kapan",9.7,9.3,"Cold ❄️","2026-03-19 13:30:12.980775"
4253,"Goris",6.8,9.2,"Cold ❄️","2026-03-19 13:30:14.688086"
4254,"Sevan",5.7,10.7,"Cold ❄️","2026-03-19 13:30:16.359193"
4255,"Ijevan",8.2,6.9,"Cold ❄️","2026-03-19 13:30:17.513091"
4256,"Armavir",14.8,2.5,"Mild 🌤","2026-03-19 13:30:18.715723"
4257,"Artashat",15.7,16.3,"Mild 🌤","2026-03-19 13:30:19.899414"
4258,"Sisian",7.6,13.2,"Cold ❄️","2026-03-19 13:30:20.56429"
4259,"Yerevan",14.2,1.3,"Mild 🌤","2026-03-19 13:30:21.093674"
4260,"Gyumri",7.2,5.7,"Cold ❄️","2026-03-19 13:30:21.396749"
4261,"Vanadzor",7.1,12.6,"Cold ❄️","2026-03-19 13:30:21.871699"
4262,"Dilijan",7.7,10.1,"Cold ❄️","2026-03-19 13:30:22.145198"
4263,"Hrazdan",7.8,7.1,"Cold ❄️","2026-03-19 13:30:22.418103"
4264,"Abovyan",9.4,3.1,"Cold ❄️","2026-03-19 13:30:22.688311"
4265,"Kapan",9.7,9.3,"Cold ❄️","2026-03-19 13:30:23.003974"
4266,"Goris",6.8,9.2,"Cold ❄️","2026-03-19 13:30:23.307303"
4267,"Sevan",5.7,10.7,"Cold ❄️","2026-03-19 13:30:23.621834"
4268,"Ijevan",8.2,6.9,"Cold ❄️","2026-03-19 13:30:23.878428"
4269,"Armavir",14.8,2.5,"Mild 🌤","2026-03-19 13:30:24.15968"
4270,"Artashat",15.7,16.3,"Mild 🌤","2026-03-19 13:30:24.482905"
4271,"Sisian",7.6,13.2,"Cold ❄️","2026-03-19 13:30:24.771131"
4272,"Yerevan",14.2,1.3,"Mild 🌤","2026-03-19 13:30:21.070035"
4273,"Gyumri",7.2,5.7,"Cold ❄️","2026-03-19 13:30:21.399206"
4274,"Vanadzor",7.1,12.6,"Cold ❄️","2026-03-19 13:30:21.944846"
4275,"Dilijan",7.7,10.1,"Cold ❄️","2026-03-19 13:30:22.27716"
4276,"Hrazdan",7.8,7.1,"Cold ❄️","2026-03-19 13:30:22.618109"
4277,"Abovyan",9.4,3.1,"Cold ❄️","2026-03-19 13:30:22.915623"
4278,"Kapan",9.7,9.3,"Cold ❄️","2026-03-19 13:30:23.175156"
4279,"Goris",6.8,9.2,"Cold ❄️","2026-03-19 13:30:23.499972"
4280,"Sevan",5.7,10.7,"Cold ❄️","2026-03-19 13:30:23.769796"
4281,"Ijevan",8.2,6.9,"Cold ❄️","2026-03-19 13:30:24.079169"
4282,"Armavir",14.8,2.5,"Mild 🌤","2026-03-19 13:30:24.350734"
4283,"Artashat",15.7,16.3,"Mild 🌤","2026-03-19 13:30:24.625541"
4284,"Sisian",7.6,13.2,"Cold ❄️","2026-03-19 13:30:24.901735"
4285,"Yerevan",14.2,1.3,"Mild 🌤","2026-03-19 13:30:30.155297"
4286,"Gyumri",7.2,5.7,"Cold ❄️","2026-03-19 13:30:30.478795"
4287,"Vanadzor",7.1,12.6,"Cold ❄️","2026-03-19 13:30:30.882395"
4288,"Dilijan",7.7,10.1,"Cold ❄️","2026-03-19 13:30:31.18355"
4289,"Hrazdan",7.8,7.1,"Cold ❄️","2026-03-19 13:30:31.461364"
4290,"Abovyan",9.4,3.1,"Cold ❄️","2026-03-19 13:30:31.75797"
4291,"Kapan",9.7,9.3,"Cold ❄️","2026-03-19 13:30:33.355108"
4292,"Goris",6.8,9.2,"Cold ❄️","2026-03-19 13:30:33.642557"
4293,"Sevan",5.7,10.7,"Cold ❄️","2026-03-19 13:30:33.946122"
4294,"Ijevan",8.2,6.9,"Cold ❄️","2026-03-19 13:30:34.307815"
4295,"Armavir",14.8,2.5,"Mild 🌤","2026-03-19 13:30:34.639901"
4296,"Artashat",15.7,16.3,"Mild 🌤","2026-03-19 13:30:34.955476"
4297,"Sisian",7.6,13.2,"Cold ❄️","2026-03-19 13:30:35.293007"
4298,"Yerevan",14.2,1.3,"Mild 🌤","2026-03-19 13:30:40.61303"
4299,"Gyumri",7.2,5.7,"Cold ❄️","2026-03-19 13:30:41.241097"
4300,"Vanadzor",7.1,12.6,"Cold ❄️","2026-03-19 13:30:41.908233"
4301,"Dilijan",7.7,10.1,"Cold ❄️","2026-03-19 13:30:42.221915"
4302,"Hrazdan",7.8,7.1,"Cold ❄️","2026-03-19 13:30:42.552322"
4303,"Abovyan",9.4,3.1,"Cold ❄️","2026-03-19 13:30:42.835986"
4304,"Kapan",9.7,9.3,"Cold ❄️","2026-03-19 13:30:43.150498"
4305,"Goris",6.8,9.2,"Cold ❄️","2026-03-19 13:30:44.968156"
4306,"Sevan",5.7,10.7,"Cold ❄️","2026-03-19 13:30:45.241273"
4307,"Ijevan",8.2,6.9,"Cold ❄️","2026-03-19 13:30:45.536495"
4308,"Armavir",14.8,2.5,"Mild 🌤","2026-03-19 13:30:45.839395"
4309,"Artashat",15.7,16.3,"Mild 🌤","2026-03-19 13:30:46.155212"
4310,"Sisian",7.6,13.2,"Cold ❄️","2026-03-19 13:30:46.454732"
4337,"Yerevan",14.2,1.3,"Mild 🌤","2026-03-19 13:31:11.757676"
4338,"Gyumri",7.2,5.7,"Cold ❄️","2026-03-19 13:31:12.473839"
4339,"Vanadzor",7.1,12.6,"Cold ❄️","2026-03-19 13:31:13.116024"
4340,"Dilijan",7.7,10.1,"Cold ❄️","2026-03-19 13:31:13.851062"
4341,"Hrazdan",7.8,7.1,"Cold ❄️","2026-03-19 13:31:14.167665"
4342,"Abovyan",9.4,3.1,"Cold ❄️","2026-03-19 13:31:14.461875"
4343,"Kapan",9.7,9.3,"Cold ❄️","2026-03-19 13:31:14.740377"
4344,"Goris",6.8,9.2,"Cold ❄️","2026-03-19 13:31:14.993926"
4345,"Sevan",5.7,10.7,"Cold ❄️","2026-03-19 13:31:15.326783"
4346,"Ijevan",8.2,6.9,"Cold ❄️","2026-03-19 13:31:15.623143"
4347,"Armavir",14.8,2.5,"Mild 🌤","2026-03-19 13:31:15.895679"
4348,"Artashat",15.7,16.3,"Mild 🌤","2026-03-19 13:31:16.183121"
4349,"Sisian",7.6,13.2,"Cold ❄️","2026-03-19 13:31:16.492389"
4376,"Yerevan",14.2,1.3,"Mild 🌤","2026-03-19 13:31:52.613597"
4377,"Gyumri",7.2,5.7,"Cold ❄️","2026-03-19 13:31:53.844837"
4378,"Vanadzor",7.1,12.6,"Cold ❄️","2026-03-19 13:31:54.764283"
4379,"Dilijan",7.7,10.1,"Cold ❄️","2026-03-19 13:31:55.889926"
4380,"Hrazdan",7.8,7.1,"Cold ❄️","2026-03-19 13:31:56.914956"
4381,"Abovyan",9.4,3.1,"Cold ❄️","2026-03-19 13:31:58.251302"
4382,"Kapan",9.7,9.3,"Cold ❄️","2026-03-19 13:32:01.217127"
4383,"Goris",6.8,9.2,"Cold ❄️","2026-03-19 13:32:01.910367"
4384,"Sevan",5.7,10.7,"Cold ❄️","2026-03-19 13:32:03.069098"
4385,"Ijevan",8.2,6.9,"Cold ❄️","2026-03-19 13:32:03.984692"
4386,"Armavir",14.8,2.5,"Mild 🌤","2026-03-19 13:32:05.009661"
4387,"Artashat",15.7,16.3,"Mild 🌤","2026-03-19 13:32:06.745867"
4388,"Sisian",7.6,13.2,"Cold ❄️","2026-03-19 13:32:07.85451"
4415,"Yerevan",14.2,1.3,"Mild 🌤","2026-03-19 13:32:44.632521"
4416,"Gyumri",7.2,5.7,"Cold ❄️","2026-03-19 13:32:45.760096"
4417,"Vanadzor",7.1,12.6,"Cold ❄️","2026-03-19 13:32:47.912322"
4418,"Dilijan",7.7,10.1,"Cold ❄️","2026-03-19 13:32:48.935051"
4419,"Hrazdan",7.8,7.1,"Cold ❄️","2026-03-19 13:32:50.166139"
4420,"Abovyan",9.4,3.1,"Cold ❄️","2026-03-19 13:32:51.39776"
4421,"Kapan",9.7,9.3,"Cold ❄️","2026-03-19 13:32:52.622047"
4422,"Goris",6.8,9.2,"Cold ❄️","2026-03-19 13:32:53.953093"
4423,"Sevan",5.7,10.7,"Cold ❄️","2026-03-19 13:32:55.488961"
4424,"Ijevan",8.2,6.9,"Cold ❄️","2026-03-19 13:32:56.055844"
4425,"Armavir",14.8,2.5,"Mild 🌤","2026-03-19 13:32:56.344296"
4426,"Artashat",15.7,16.3,"Mild 🌤","2026-03-19 13:32:56.728512"
4427,"Sisian",7.6,13.2,"Cold ❄️","2026-03-19 13:32:57.050416"
4454,"Yerevan",14.2,1.3,"Mild 🌤","2026-03-19 13:33:06.430152"
4455,"Gyumri",7.2,5.7,"Cold ❄️","2026-03-19 13:33:06.691695"
4456,"Vanadzor",7.1,12.6,"Cold ❄️","2026-03-19 13:33:07.124537"
4457,"Dilijan",7.7,10.1,"Cold ❄️","2026-03-19 13:33:07.465651"
4458,"Hrazdan",7.8,7.1,"Cold ❄️","2026-03-19 13:33:07.734686"
4459,"Abovyan",9.4,3.1,"Cold ❄️","2026-03-19 13:33:08.025935"
4460,"Kapan",9.7,9.3,"Cold ❄️","2026-03-19 13:33:08.330084"
4461,"Goris",6.8,9.2,"Cold ❄️","2026-03-19 13:33:08.594435"
4462,"Sevan",5.7,10.7,"Cold ❄️","2026-03-19 13:33:08.856784"
4463,"Ijevan",8.2,6.9,"Cold ❄️","2026-03-19 13:33:09.269904"
4464,"Armavir",14.8,2.5,"Mild 🌤","2026-03-19 13:33:09.574142"
4465,"Artashat",15.7,16.3,"Mild 🌤","2026-03-19 13:33:09.984733"
4466,"Sisian",7.6,13.2,"Cold ❄️","2026-03-19 13:33:10.496414"
4493,"Yerevan",14.2,1.3,"Mild 🌤","2026-03-19 13:33:19.638451"
4494,"Gyumri",7.2,5.7,"Cold ❄️","2026-03-19 13:33:21.070113"
4495,"Vanadzor",7.1,12.6,"Cold ❄️","2026-03-19 13:33:21.374229"
4496,"Dilijan",7.7,10.1,"Cold ❄️","2026-03-19 13:33:21.632709"
4497,"Hrazdan",7.8,7.1,"Cold ❄️","2026-03-19 13:33:22.318493"
4498,"Abovyan",9.4,3.1,"Cold ❄️","2026-03-19 13:33:24.059576"
4499,"Kapan",9.7,9.3,"Cold ❄️","2026-03-19 13:33:25.390356"
4500,"Goris",6.8,9.2,"Cold ❄️","2026-03-19 13:33:26.824014"
4501,"Sevan",5.7,10.7,"Cold ❄️","2026-03-19 13:33:28.260089"
4502,"Ijevan",8.2,6.9,"Cold ❄️","2026-03-19 13:33:29.799396"
4503,"Armavir",14.8,2.5,"Mild 🌤","2026-03-19 13:33:30.920232"
4504,"Artashat",15.7,16.3,"Mild 🌤","2026-03-19 13:33:32.256616"
4505,"Sisian",7.6,13.2,"Cold ❄️","2026-03-19 13:33:33.276624"
4532,"Yerevan",14.2,1.3,"Mild 🌤","2026-03-19 13:33:50.844007"
4533,"Gyumri",7.2,5.7,"Cold ❄️","2026-03-19 13:33:51.162089"
4534,"Vanadzor",7.1,12.6,"Cold ❄️","2026-03-19 13:33:51.456644"
4535,"Dilijan",7.7,10.1,"Cold ❄️","2026-03-19 13:33:51.741109"
4536,"Hrazdan",7.8,7.1,"Cold ❄️","2026-03-19 13:33:52.030204"
4537,"Abovyan",9.4,3.1,"Cold ❄️","2026-03-19 13:33:52.3108"
4538,"Kapan",9.7,9.3,"Cold ❄️","2026-03-19 13:33:52.606276"
4539,"Goris",6.8,9.2,"Cold ❄️","2026-03-19 13:33:52.878657"
4540,"Sevan",5.7,10.7,"Cold ❄️","2026-03-19 13:33:53.144918"
4541,"Ijevan",8.2,6.9,"Cold ❄️","2026-03-19 13:33:53.418377"
4542,"Armavir",14.8,2.5,"Mild 🌤","2026-03-19 13:33:53.694865"
4543,"Artashat",15.7,16.3,"Mild 🌤","2026-03-19 13:33:53.989871"
4544,"Sisian",7.6,13.2,"Cold ❄️","2026-03-19 13:33:54.267812"
4571,"Yerevan",14.2,1.3,"Mild 🌤","2026-03-19 13:34:13.487261"
4572,"Gyumri",7.2,5.7,"Cold ❄️","2026-03-19 13:34:13.84548"
4573,"Vanadzor",7.1,12.6,"Cold ❄️","2026-03-19 13:34:14.234198"
4574,"Dilijan",7.7,10.1,"Cold ❄️","2026-03-19 13:34:14.526633"
4575,"Hrazdan",7.8,7.1,"Cold ❄️","2026-03-19 13:34:14.803359"
4576,"Abovyan",9.4,3.1,"Cold ❄️","2026-03-19 13:34:15.132326"
4577,"Kapan",9.7,9.3,"Cold ❄️","2026-03-19 13:34:15.459489"
4578,"Goris",6.8,9.2,"Cold ❄️","2026-03-19 13:34:15.716029"
4579,"Sevan",5.7,10.7,"Cold ❄️","2026-03-19 13:34:16.03591"
4580,"Ijevan",8.2,6.9,"Cold ❄️","2026-03-19 13:34:16.365123"
4311,"Yerevan",14.2,1.3,"Mild 🌤","2026-03-19 13:30:50.407475"
4312,"Gyumri",7.2,5.7,"Cold ❄️","2026-03-19 13:30:51.219326"
4313,"Vanadzor",7.1,12.6,"Cold ❄️","2026-03-19 13:30:52.015934"
4314,"Dilijan",7.7,10.1,"Cold ❄️","2026-03-19 13:30:52.276482"
4315,"Hrazdan",7.8,7.1,"Cold ❄️","2026-03-19 13:30:52.551861"
4316,"Abovyan",9.4,3.1,"Cold ❄️","2026-03-19 13:30:52.841899"
4317,"Kapan",9.7,9.3,"Cold ❄️","2026-03-19 13:30:53.119492"
4318,"Goris",6.8,9.2,"Cold ❄️","2026-03-19 13:30:53.445894"
4319,"Sevan",5.7,10.7,"Cold ❄️","2026-03-19 13:30:53.719493"
4320,"Ijevan",8.2,6.9,"Cold ❄️","2026-03-19 13:30:54.03408"
4321,"Armavir",14.8,2.5,"Mild 🌤","2026-03-19 13:30:54.306722"
4322,"Artashat",15.7,16.3,"Mild 🌤","2026-03-19 13:30:54.591156"
4323,"Sisian",7.6,13.2,"Cold ❄️","2026-03-19 13:30:54.921097"
4350,"Yerevan",14.2,1.3,"Mild 🌤","2026-03-19 13:31:20.947646"
4351,"Gyumri",7.2,5.7,"Cold ❄️","2026-03-19 13:31:22.200246"
4352,"Vanadzor",7.1,12.6,"Cold ❄️","2026-03-19 13:31:23.633916"
4353,"Dilijan",7.7,10.1,"Cold ❄️","2026-03-19 13:31:24.965107"
4354,"Hrazdan",7.8,7.1,"Cold ❄️","2026-03-19 13:31:26.029873"
4355,"Abovyan",9.4,3.1,"Cold ❄️","2026-03-19 13:31:27.013679"
4356,"Kapan",9.7,9.3,"Cold ❄️","2026-03-19 13:31:28.242763"
4357,"Goris",6.8,9.2,"Cold ❄️","2026-03-19 13:31:29.473343"
4358,"Sevan",5.7,10.7,"Cold ❄️","2026-03-19 13:31:31.008953"
4359,"Ijevan",8.2,6.9,"Cold ❄️","2026-03-19 13:31:32.031491"
4360,"Armavir",14.8,2.5,"Mild 🌤","2026-03-19 13:31:33.293563"
4361,"Artashat",15.7,16.3,"Mild 🌤","2026-03-19 13:31:34.290818"
4362,"Sisian",7.6,13.2,"Cold ❄️","2026-03-19 13:31:35.719637"
4389,"Yerevan",14.2,1.3,"Mild 🌤","2026-03-19 13:32:09.131064"
4390,"Gyumri",7.2,5.7,"Cold ❄️","2026-03-19 13:32:10.334639"
4391,"Vanadzor",7.1,12.6,"Cold ❄️","2026-03-19 13:32:11.66363"
4392,"Dilijan",7.7,10.1,"Cold ❄️","2026-03-19 13:32:12.789567"
4393,"Hrazdan",7.8,7.1,"Cold ❄️","2026-03-19 13:32:13.877553"
4394,"Abovyan",9.4,3.1,"Cold ❄️","2026-03-19 13:32:15.961658"
4395,"Kapan",9.7,9.3,"Cold ❄️","2026-03-19 13:32:17.49806"
4396,"Goris",6.8,9.2,"Cold ❄️","2026-03-19 13:32:18.427241"
4397,"Sevan",5.7,10.7,"Cold ❄️","2026-03-19 13:32:19.759893"
4398,"Ijevan",8.2,6.9,"Cold ❄️","2026-03-19 13:32:21.08339"
4399,"Armavir",14.8,2.5,"Mild 🌤","2026-03-19 13:32:23.54916"
4400,"Artashat",15.7,16.3,"Mild 🌤","2026-03-19 13:32:26.206872"
4401,"Sisian",7.6,13.2,"Cold ❄️","2026-03-19 13:32:27.635758"
4428,"Yerevan",14.2,1.3,"Mild 🌤","2026-03-19 13:32:57.351074"
4429,"Gyumri",7.2,5.7,"Cold ❄️","2026-03-19 13:32:57.670564"
4430,"Vanadzor",7.1,12.6,"Cold ❄️","2026-03-19 13:32:57.971919"
4431,"Dilijan",7.7,10.1,"Cold ❄️","2026-03-19 13:32:58.238527"
4432,"Hrazdan",7.8,7.1,"Cold ❄️","2026-03-19 13:32:58.616419"
4433,"Abovyan",9.4,3.1,"Cold ❄️","2026-03-19 13:32:58.937899"
4434,"Kapan",9.7,9.3,"Cold ❄️","2026-03-19 13:32:59.468709"
4435,"Goris",6.8,9.2,"Cold ❄️","2026-03-19 13:32:59.845587"
4436,"Sevan",5.7,10.7,"Cold ❄️","2026-03-19 13:33:00.256947"
4437,"Ijevan",8.2,6.9,"Cold ❄️","2026-03-19 13:33:00.678964"
4438,"Armavir",14.8,2.5,"Mild 🌤","2026-03-19 13:33:01.132204"
4439,"Artashat",15.7,16.3,"Mild 🌤","2026-03-19 13:33:01.457825"
4440,"Sisian",7.6,13.2,"Cold ❄️","2026-03-19 13:33:01.895527"
4467,"Yerevan",14.2,1.3,"Mild 🌤","2026-03-19 13:33:10.867148"
4468,"Gyumri",7.2,5.7,"Cold ❄️","2026-03-19 13:33:11.315176"
4469,"Vanadzor",7.1,12.6,"Cold ❄️","2026-03-19 13:33:11.827271"
4470,"Dilijan",7.7,10.1,"Cold ❄️","2026-03-19 13:33:12.271727"
4471,"Hrazdan",7.8,7.1,"Cold ❄️","2026-03-19 13:33:12.523588"
4472,"Abovyan",9.4,3.1,"Cold ❄️","2026-03-19 13:33:12.921099"
4473,"Kapan",9.7,9.3,"Cold ❄️","2026-03-19 13:33:13.29445"
4474,"Goris",6.8,9.2,"Cold ❄️","2026-03-19 13:33:13.561684"
4475,"Sevan",5.7,10.7,"Cold ❄️","2026-03-19 13:33:13.979699"
4476,"Ijevan",8.2,6.9,"Cold ❄️","2026-03-19 13:33:14.245808"
4477,"Armavir",14.8,2.5,"Mild 🌤","2026-03-19 13:33:14.594263"
4478,"Artashat",15.7,16.3,"Mild 🌤","2026-03-19 13:33:14.889465"
4479,"Sisian",7.6,13.2,"Cold ❄️","2026-03-19 13:33:15.206921"
4506,"Yerevan",14.2,1.3,"Mild 🌤","2026-03-19 13:33:34.075601"
4507,"Gyumri",7.2,5.7,"Cold ❄️","2026-03-19 13:33:35.532363"
4508,"Vanadzor",7.1,12.6,"Cold ❄️","2026-03-19 13:33:36.654637"
4509,"Dilijan",7.7,10.1,"Cold ❄️","2026-03-19 13:33:37.782789"
4510,"Hrazdan",7.8,7.1,"Cold ❄️","2026-03-19 13:33:38.498649"
4511,"Abovyan",9.4,3.1,"Cold ❄️","2026-03-19 13:33:40.547426"
4512,"Kapan",9.7,9.3,"Cold ❄️","2026-03-19 13:33:41.333879"
4513,"Goris",6.8,9.2,"Cold ❄️","2026-03-19 13:33:42.496381"
4514,"Sevan",5.7,10.7,"Cold ❄️","2026-03-19 13:33:43.854888"
4515,"Ijevan",8.2,6.9,"Cold ❄️","2026-03-19 13:33:44.877377"
4516,"Armavir",14.8,2.5,"Mild 🌤","2026-03-19 13:33:45.926663"
4517,"Artashat",15.7,16.3,"Mild 🌤","2026-03-19 13:33:46.178118"
4518,"Sisian",7.6,13.2,"Cold ❄️","2026-03-19 13:33:46.531008"
4545,"Yerevan",14.2,1.3,"Mild 🌤","2026-03-19 13:33:54.60835"
4546,"Gyumri",7.2,5.7,"Cold ❄️","2026-03-19 13:33:54.963251"
4547,"Vanadzor",7.1,12.6,"Cold ❄️","2026-03-19 13:33:55.226072"
4548,"Dilijan",7.7,10.1,"Cold ❄️","2026-03-19 13:33:55.503183"
4549,"Hrazdan",7.8,7.1,"Cold ❄️","2026-03-19 13:33:55.76965"
4550,"Abovyan",9.4,3.1,"Cold ❄️","2026-03-19 13:33:56.072984"
4551,"Kapan",9.7,9.3,"Cold ❄️","2026-03-19 13:33:56.446114"
4552,"Goris",6.8,9.2,"Cold ❄️","2026-03-19 13:33:56.736884"
4553,"Sevan",5.7,10.7,"Cold ❄️","2026-03-19 13:33:56.994495"
4554,"Ijevan",8.2,6.9,"Cold ❄️","2026-03-19 13:33:57.296951"
4555,"Armavir",14.8,2.5,"Mild 🌤","2026-03-19 13:33:57.703385"
4556,"Artashat",15.7,16.3,"Mild 🌤","2026-03-19 13:33:58.040163"
4557,"Sisian",7.6,13.2,"Cold ❄️","2026-03-19 13:33:58.370678"
4584,"Yerevan",14.2,1.3,"Mild 🌤","2026-03-19 13:34:23.9762"
4585,"Gyumri",7.2,5.7,"Cold ❄️","2026-03-19 13:34:25.398106"
4586,"Vanadzor",7.1,12.6,"Cold ❄️","2026-03-19 13:34:26.227908"
4587,"Dilijan",7.7,10.1,"Cold ❄️","2026-03-19 13:34:27.758527"
4588,"Hrazdan",7.8,7.1,"Cold ❄️","2026-03-19 13:34:28.986531"
4589,"Abovyan",9.4,3.1,"Cold ❄️","2026-03-19 13:34:30.318272"
4324,"Yerevan",14.2,1.3,"Mild 🌤","2026-03-19 13:31:00.577782"
4325,"Gyumri",7.2,5.7,"Cold ❄️","2026-03-19 13:31:01.188955"
4326,"Vanadzor",7.1,12.6,"Cold ❄️","2026-03-19 13:31:01.990454"
4327,"Dilijan",7.7,10.1,"Cold ❄️","2026-03-19 13:31:02.311779"
4328,"Hrazdan",7.8,7.1,"Cold ❄️","2026-03-19 13:31:02.638294"
4329,"Abovyan",9.4,3.1,"Cold ❄️","2026-03-19 13:31:03.075636"
4330,"Kapan",9.7,9.3,"Cold ❄️","2026-03-19 13:31:03.408051"
4331,"Goris",6.8,9.2,"Cold ❄️","2026-03-19 13:31:03.704926"
4332,"Sevan",5.7,10.7,"Cold ❄️","2026-03-19 13:31:04.002192"
4333,"Ijevan",8.2,6.9,"Cold ❄️","2026-03-19 13:31:04.305936"
4334,"Armavir",14.8,2.5,"Mild 🌤","2026-03-19 13:31:04.617649"
4335,"Artashat",15.7,16.3,"Mild 🌤","2026-03-19 13:31:04.918372"
4336,"Sisian",7.6,13.2,"Cold ❄️","2026-03-19 13:31:05.198575"
4363,"Yerevan",14.2,1.3,"Mild 🌤","2026-03-19 13:31:36.905916"
4364,"Gyumri",7.2,5.7,"Cold ❄️","2026-03-19 13:31:38.177198"
4365,"Vanadzor",7.1,12.6,"Cold ❄️","2026-03-19 13:31:39.52114"
4366,"Dilijan",7.7,10.1,"Cold ❄️","2026-03-19 13:31:40.944871"
4367,"Hrazdan",7.8,7.1,"Cold ❄️","2026-03-19 13:31:42.276318"
4368,"Abovyan",9.4,3.1,"Cold ❄️","2026-03-19 13:31:43.533393"
4369,"Kapan",9.7,9.3,"Cold ❄️","2026-03-19 13:31:44.197256"
4370,"Goris",6.8,9.2,"Cold ❄️","2026-03-19 13:31:45.451149"
4371,"Sevan",5.7,10.7,"Cold ❄️","2026-03-19 13:31:46.679192"
4372,"Ijevan",8.2,6.9,"Cold ❄️","2026-03-19 13:31:48.212611"
4373,"Armavir",14.8,2.5,"Mild 🌤","2026-03-19 13:31:49.759697"
4374,"Artashat",15.7,16.3,"Mild 🌤","2026-03-19 13:31:50.366432"
4375,"Sisian",7.6,13.2,"Cold ❄️","2026-03-19 13:31:51.793629"
4402,"Yerevan",14.2,1.3,"Mild 🌤","2026-03-19 13:32:28.131009"
4403,"Gyumri",7.2,5.7,"Cold ❄️","2026-03-19 13:32:29.581469"
4404,"Vanadzor",7.1,12.6,"Cold ❄️","2026-03-19 13:32:30.917382"
4405,"Dilijan",7.7,10.1,"Cold ❄️","2026-03-19 13:32:32.248005"
4406,"Hrazdan",7.8,7.1,"Cold ❄️","2026-03-19 13:32:33.781817"
4407,"Abovyan",9.4,3.1,"Cold ❄️","2026-03-19 13:32:34.381266"
4408,"Kapan",9.7,9.3,"Cold ❄️","2026-03-19 13:32:35.829678"
4409,"Goris",6.8,9.2,"Cold ❄️","2026-03-19 13:32:36.955936"
4410,"Sevan",5.7,10.7,"Cold ❄️","2026-03-19 13:32:38.088723"
4411,"Ijevan",8.2,6.9,"Cold ❄️","2026-03-19 13:32:39.207356"
4412,"Armavir",14.8,2.5,"Mild 🌤","2026-03-19 13:32:40.339694"
4413,"Artashat",15.7,16.3,"Mild 🌤","2026-03-19 13:32:41.76935"
4414,"Sisian",7.6,13.2,"Cold ❄️","2026-03-19 13:32:43.100537"
4441,"Yerevan",14.2,1.3,"Mild 🌤","2026-03-19 13:33:02.166105"
4442,"Gyumri",7.2,5.7,"Cold ❄️","2026-03-19 13:33:02.444228"
4443,"Vanadzor",7.1,12.6,"Cold ❄️","2026-03-19 13:33:02.816588"
4444,"Dilijan",7.7,10.1,"Cold ❄️","2026-03-19 13:33:03.145271"
4445,"Hrazdan",7.8,7.1,"Cold ❄️","2026-03-19 13:33:03.422236"
4446,"Abovyan",9.4,3.1,"Cold ❄️","2026-03-19 13:33:03.810334"
4447,"Kapan",9.7,9.3,"Cold ❄️","2026-03-19 13:33:04.096169"
4448,"Goris",6.8,9.2,"Cold ❄️","2026-03-19 13:33:04.392186"
4449,"Sevan",5.7,10.7,"Cold ❄️","2026-03-19 13:33:04.696486"
4450,"Ijevan",8.2,6.9,"Cold ❄️","2026-03-19 13:33:05.068164"
4451,"Armavir",14.8,2.5,"Mild 🌤","2026-03-19 13:33:05.443114"
4452,"Artashat",15.7,16.3,"Mild 🌤","2026-03-19 13:33:05.785187"
4453,"Sisian",7.6,13.2,"Cold ❄️","2026-03-19 13:33:06.140219"
4480,"Yerevan",14.2,1.3,"Mild 🌤","2026-03-19 13:33:15.536101"
4481,"Gyumri",7.2,5.7,"Cold ❄️","2026-03-19 13:33:15.924506"
4482,"Vanadzor",7.1,12.6,"Cold ❄️","2026-03-19 13:33:16.25668"
4483,"Dilijan",7.7,10.1,"Cold ❄️","2026-03-19 13:33:16.604814"
4484,"Hrazdan",7.8,7.1,"Cold ❄️","2026-03-19 13:33:16.930774"
4485,"Abovyan",9.4,3.1,"Cold ❄️","2026-03-19 13:33:17.227787"
4486,"Kapan",9.7,9.3,"Cold ❄️","2026-03-19 13:33:17.551956"
4487,"Goris",6.8,9.2,"Cold ❄️","2026-03-19 13:33:17.876909"
4488,"Sevan",5.7,10.7,"Cold ❄️","2026-03-19 13:33:18.179738"
4489,"Ijevan",8.2,6.9,"Cold ❄️","2026-03-19 13:33:18.452282"
4490,"Armavir",14.8,2.5,"Mild 🌤","2026-03-19 13:33:18.776651"
4491,"Artashat",15.7,16.3,"Mild 🌤","2026-03-19 13:33:19.027055"
4492,"Sisian",7.6,13.2,"Cold ❄️","2026-03-19 13:33:19.302895"
4519,"Yerevan",14.2,1.3,"Mild 🌤","2026-03-19 13:33:46.839164"
4520,"Gyumri",7.2,5.7,"Cold ❄️","2026-03-19 13:33:47.12918"
4521,"Vanadzor",7.1,12.6,"Cold ❄️","2026-03-19 13:33:47.437816"
4522,"Dilijan",7.7,10.1,"Cold ❄️","2026-03-19 13:33:47.700581"
4523,"Hrazdan",7.8,7.1,"Cold ❄️","2026-03-19 13:33:48.05056"
4524,"Abovyan",9.4,3.1,"Cold ❄️","2026-03-19 13:33:48.46391"
4525,"Kapan",9.7,9.3,"Cold ❄️","2026-03-19 13:33:48.760035"
4526,"Goris",6.8,9.2,"Cold ❄️","2026-03-19 13:33:49.039645"
4527,"Sevan",5.7,10.7,"Cold ❄️","2026-03-19 13:33:49.327654"
4528,"Ijevan",8.2,6.9,"Cold ❄️","2026-03-19 13:33:49.636349"
4529,"Armavir",14.8,2.5,"Mild 🌤","2026-03-19 13:33:49.91744"
4530,"Artashat",15.7,16.3,"Mild 🌤","2026-03-19 13:33:50.227463"
4531,"Sisian",7.6,13.2,"Cold ❄️","2026-03-19 13:33:50.537897"
4558,"Yerevan",14.2,1.3,"Mild 🌤","2026-03-19 13:34:03.994759"
4559,"Gyumri",7.2,5.7,"Cold ❄️","2026-03-19 13:34:04.661202"
4560,"Vanadzor",7.1,12.6,"Cold ❄️","2026-03-19 13:34:05.440289"
4561,"Dilijan",7.7,10.1,"Cold ❄️","2026-03-19 13:34:06.35529"
4562,"Hrazdan",7.8,7.1,"Cold ❄️","2026-03-19 13:34:07.585628"
4563,"Abovyan",9.4,3.1,"Cold ❄️","2026-03-19 13:34:09.014064"
4564,"Kapan",9.7,9.3,"Cold ❄️","2026-03-19 13:34:10.399101"
4565,"Goris",6.8,9.2,"Cold ❄️","2026-03-19 13:34:11.062013"
4566,"Sevan",5.7,10.7,"Cold ❄️","2026-03-19 13:34:11.923927"
4567,"Ijevan",8.2,6.9,"Cold ❄️","2026-03-19 13:34:12.257608"
4568,"Armavir",14.8,2.5,"Mild 🌤","2026-03-19 13:34:12.58102"
4569,"Artashat",15.7,16.3,"Mild 🌤","2026-03-19 13:34:12.852761"
4570,"Sisian",7.6,13.2,"Cold ❄️","2026-03-19 13:34:13.216438"
4597,"Yerevan",14.2,1.3,"Mild 🌤","2026-03-19 13:34:39.94459"
4598,"Gyumri",7.2,5.7,"Cold ❄️","2026-03-19 13:34:41.276352"
4599,"Vanadzor",7.1,12.6,"Cold ❄️","2026-03-19 13:34:42.604434"
4600,"Dilijan",7.7,10.1,"Cold ❄️","2026-03-19 13:34:43.886018"
4601,"Hrazdan",7.8,7.1,"Cold ❄️","2026-03-19 13:34:45.162077"
4602,"Abovyan",9.4,3.1,"Cold ❄️","2026-03-19 13:34:47.726775"
4581,"Armavir",14.8,2.5,"Mild 🌤","2026-03-19 13:34:16.615883"
4582,"Artashat",15.7,16.3,"Mild 🌤","2026-03-19 13:34:16.993086"
4583,"Sisian",7.6,13.2,"Cold ❄️","2026-03-19 13:34:17.284589"
4610,"Yerevan",14.2,1.3,"Mild 🌤","2026-03-19 13:34:57.837434"
4611,"Gyumri",7.2,5.7,"Cold ❄️","2026-03-19 13:34:59.172079"
4612,"Vanadzor",7.1,12.6,"Cold ❄️","2026-03-19 13:34:59.886517"
4613,"Dilijan",7.7,10.1,"Cold ❄️","2026-03-19 13:35:01.238972"
4614,"Hrazdan",7.8,7.1,"Cold ❄️","2026-03-19 13:35:03.814554"
4615,"Abovyan",9.4,3.1,"Cold ❄️","2026-03-19 13:35:04.823597"
4616,"Kapan",9.7,9.3,"Cold ❄️","2026-03-19 13:35:06.159501"
4617,"Goris",6.8,9.2,"Cold ❄️","2026-03-19 13:35:07.080821"
4618,"Sevan",5.7,10.7,"Cold ❄️","2026-03-19 13:35:07.996961"
4619,"Ijevan",8.2,6.9,"Cold ❄️","2026-03-19 13:35:09.124637"
4620,"Armavir",14.8,2.5,"Mild 🌤","2026-03-19 13:35:09.869025"
4621,"Artashat",15.7,16.3,"Mild 🌤","2026-03-19 13:35:10.682479"
4622,"Sisian",7.6,13.2,"Cold ❄️","2026-03-19 13:35:11.855093"
4648,"Yerevan",14.2,1.3,"Mild 🌤","2026-03-19 13:35:37.078462"
4649,"Gyumri",7.2,5.7,"Cold ❄️","2026-03-19 13:35:38.059141"
4650,"Vanadzor",7.1,12.6,"Cold ❄️","2026-03-19 13:35:38.390936"
4651,"Dilijan",7.7,10.1,"Cold ❄️","2026-03-19 13:35:38.689593"
4652,"Hrazdan",7.8,7.1,"Cold ❄️","2026-03-19 13:35:39.08229"
4653,"Abovyan",9.4,3.1,"Cold ❄️","2026-03-19 13:35:39.407414"
4654,"Kapan",9.7,9.3,"Cold ❄️","2026-03-19 13:35:39.895939"
4655,"Goris",6.8,9.2,"Cold ❄️","2026-03-19 13:35:40.183209"
4656,"Sevan",5.7,10.7,"Cold ❄️","2026-03-19 13:35:40.460441"
4657,"Ijevan",8.2,6.9,"Cold ❄️","2026-03-19 13:35:40.954941"
4658,"Armavir",14.8,2.5,"Mild 🌤","2026-03-19 13:35:41.309481"
4659,"Artashat",15.7,16.3,"Mild 🌤","2026-03-19 13:35:41.71121"
4660,"Sisian",7.6,13.2,"Cold ❄️","2026-03-19 13:35:42.142838"
4791,"Yerevan",14.2,1.3,"Mild 🌤","2026-03-19 13:38:01.508354"
4792,"Gyumri",7.2,5.7,"Cold ❄️","2026-03-19 13:38:01.865359"
4793,"Vanadzor",7.1,12.6,"Cold ❄️","2026-03-19 13:38:02.118036"
4794,"Dilijan",7.7,10.1,"Cold ❄️","2026-03-19 13:38:02.408192"
4795,"Hrazdan",7.8,7.1,"Cold ❄️","2026-03-19 13:38:02.700242"
4796,"Abovyan",9.4,3.1,"Cold ❄️","2026-03-19 13:38:02.96167"
4797,"Kapan",9.7,9.3,"Cold ❄️","2026-03-19 13:38:03.236381"
4798,"Goris",6.8,9.2,"Cold ❄️","2026-03-19 13:38:03.514285"
4799,"Sevan",5.7,10.7,"Cold ❄️","2026-03-19 13:38:03.804685"
4800,"Ijevan",8.2,6.9,"Cold ❄️","2026-03-19 13:38:04.083447"
4801,"Armavir",14.8,2.5,"Mild 🌤","2026-03-19 13:38:04.344062"
4802,"Artashat",15.7,16.3,"Mild 🌤","2026-03-19 13:38:04.612978"
4803,"Sisian",7.6,13.2,"Cold ❄️","2026-03-19 13:38:05.007925"
4830,"Yerevan",14.2,1.3,"Mild 🌤","2026-03-19 13:38:15.343945"
4831,"Gyumri",7.2,5.7,"Cold ❄️","2026-03-19 13:38:15.641959"
4832,"Vanadzor",7.1,12.6,"Cold ❄️","2026-03-19 13:38:15.918598"
4833,"Dilijan",7.7,10.1,"Cold ❄️","2026-03-19 13:38:16.236282"
4834,"Hrazdan",7.8,7.1,"Cold ❄️","2026-03-19 13:38:16.577103"
4835,"Abovyan",9.4,3.1,"Cold ❄️","2026-03-19 13:38:16.885576"
4836,"Kapan",9.7,9.3,"Cold ❄️","2026-03-19 13:38:17.159805"
4837,"Goris",6.8,9.2,"Cold ❄️","2026-03-19 13:38:17.596607"
4838,"Sevan",5.7,10.7,"Cold ❄️","2026-03-19 13:38:17.86191"
4839,"Ijevan",8.2,6.9,"Cold ❄️","2026-03-19 13:38:18.113374"
4840,"Armavir",14.8,2.5,"Mild 🌤","2026-03-19 13:38:18.36636"
4841,"Artashat",15.7,16.3,"Mild 🌤","2026-03-19 13:38:18.798954"
4842,"Sisian",7.6,13.2,"Cold ❄️","2026-03-19 13:38:19.107598"
4869,"Yerevan",14.2,1.3,"Mild 🌤","2026-03-19 13:38:28.146428"
4870,"Gyumri",7.2,5.7,"Cold ❄️","2026-03-19 13:38:28.509619"
4871,"Vanadzor",7.1,12.6,"Cold ❄️","2026-03-19 13:38:28.79529"
4872,"Dilijan",7.7,10.1,"Cold ❄️","2026-03-19 13:38:29.128025"
4873,"Hrazdan",7.8,7.1,"Cold ❄️","2026-03-19 13:38:29.449633"
4874,"Abovyan",9.4,3.1,"Cold ❄️","2026-03-19 13:38:29.87917"
4875,"Kapan",9.7,9.3,"Cold ❄️","2026-03-19 13:38:30.30359"
4876,"Goris",6.8,9.2,"Cold ❄️","2026-03-19 13:38:30.623512"
4877,"Sevan",5.7,10.7,"Cold ❄️","2026-03-19 13:38:31.135374"
4878,"Ijevan",8.2,6.9,"Cold ❄️","2026-03-19 13:38:31.488694"
4879,"Armavir",14.8,2.5,"Mild 🌤","2026-03-19 13:38:31.834716"
4880,"Artashat",15.7,16.3,"Mild 🌤","2026-03-19 13:38:32.104852"
4881,"Sisian",7.6,13.2,"Cold ❄️","2026-03-19 13:38:32.371231"
4908,"Yerevan",14.2,1.3,"Mild 🌤","2026-03-19 13:39:14.88986"
4909,"Gyumri",7.2,5.7,"Cold ❄️","2026-03-19 13:39:16.225313"
4910,"Vanadzor",7.1,12.6,"Cold ❄️","2026-03-19 13:39:17.658856"
4911,"Dilijan",7.7,10.1,"Cold ❄️","2026-03-19 13:39:19.089514"
4912,"Hrazdan",7.8,7.1,"Cold ❄️","2026-03-19 13:39:20.62561"
4913,"Abovyan",9.4,3.1,"Cold ❄️","2026-03-19 13:39:23.822085"
4914,"Kapan",9.7,9.3,"Cold ❄️","2026-03-19 13:39:24.84492"
4915,"Goris",6.8,9.2,"Cold ❄️","2026-03-19 13:39:26.029256"
4916,"Sevan",5.7,10.7,"Cold ❄️","2026-03-19 13:39:27.05222"
4917,"Ijevan",8.2,6.9,"Cold ❄️","2026-03-19 13:39:28.525219"
4918,"Armavir",14.8,2.5,"Mild 🌤","2026-03-19 13:39:29.57177"
4919,"Artashat",15.7,16.3,"Mild 🌤","2026-03-19 13:39:30.459412"
4920,"Sisian",7.6,13.2,"Cold ❄️","2026-03-19 13:39:31.585961"
4944,"Yerevan",14.2,1.3,"Mild 🌤","2026-03-19 13:40:10.593978"
4945,"Gyumri",7.2,5.7,"Cold ❄️","2026-03-19 13:40:12.239617"
4946,"Vanadzor",7.1,12.6,"Cold ❄️","2026-03-19 13:40:14.181069"
4947,"Dilijan",7.7,10.1,"Cold ❄️","2026-03-19 13:40:18.58386"
4948,"Hrazdan",7.8,7.1,"Cold ❄️","2026-03-19 13:40:19.505711"
4949,"Abovyan",9.4,3.1,"Cold ❄️","2026-03-19 13:40:20.631191"
4950,"Kapan",9.7,9.3,"Cold ❄️","2026-03-19 13:40:21.985767"
4951,"Goris",6.8,9.2,"Cold ❄️","2026-03-19 13:40:23.298535"
4952,"Sevan",5.7,10.7,"Cold ❄️","2026-03-19 13:40:25.342208"
4953,"Ijevan",8.2,6.9,"Cold ❄️","2026-03-19 13:40:26.57385"
4954,"Armavir",14.8,2.5,"Mild 🌤","2026-03-19 13:40:27.697057"
4955,"Artashat",15.7,16.3,"Mild 🌤","2026-03-19 13:40:28.605146"
4956,"Sisian",7.6,13.2,"Cold ❄️","2026-03-19 13:40:31.411095"
4983,"Yerevan",14.2,1.3,"Mild 🌤","2026-03-19 13:41:18.077302"
4984,"Gyumri",7.2,5.7,"Cold ❄️","2026-03-19 13:41:19.104997"
4985,"Vanadzor",7.1,12.6,"Cold ❄️","2026-03-19 13:41:20.848387"
4590,"Kapan",9.7,9.3,"Cold ❄️","2026-03-19 13:34:31.852422"
4591,"Goris",6.8,9.2,"Cold ❄️","2026-03-19 13:34:33.282624"
4592,"Sevan",5.7,10.7,"Cold ❄️","2026-03-19 13:34:34.210247"
4593,"Ijevan",8.2,6.9,"Cold ❄️","2026-03-19 13:34:35.330626"
4594,"Armavir",14.8,2.5,"Mild 🌤","2026-03-19 13:34:36.6625"
4595,"Artashat",15.7,16.3,"Mild 🌤","2026-03-19 13:34:37.771472"
4596,"Sisian",7.6,13.2,"Cold ❄️","2026-03-19 13:34:38.608056"
4623,"Yerevan",14.2,1.3,"Mild 🌤","2026-03-19 13:35:13.218697"
4624,"Gyumri",7.2,5.7,"Cold ❄️","2026-03-19 13:35:13.936744"
4625,"Vanadzor",7.1,12.6,"Cold ❄️","2026-03-19 13:35:15.987777"
4626,"Dilijan",7.7,10.1,"Cold ❄️","2026-03-19 13:35:17.135833"
4627,"Hrazdan",7.8,7.1,"Cold ❄️","2026-03-19 13:35:18.419324"
4628,"Abovyan",9.4,3.1,"Cold ❄️","2026-03-19 13:35:19.025842"
4629,"Kapan",9.7,9.3,"Cold ❄️","2026-03-19 13:35:23.053761"
4630,"Goris",6.8,9.2,"Cold ❄️","2026-03-19 13:35:31.863068"
4631,"Sevan",5.7,10.7,"Cold ❄️","2026-03-19 13:35:32.643958"
4632,"Ijevan",8.2,6.9,"Cold ❄️","2026-03-19 13:35:33.700669"
4633,"Armavir",14.8,2.5,"Mild 🌤","2026-03-19 13:35:36.77669"
4634,"Artashat",15.7,16.3,"Mild 🌤","2026-03-19 13:35:37.667602"
4635,"Sisian",7.6,13.2,"Cold ❄️","2026-03-19 13:35:38.233329"
4957,"Yerevan",14.2,1.3,"Mild 🌤","2026-03-19 13:40:32.206204"
4958,"Gyumri",7.2,5.7,"Cold ❄️","2026-03-19 13:40:33.641424"
4959,"Vanadzor",7.1,12.6,"Cold ❄️","2026-03-19 13:40:35.074932"
4960,"Dilijan",7.7,10.1,"Cold ❄️","2026-03-19 13:40:36.918589"
4961,"Hrazdan",7.8,7.1,"Cold ❄️","2026-03-19 13:40:38.65964"
4962,"Abovyan",9.4,3.1,"Cold ❄️","2026-03-19 13:40:39.664759"
4963,"Kapan",9.7,9.3,"Cold ❄️","2026-03-19 13:40:41.01488"
4964,"Goris",6.8,9.2,"Cold ❄️","2026-03-19 13:40:41.931569"
4965,"Sevan",5.7,10.7,"Cold ❄️","2026-03-19 13:40:43.471793"
4966,"Ijevan",8.2,6.9,"Cold ❄️","2026-03-19 13:40:45.622523"
4967,"Armavir",14.8,2.5,"Mild 🌤","2026-03-19 13:40:46.643635"
4968,"Artashat",15.7,16.3,"Mild 🌤","2026-03-19 13:40:49.099787"
4969,"Sisian",7.6,13.2,"Cold ❄️","2026-03-19 13:40:50.540756"
4996,"Yerevan",14.2,1.3,"Mild 🌤","2026-03-19 13:41:35.383107"
4997,"Gyumri",7.2,5.7,"Cold ❄️","2026-03-19 13:41:36.618847"
4998,"Vanadzor",7.1,12.6,"Cold ❄️","2026-03-19 13:41:38.969563"
4999,"Dilijan",7.7,10.1,"Cold ❄️","2026-03-19 13:41:40.710213"
5000,"Hrazdan",7.8,7.1,"Cold ❄️","2026-03-19 13:41:41.867956"
5001,"Abovyan",9.4,3.1,"Cold ❄️","2026-03-19 13:41:43.181688"
5002,"Kapan",9.7,9.3,"Cold ❄️","2026-03-19 13:41:43.986515"
5003,"Goris",6.8,9.2,"Cold ❄️","2026-03-19 13:41:45.21637"
5004,"Sevan",5.7,10.7,"Cold ❄️","2026-03-19 13:41:47.468392"
5005,"Ijevan",8.2,6.9,"Cold ❄️","2026-03-19 13:41:48.290076"
5006,"Armavir",14.8,2.5,"Mild 🌤","2026-03-19 13:41:49.419021"
5007,"Artashat",15.7,16.3,"Mild 🌤","2026-03-19 13:41:51.155064"
5008,"Sisian",7.6,13.2,"Cold ❄️","2026-03-19 13:41:52.588387"
5035,"Yerevan",14.2,1.3,"Mild 🌤","2026-03-19 13:42:34.059876"
5036,"Gyumri",7.2,5.7,"Cold ❄️","2026-03-19 13:42:35.600515"
5037,"Vanadzor",7.1,12.6,"Cold ❄️","2026-03-19 13:42:37.030853"
5038,"Dilijan",7.7,10.1,"Cold ❄️","2026-03-19 13:42:38.264544"
5039,"Hrazdan",7.8,7.1,"Cold ❄️","2026-03-19 13:42:39.697769"
5040,"Abovyan",9.4,3.1,"Cold ❄️","2026-03-19 13:42:40.926807"
5041,"Kapan",9.7,9.3,"Cold ❄️","2026-03-19 13:42:44.710846"
5042,"Goris",6.8,9.2,"Cold ❄️","2026-03-19 13:42:45.842797"
5043,"Sevan",5.7,10.7,"Cold ❄️","2026-03-19 13:42:46.839838"
5044,"Ijevan",8.2,6.9,"Cold ❄️","2026-03-19 13:42:47.851186"
5045,"Armavir",14.8,2.5,"Mild 🌤","2026-03-19 13:42:49.324385"
5046,"Artashat",15.7,16.3,"Mild 🌤","2026-03-19 13:42:50.352215"
5047,"Sisian",7.6,13.2,"Cold ❄️","2026-03-19 13:42:51.252884"
5074,"Yerevan",14.2,1.3,"Mild 🌤","2026-03-19 13:43:06.415332"
5075,"Gyumri",7.2,5.7,"Cold ❄️","2026-03-19 13:43:06.694518"
5076,"Vanadzor",7.1,12.6,"Cold ❄️","2026-03-19 13:43:07.020221"
5077,"Dilijan",7.7,10.1,"Cold ❄️","2026-03-19 13:43:07.268786"
5078,"Hrazdan",7.8,7.1,"Cold ❄️","2026-03-19 13:43:07.523664"
5079,"Abovyan",9.4,3.1,"Cold ❄️","2026-03-19 13:43:07.781885"
5080,"Kapan",9.7,9.3,"Cold ❄️","2026-03-19 13:43:08.118857"
5081,"Goris",6.8,9.2,"Cold ❄️","2026-03-19 13:43:08.453379"
5082,"Sevan",5.7,10.7,"Cold ❄️","2026-03-19 13:43:08.703652"
5083,"Ijevan",8.2,6.9,"Cold ❄️","2026-03-19 13:43:09.015993"
5084,"Armavir",14.8,2.5,"Mild 🌤","2026-03-19 13:43:09.807192"
5085,"Artashat",15.7,16.3,"Mild 🌤","2026-03-19 13:43:10.163712"
5086,"Sisian",7.6,13.2,"Cold ❄️","2026-03-19 13:43:10.490577"
5113,"Yerevan",14.2,1.3,"Mild 🌤","2026-03-19 13:43:41.754428"
5114,"Gyumri",7.2,5.7,"Cold ❄️","2026-03-19 13:43:43.191778"
5115,"Vanadzor",7.1,12.6,"Cold ❄️","2026-03-19 13:43:44.621743"
5116,"Dilijan",7.7,10.1,"Cold ❄️","2026-03-19 13:43:46.257316"
5117,"Hrazdan",7.8,7.1,"Cold ❄️","2026-03-19 13:43:47.69759"
5118,"Abovyan",9.4,3.1,"Cold ❄️","2026-03-19 13:43:48.712573"
5119,"Kapan",9.7,9.3,"Cold ❄️","2026-03-19 13:43:50.049524"
5120,"Goris",6.8,9.2,"Cold ❄️","2026-03-19 13:43:51.579764"
5121,"Sevan",5.7,10.7,"Cold ❄️","2026-03-19 13:43:53.017918"
5122,"Ijevan",8.2,6.9,"Cold ❄️","2026-03-19 13:43:54.077077"
5123,"Armavir",14.8,2.5,"Mild 🌤","2026-03-19 13:43:55.573326"
5124,"Artashat",15.7,16.3,"Mild 🌤","2026-03-19 13:43:56.085193"
5125,"Sisian",7.6,13.2,"Cold ❄️","2026-03-19 13:43:56.412273"
5152,"Yerevan",14.2,1.3,"Mild 🌤","2026-03-19 13:43:56.812261"
5153,"Gyumri",7.2,5.7,"Cold ❄️","2026-03-19 13:43:57.125272"
5154,"Vanadzor",7.1,12.6,"Cold ❄️","2026-03-19 13:43:57.423448"
5155,"Dilijan",7.7,10.1,"Cold ❄️","2026-03-19 13:43:57.754617"
5156,"Hrazdan",7.8,7.1,"Cold ❄️","2026-03-19 13:43:58.053736"
5157,"Abovyan",9.4,3.1,"Cold ❄️","2026-03-19 13:43:58.388795"
5158,"Kapan",9.7,9.3,"Cold ❄️","2026-03-19 13:43:58.738433"
5159,"Goris",6.8,9.2,"Cold ❄️","2026-03-19 13:43:59.069253"
5160,"Sevan",5.7,10.7,"Cold ❄️","2026-03-19 13:43:59.418672"
5161,"Ijevan",8.2,6.9,"Cold ❄️","2026-03-19 13:43:59.718388"
5162,"Armavir",14.8,2.5,"Mild 🌤","2026-03-19 13:44:00.054208"
5163,"Artashat",15.7,16.3,"Mild 🌤","2026-03-19 13:44:00.428542"
4603,"Kapan",9.7,9.3,"Cold ❄️","2026-03-19 13:34:49.360371"
4604,"Goris",6.8,9.2,"Cold ❄️","2026-03-19 13:34:52.232632"
4605,"Sevan",5.7,10.7,"Cold ❄️","2026-03-19 13:34:53.256243"
4606,"Ijevan",8.2,6.9,"Cold ❄️","2026-03-19 13:34:53.926453"
4607,"Armavir",14.8,2.5,"Mild 🌤","2026-03-19 13:34:54.61316"
4608,"Artashat",15.7,16.3,"Mild 🌤","2026-03-19 13:34:55.613273"
4609,"Sisian",7.6,13.2,"Cold ❄️","2026-03-19 13:34:56.636034"
4636,"Yerevan",14.2,1.3,"Mild 🌤","2026-03-19 13:35:20.260549"
4637,"Vanadzor",7.1,12.6,"Cold ❄️","2026-03-19 13:35:31.866819"
4638,"Dilijan",7.7,10.1,"Cold ❄️","2026-03-19 13:35:32.702316"
4639,"Hrazdan",7.8,7.1,"Cold ❄️","2026-03-19 13:35:33.870757"
4640,"Abovyan",9.4,3.1,"Cold ❄️","2026-03-19 13:35:35.346548"
4641,"Kapan",9.7,9.3,"Cold ❄️","2026-03-19 13:35:36.441419"
4642,"Goris",6.8,9.2,"Cold ❄️","2026-03-19 13:35:37.593578"
4643,"Sevan",5.7,10.7,"Cold ❄️","2026-03-19 13:35:38.341728"
4644,"Ijevan",8.2,6.9,"Cold ❄️","2026-03-19 13:35:38.630784"
4645,"Armavir",14.8,2.5,"Mild 🌤","2026-03-19 13:35:38.947361"
4646,"Artashat",15.7,16.3,"Mild 🌤","2026-03-19 13:35:39.306811"
4647,"Sisian",7.6,13.2,"Cold ❄️","2026-03-19 13:35:39.628334"
4986,"Dilijan",7.7,10.1,"Cold ❄️","2026-03-19 13:41:23.301729"
4987,"Hrazdan",7.8,7.1,"Cold ❄️","2026-03-19 13:41:25.453865"
4988,"Abovyan",9.4,3.1,"Cold ❄️","2026-03-19 13:41:26.278327"
4989,"Kapan",9.7,9.3,"Cold ❄️","2026-03-19 13:41:27.39957"
4990,"Goris",6.8,9.2,"Cold ❄️","2026-03-19 13:41:28.627248"
4991,"Sevan",5.7,10.7,"Cold ❄️","2026-03-19 13:41:29.838269"
4992,"Ijevan",8.2,6.9,"Cold ❄️","2026-03-19 13:41:30.879789"
4993,"Armavir",14.8,2.5,"Mild 🌤","2026-03-19 13:41:31.699071"
4994,"Artashat",15.7,16.3,"Mild 🌤","2026-03-19 13:41:33.034882"
4995,"Sisian",7.6,13.2,"Cold ❄️","2026-03-19 13:41:33.951299"
5022,"Yerevan",14.2,1.3,"Mild 🌤","2026-03-19 13:42:11.8383"
5023,"Gyumri",7.2,5.7,"Cold ❄️","2026-03-19 13:42:13.07421"
5024,"Vanadzor",7.1,12.6,"Cold ❄️","2026-03-19 13:42:14.606985"
5025,"Dilijan",7.7,10.1,"Cold ❄️","2026-03-19 13:42:15.855597"
5026,"Hrazdan",7.8,7.1,"Cold ❄️","2026-03-19 13:42:17.473933"
5027,"Abovyan",9.4,3.1,"Cold ❄️","2026-03-19 13:42:19.008646"
5028,"Kapan",9.7,9.3,"Cold ❄️","2026-03-19 13:42:20.954495"
5029,"Goris",6.8,9.2,"Cold ❄️","2026-03-19 13:42:23.923608"
5030,"Sevan",5.7,10.7,"Cold ❄️","2026-03-19 13:42:25.357422"
5031,"Ijevan",8.2,6.9,"Cold ❄️","2026-03-19 13:42:26.385963"
5032,"Armavir",14.8,2.5,"Mild 🌤","2026-03-19 13:42:28.943486"
5033,"Artashat",15.7,16.3,"Mild 🌤","2026-03-19 13:42:31.297057"
5034,"Sisian",7.6,13.2,"Cold ❄️","2026-03-19 13:42:32.730101"
5061,"Yerevan",14.2,1.3,"Mild 🌤","2026-03-19 13:43:01.949512"
5062,"Gyumri",7.2,5.7,"Cold ❄️","2026-03-19 13:43:02.312819"
5063,"Vanadzor",7.1,12.6,"Cold ❄️","2026-03-19 13:43:02.650893"
5064,"Dilijan",7.7,10.1,"Cold ❄️","2026-03-19 13:43:02.995674"
5065,"Hrazdan",7.8,7.1,"Cold ❄️","2026-03-19 13:43:03.381052"
5066,"Abovyan",9.4,3.1,"Cold ❄️","2026-03-19 13:43:03.733776"
5067,"Kapan",9.7,9.3,"Cold ❄️","2026-03-19 13:43:04.055164"
5068,"Goris",6.8,9.2,"Cold ❄️","2026-03-19 13:43:04.408778"
5069,"Sevan",5.7,10.7,"Cold ❄️","2026-03-19 13:43:04.709575"
5070,"Ijevan",8.2,6.9,"Cold ❄️","2026-03-19 13:43:05.070331"
5071,"Armavir",14.8,2.5,"Mild 🌤","2026-03-19 13:43:05.396137"
5072,"Artashat",15.7,16.3,"Mild 🌤","2026-03-19 13:43:05.793876"
5073,"Sisian",7.6,13.2,"Cold ❄️","2026-03-19 13:43:06.094947"
5100,"Yerevan",14.2,1.3,"Mild 🌤","2026-03-19 13:43:25.683089"
5101,"Gyumri",7.2,5.7,"Cold ❄️","2026-03-19 13:43:27.412879"
5102,"Vanadzor",7.1,12.6,"Cold ❄️","2026-03-19 13:43:28.335178"
5103,"Dilijan",7.7,10.1,"Cold ❄️","2026-03-19 13:43:29.56335"
5104,"Hrazdan",7.8,7.1,"Cold ❄️","2026-03-19 13:43:30.998598"
5105,"Abovyan",9.4,3.1,"Cold ❄️","2026-03-19 13:43:33.459518"
5106,"Kapan",9.7,9.3,"Cold ❄️","2026-03-19 13:43:34.381491"
5107,"Goris",6.8,9.2,"Cold ❄️","2026-03-19 13:43:35.357497"
5108,"Sevan",5.7,10.7,"Cold ❄️","2026-03-19 13:43:36.219208"
5109,"Ijevan",8.2,6.9,"Cold ❄️","2026-03-19 13:43:37.345885"
5110,"Armavir",14.8,2.5,"Mild 🌤","2026-03-19 13:43:38.168367"
5111,"Artashat",15.7,16.3,"Mild 🌤","2026-03-19 13:43:38.984655"
5112,"Sisian",7.6,13.2,"Cold ❄️","2026-03-19 13:43:40.215076"
5139,"Yerevan",14.2,1.3,"Mild 🌤","2026-03-19 13:43:56.709466"
5140,"Gyumri",7.2,5.7,"Cold ❄️","2026-03-19 13:43:56.997465"
5141,"Vanadzor",7.1,12.6,"Cold ❄️","2026-03-19 13:43:57.259975"
5142,"Dilijan",7.7,10.1,"Cold ❄️","2026-03-19 13:43:57.513647"
5143,"Hrazdan",7.8,7.1,"Cold ❄️","2026-03-19 13:43:57.848607"
5144,"Abovyan",9.4,3.1,"Cold ❄️","2026-03-19 13:43:58.108065"
5145,"Kapan",9.7,9.3,"Cold ❄️","2026-03-19 13:43:58.452109"
5146,"Goris",6.8,9.2,"Cold ❄️","2026-03-19 13:43:58.767198"
5147,"Sevan",5.7,10.7,"Cold ❄️","2026-03-19 13:43:59.127536"
5148,"Ijevan",8.2,6.9,"Cold ❄️","2026-03-19 13:43:59.464517"
5149,"Armavir",14.8,2.5,"Mild 🌤","2026-03-19 13:43:59.77868"
5150,"Artashat",15.7,16.3,"Mild 🌤","2026-03-19 13:44:00.06397"
5151,"Sisian",7.6,13.2,"Cold ❄️","2026-03-19 13:44:00.458317"
5165,"Yerevan",14.2,1.3,"Mild 🌤","2026-03-19 13:43:56.814633"
5166,"Gyumri",7.2,5.7,"Cold ❄️","2026-03-19 13:43:57.135999"
5167,"Vanadzor",7.1,12.6,"Cold ❄️","2026-03-19 13:43:57.429443"
5168,"Dilijan",7.7,10.1,"Cold ❄️","2026-03-19 13:43:57.752488"
5169,"Hrazdan",7.8,7.1,"Cold ❄️","2026-03-19 13:43:58.050924"
5170,"Abovyan",9.4,3.1,"Cold ❄️","2026-03-19 13:43:58.374348"
5171,"Kapan",9.7,9.3,"Cold ❄️","2026-03-19 13:43:58.736879"
5172,"Goris",6.8,9.2,"Cold ❄️","2026-03-19 13:43:59.066574"
5173,"Sevan",5.7,10.7,"Cold ❄️","2026-03-19 13:43:59.402318"
5174,"Ijevan",8.2,6.9,"Cold ❄️","2026-03-19 13:43:59.721005"
5175,"Armavir",14.8,2.5,"Mild 🌤","2026-03-19 13:44:00.057682"
5176,"Artashat",15.7,16.3,"Mild 🌤","2026-03-19 13:44:00.442277"
5177,"Sisian",7.6,13.2,"Cold ❄️","2026-03-19 13:44:00.737597"
5178,"Yerevan",14.2,1.3,"Mild 🌤","2026-03-19 13:43:56.810904"
5179,"Gyumri",7.2,5.7,"Cold ❄️","2026-03-19 13:43:57.140238"
5180,"Vanadzor",7.1,12.6,"Cold ❄️","2026-03-19 13:43:57.432924"
5239,"Ijevan",8.2,6.9,"Cold ❄️","2026-03-19 13:44:04.01051"
5240,"Armavir",14.8,2.5,"Mild 🌤","2026-03-19 13:44:04.285112"
5241,"Artashat",15.7,16.3,"Mild 🌤","2026-03-19 13:44:04.569349"
5242,"Sisian",7.6,13.2,"Cold ❄️","2026-03-19 13:44:04.866613"
5269,"Yerevan",14.2,1.3,"Mild 🌤","2026-03-19 13:44:01.479479"
5270,"Gyumri",7.2,5.7,"Cold ❄️","2026-03-19 13:44:01.86663"
5271,"Vanadzor",7.1,12.6,"Cold ❄️","2026-03-19 13:44:02.139778"
5272,"Dilijan",7.7,10.1,"Cold ❄️","2026-03-19 13:44:02.453344"
5273,"Hrazdan",7.8,7.1,"Cold ❄️","2026-03-19 13:44:02.730173"
5274,"Abovyan",9.4,3.1,"Cold ❄️","2026-03-19 13:44:03.030664"
5275,"Kapan",9.7,9.3,"Cold ❄️","2026-03-19 13:44:03.604369"
5276,"Goris",6.8,9.2,"Cold ❄️","2026-03-19 13:44:03.8925"
5277,"Sevan",5.7,10.7,"Cold ❄️","2026-03-19 13:44:04.194891"
5278,"Ijevan",8.2,6.9,"Cold ❄️","2026-03-19 13:44:04.451127"
5279,"Armavir",14.8,2.5,"Mild 🌤","2026-03-19 13:44:04.750802"
5280,"Artashat",15.7,16.3,"Mild 🌤","2026-03-19 13:44:05.03323"
5281,"Sisian",7.6,13.2,"Cold ❄️","2026-03-19 13:44:05.366144"
5308,"Yerevan",14.2,1.3,"Mild 🌤","2026-03-19 13:44:12.268043"
5309,"Gyumri",7.2,5.7,"Cold ❄️","2026-03-19 13:44:13.800773"
5310,"Vanadzor",7.1,12.6,"Cold ❄️","2026-03-19 13:44:15.234688"
5311,"Dilijan",7.7,10.1,"Cold ❄️","2026-03-19 13:44:16.670264"
5312,"Hrazdan",7.8,7.1,"Cold ❄️","2026-03-19 13:44:18.206174"
5313,"Abovyan",9.4,3.1,"Cold ❄️","2026-03-19 13:44:19.847034"
5314,"Kapan",9.7,9.3,"Cold ❄️","2026-03-19 13:44:21.073491"
5315,"Goris",6.8,9.2,"Cold ❄️","2026-03-19 13:44:22.19976"
5316,"Sevan",5.7,10.7,"Cold ❄️","2026-03-19 13:44:22.847345"
5317,"Ijevan",8.2,6.9,"Cold ❄️","2026-03-19 13:44:24.050046"
5318,"Armavir",14.8,2.5,"Mild 🌤","2026-03-19 13:44:26.605769"
5319,"Artashat",15.7,16.3,"Mild 🌤","2026-03-19 13:44:27.887484"
5320,"Sisian",7.6,13.2,"Cold ❄️","2026-03-19 13:44:29.36789"
7070,"Yerevan",13.6,3.4,"Mild 🌤","2026-03-19 14:36:56.970683"
7071,"Gyumri",6.4,3.4,"Cold ❄️","2026-03-19 14:36:57.224794"
7072,"Vanadzor",5.8,10.9,"Cold ❄️","2026-03-19 14:36:57.476596"
7073,"Dilijan",6.5,8.2,"Cold ❄️","2026-03-19 14:36:57.729222"
7074,"Hrazdan",6.4,12.1,"Cold ❄️","2026-03-19 14:36:57.977273"
7075,"Abovyan",8.6,2.2,"Cold ❄️","2026-03-19 14:36:58.226271"
7076,"Kapan",8.9,8.6,"Cold ❄️","2026-03-19 14:36:58.480396"
7077,"Goris",6.1,7.6,"Cold ❄️","2026-03-19 14:36:58.735402"
7078,"Sevan",4.0,11.4,"Cold ❄️","2026-03-19 14:36:58.998237"
7079,"Ijevan",7.8,5.6,"Cold ❄️","2026-03-19 14:36:59.248197"
7080,"Armavir",14.4,3.5,"Mild 🌤","2026-03-19 14:36:59.502162"
7081,"Artashat",15.0,11.6,"Mild 🌤","2026-03-19 14:36:59.757908"
7082,"Sisian",6.4,10.4,"Cold ❄️","2026-03-19 14:37:00.010058"
7108,"Yerevan",13.6,3.4,"Mild 🌤","2026-03-19 14:37:28.970381"
7109,"Gyumri",6.4,3.4,"Cold ❄️","2026-03-19 14:37:30.956768"
7110,"Vanadzor",5.8,10.9,"Cold ❄️","2026-03-19 14:37:31.661961"
7111,"Dilijan",6.5,8.2,"Cold ❄️","2026-03-19 14:37:32.750445"
7112,"Hrazdan",6.4,12.1,"Cold ❄️","2026-03-19 14:37:32.999496"
7113,"Abovyan",8.6,2.2,"Cold ❄️","2026-03-19 14:37:33.835932"
7114,"Kapan",8.9,8.6,"Cold ❄️","2026-03-19 14:37:34.872407"
7115,"Goris",6.1,7.6,"Cold ❄️","2026-03-19 14:37:36.372011"
7116,"Sevan",4.0,11.4,"Cold ❄️","2026-03-19 14:37:38.525108"
7117,"Ijevan",7.8,5.6,"Cold ❄️","2026-03-19 14:37:39.165066"
7118,"Armavir",14.4,3.5,"Mild 🌤","2026-03-19 14:37:40.3476"
7119,"Artashat",15.0,11.6,"Mild 🌤","2026-03-19 14:37:42.416688"
7120,"Sisian",6.4,10.4,"Cold ❄️","2026-03-19 14:37:42.729428"
7147,"Yerevan",13.6,3.4,"Mild 🌤","2026-03-19 14:37:58.787226"
7148,"Gyumri",6.4,3.4,"Cold ❄️","2026-03-19 14:37:59.043957"
7149,"Vanadzor",5.8,10.9,"Cold ❄️","2026-03-19 14:37:59.299475"
7150,"Dilijan",6.5,8.2,"Cold ❄️","2026-03-19 14:37:59.54899"
7151,"Hrazdan",6.4,12.1,"Cold ❄️","2026-03-19 14:37:59.805056"
7152,"Abovyan",8.6,2.2,"Cold ❄️","2026-03-19 14:38:00.0821"
7153,"Kapan",8.9,8.6,"Cold ❄️","2026-03-19 14:38:00.359859"
7154,"Goris",6.1,7.6,"Cold ❄️","2026-03-19 14:38:00.611667"
7155,"Sevan",4.0,11.4,"Cold ❄️","2026-03-19 14:38:00.872452"
7156,"Ijevan",7.8,5.6,"Cold ❄️","2026-03-19 14:38:01.155514"
7157,"Armavir",14.4,3.5,"Mild 🌤","2026-03-19 14:38:01.463846"
7158,"Artashat",15.0,11.6,"Mild 🌤","2026-03-19 14:38:01.71234"
7159,"Sisian",6.4,10.4,"Cold ❄️","2026-03-19 14:38:01.968454"
7186,"Yerevan",13.6,3.4,"Mild 🌤","2026-03-19 14:38:26.817841"
7187,"Gyumri",6.4,3.4,"Cold ❄️","2026-03-19 14:38:28.003331"
7188,"Vanadzor",5.8,10.9,"Cold ❄️","2026-03-19 14:38:28.931319"
7189,"Dilijan",6.5,8.2,"Cold ❄️","2026-03-19 14:38:29.939314"
7190,"Hrazdan",6.4,12.1,"Cold ❄️","2026-03-19 14:38:30.273056"
7191,"Abovyan",8.6,2.2,"Cold ❄️","2026-03-19 14:38:30.57855"
7192,"Kapan",8.9,8.6,"Cold ❄️","2026-03-19 14:38:30.830058"
7193,"Goris",6.1,7.6,"Cold ❄️","2026-03-19 14:38:31.104882"
7194,"Sevan",4.0,11.4,"Cold ❄️","2026-03-19 14:38:31.390577"
7195,"Ijevan",7.8,5.6,"Cold ❄️","2026-03-19 14:38:31.639304"
7196,"Armavir",14.4,3.5,"Mild 🌤","2026-03-19 14:38:31.887985"
7197,"Artashat",15.0,11.6,"Mild 🌤","2026-03-19 14:38:32.145442"
7198,"Sisian",6.4,10.4,"Cold ❄️","2026-03-19 14:38:32.399789"
7225,"Yerevan",13.6,3.4,"Mild 🌤","2026-03-19 14:39:06.417412"
7226,"Gyumri",6.4,3.4,"Cold ❄️","2026-03-19 14:39:07.71464"
7227,"Vanadzor",5.8,10.9,"Cold ❄️","2026-03-19 14:39:09.663428"
7228,"Dilijan",6.5,8.2,"Cold ❄️","2026-03-19 14:39:10.83632"
7229,"Hrazdan",6.4,12.1,"Cold ❄️","2026-03-19 14:39:11.203313"
7230,"Abovyan",8.6,2.2,"Cold ❄️","2026-03-19 14:39:12.225622"
7231,"Kapan",8.9,8.6,"Cold ❄️","2026-03-19 14:39:13.966917"
7232,"Goris",6.1,7.6,"Cold ❄️","2026-03-19 14:39:14.261137"
7233,"Sevan",4.0,11.4,"Cold ❄️","2026-03-19 14:39:14.512396"
7234,"Ijevan",7.8,5.6,"Cold ❄️","2026-03-19 14:39:14.763319"
7235,"Armavir",14.4,3.5,"Mild 🌤","2026-03-19 14:39:15.091215"
7236,"Artashat",15.0,11.6,"Mild 🌤","2026-03-19 14:39:16.483161"
7237,"Sisian",6.4,10.4,"Cold ❄️","2026-03-19 14:39:17.130377"
7264,"Yerevan",13.6,3.4,"Mild 🌤","2026-03-19 14:39:28.377464"
7265,"Gyumri",6.4,3.4,"Cold ❄️","2026-03-19 14:39:30.371479"
5243,"Yerevan",14.2,1.3,"Mild 🌤","2026-03-19 13:44:01.139783"
5244,"Gyumri",7.2,5.7,"Cold ❄️","2026-03-19 13:44:01.484056"
5245,"Vanadzor",7.1,12.6,"Cold ❄️","2026-03-19 13:44:01.869878"
5246,"Dilijan",7.7,10.1,"Cold ❄️","2026-03-19 13:44:02.200883"
5247,"Hrazdan",7.8,7.1,"Cold ❄️","2026-03-19 13:44:02.580651"
5248,"Abovyan",9.4,3.1,"Cold ❄️","2026-03-19 13:44:02.865141"
5249,"Kapan",9.7,9.3,"Cold ❄️","2026-03-19 13:44:03.230301"
5250,"Goris",6.8,9.2,"Cold ❄️","2026-03-19 13:44:03.500336"
5251,"Sevan",5.7,10.7,"Cold ❄️","2026-03-19 13:44:03.771981"
5252,"Ijevan",8.2,6.9,"Cold ❄️","2026-03-19 13:44:04.072231"
5253,"Armavir",14.8,2.5,"Mild 🌤","2026-03-19 13:44:04.332021"
5254,"Artashat",15.7,16.3,"Mild 🌤","2026-03-19 13:44:04.622049"
5255,"Sisian",7.6,13.2,"Cold ❄️","2026-03-19 13:44:04.92148"
5282,"Yerevan",14.2,1.3,"Mild 🌤","2026-03-19 13:44:00.821257"
5283,"Gyumri",7.2,5.7,"Cold ❄️","2026-03-19 13:44:01.136636"
5284,"Vanadzor",7.1,12.6,"Cold ❄️","2026-03-19 13:44:01.481045"
5285,"Dilijan",7.7,10.1,"Cold ❄️","2026-03-19 13:44:02.814701"
5286,"Hrazdan",7.8,7.1,"Cold ❄️","2026-03-19 13:44:03.10776"
5287,"Abovyan",9.4,3.1,"Cold ❄️","2026-03-19 13:44:03.56105"
5288,"Kapan",9.7,9.3,"Cold ❄️","2026-03-19 13:44:03.832455"
5289,"Goris",6.8,9.2,"Cold ❄️","2026-03-19 13:44:04.118205"
5290,"Sevan",5.7,10.7,"Cold ❄️","2026-03-19 13:44:04.39121"
5291,"Ijevan",8.2,6.9,"Cold ❄️","2026-03-19 13:44:04.712485"
5292,"Armavir",14.8,2.5,"Mild 🌤","2026-03-19 13:44:04.967938"
5293,"Artashat",15.7,16.3,"Mild 🌤","2026-03-19 13:44:05.260076"
5294,"Sisian",7.6,13.2,"Cold ❄️","2026-03-19 13:44:05.552308"
7083,"Yerevan",13.6,3.4,"Mild 🌤","2026-03-19 14:37:06.955352"
7084,"Gyumri",6.4,3.4,"Cold ❄️","2026-03-19 14:37:07.758546"
7085,"Dilijan",6.5,8.2,"Cold ❄️","2026-03-19 14:37:14.955309"
7086,"Hrazdan",6.4,12.1,"Cold ❄️","2026-03-19 14:37:15.875395"
7087,"Abovyan",8.6,2.2,"Cold ❄️","2026-03-19 14:37:16.794848"
7088,"Kapan",8.9,8.6,"Cold ❄️","2026-03-19 14:37:17.132952"
7089,"Goris",6.1,7.6,"Cold ❄️","2026-03-19 14:37:17.382622"
7090,"Sevan",4.0,11.4,"Cold ❄️","2026-03-19 14:37:17.6369"
7091,"Ijevan",7.8,5.6,"Cold ❄️","2026-03-19 14:37:17.899173"
7092,"Armavir",14.4,3.5,"Mild 🌤","2026-03-19 14:37:18.144307"
7093,"Artashat",15.0,11.6,"Mild 🌤","2026-03-19 14:37:18.396141"
7094,"Sisian",6.4,10.4,"Cold ❄️","2026-03-19 14:37:18.65395"
7121,"Yerevan",13.6,3.4,"Mild 🌤","2026-03-19 14:37:43.02691"
7122,"Gyumri",6.4,3.4,"Cold ❄️","2026-03-19 14:37:44.262714"
7123,"Vanadzor",5.8,10.9,"Cold ❄️","2026-03-19 14:37:44.607388"
7124,"Dilijan",6.5,8.2,"Cold ❄️","2026-03-19 14:37:44.869762"
7125,"Hrazdan",6.4,12.1,"Cold ❄️","2026-03-19 14:37:45.793348"
7126,"Abovyan",8.6,2.2,"Cold ❄️","2026-03-19 14:37:46.843512"
7127,"Kapan",8.9,8.6,"Cold ❄️","2026-03-19 14:37:48.645971"
7128,"Goris",6.1,7.6,"Cold ❄️","2026-03-19 14:37:49.479955"
7129,"Sevan",4.0,11.4,"Cold ❄️","2026-03-19 14:37:50.949446"
7130,"Ijevan",7.8,5.6,"Cold ❄️","2026-03-19 14:37:52.244555"
7131,"Armavir",14.4,3.5,"Mild 🌤","2026-03-19 14:37:53.383096"
7132,"Artashat",15.0,11.6,"Mild 🌤","2026-03-19 14:37:54.938323"
7133,"Sisian",6.4,10.4,"Cold ❄️","2026-03-19 14:37:55.192623"
7160,"Yerevan",13.6,3.4,"Mild 🌤","2026-03-19 14:38:07.091047"
7161,"Gyumri",6.4,3.4,"Cold ❄️","2026-03-19 14:38:08.394231"
7162,"Vanadzor",5.8,10.9,"Cold ❄️","2026-03-19 14:38:08.646424"
7163,"Dilijan",6.5,8.2,"Cold ❄️","2026-03-19 14:38:08.90298"
7164,"Hrazdan",6.4,12.1,"Cold ❄️","2026-03-19 14:38:09.283445"
7165,"Abovyan",8.6,2.2,"Cold ❄️","2026-03-19 14:38:10.428017"
7166,"Kapan",8.9,8.6,"Cold ❄️","2026-03-19 14:38:11.598528"
7167,"Goris",6.1,7.6,"Cold ❄️","2026-03-19 14:38:13.341809"
7168,"Sevan",4.0,11.4,"Cold ❄️","2026-03-19 14:38:14.884069"
7169,"Ijevan",7.8,5.6,"Cold ❄️","2026-03-19 14:38:16.109634"
7170,"Armavir",14.4,3.5,"Mild 🌤","2026-03-19 14:38:17.23032"
7171,"Artashat",15.0,11.6,"Mild 🌤","2026-03-19 14:38:18.435215"
7172,"Sisian",6.4,10.4,"Cold ❄️","2026-03-19 14:38:19.069442"
7199,"Yerevan",13.6,3.4,"Mild 🌤","2026-03-19 14:38:36.920674"
7200,"Gyumri",6.4,3.4,"Cold ❄️","2026-03-19 14:38:37.900835"
7201,"Vanadzor",5.8,10.9,"Cold ❄️","2026-03-19 14:38:39.042086"
7202,"Dilijan",6.5,8.2,"Cold ❄️","2026-03-19 14:38:40.475848"
7203,"Hrazdan",6.4,12.1,"Cold ❄️","2026-03-19 14:38:42.319059"
7204,"Abovyan",8.6,2.2,"Cold ❄️","2026-03-19 14:38:43.445414"
7205,"Kapan",8.9,8.6,"Cold ❄️","2026-03-19 14:38:45.083914"
7206,"Goris",6.1,7.6,"Cold ❄️","2026-03-19 14:38:46.860537"
7207,"Sevan",4.0,11.4,"Cold ❄️","2026-03-19 14:38:47.234231"
7208,"Ijevan",7.8,5.6,"Cold ❄️","2026-03-19 14:38:48.367564"
7209,"Armavir",14.4,3.5,"Mild 🌤","2026-03-19 14:38:48.688045"
7210,"Artashat",15.0,11.6,"Mild 🌤","2026-03-19 14:38:48.945465"
7211,"Sisian",6.4,10.4,"Cold ❄️","2026-03-19 14:38:49.999316"
7238,"Yerevan",13.6,3.4,"Mild 🌤","2026-03-19 14:39:17.398548"
7239,"Gyumri",6.4,3.4,"Cold ❄️","2026-03-19 14:39:17.657382"
7240,"Vanadzor",5.8,10.9,"Cold ❄️","2026-03-19 14:39:17.92156"
7241,"Dilijan",6.5,8.2,"Cold ❄️","2026-03-19 14:39:18.179304"
7242,"Hrazdan",6.4,12.1,"Cold ❄️","2026-03-19 14:39:18.433535"
7243,"Abovyan",8.6,2.2,"Cold ❄️","2026-03-19 14:39:18.682374"
7244,"Kapan",8.9,8.6,"Cold ❄️","2026-03-19 14:39:18.939561"
7245,"Goris",6.1,7.6,"Cold ❄️","2026-03-19 14:39:19.200762"
7246,"Sevan",4.0,11.4,"Cold ❄️","2026-03-19 14:39:19.453604"
7247,"Ijevan",7.8,5.6,"Cold ❄️","2026-03-19 14:39:19.711444"
7248,"Armavir",14.4,3.5,"Mild 🌤","2026-03-19 14:39:19.982645"
7249,"Artashat",15.0,11.6,"Mild 🌤","2026-03-19 14:39:20.243409"
7250,"Sisian",6.4,10.4,"Cold ❄️","2026-03-19 14:39:20.494694"
7276,"Yerevan",13.6,3.4,"Mild 🌤","2026-03-19 14:39:42.535063"
7277,"Gyumri",6.4,3.4,"Cold ❄️","2026-03-19 14:39:42.836529"
7278,"Vanadzor",5.8,10.9,"Cold ❄️","2026-03-19 14:39:43.145694"
7279,"Dilijan",6.5,8.2,"Cold ❄️","2026-03-19 14:39:44.238433"
7280,"Hrazdan",6.4,12.1,"Cold ❄️","2026-03-19 14:39:44.499979"
7281,"Abovyan",8.6,2.2,"Cold ❄️","2026-03-19 14:39:44.749004"
7282,"Kapan",8.9,8.6,"Cold ❄️","2026-03-19 14:39:45.07849"
5256,"Yerevan",14.2,1.3,"Mild 🌤","2026-03-19 13:44:01.139154"
5257,"Gyumri",7.2,5.7,"Cold ❄️","2026-03-19 13:44:01.48568"
5258,"Vanadzor",7.1,12.6,"Cold ❄️","2026-03-19 13:44:01.874191"
5259,"Dilijan",7.7,10.1,"Cold ❄️","2026-03-19 13:44:02.197464"
5260,"Hrazdan",7.8,7.1,"Cold ❄️","2026-03-19 13:44:02.493375"
5261,"Abovyan",9.4,3.1,"Cold ❄️","2026-03-19 13:44:02.776811"
5262,"Kapan",9.7,9.3,"Cold ❄️","2026-03-19 13:44:03.070661"
5263,"Goris",6.8,9.2,"Cold ❄️","2026-03-19 13:44:03.483852"
5264,"Sevan",5.7,10.7,"Cold ❄️","2026-03-19 13:44:03.793696"
5265,"Ijevan",8.2,6.9,"Cold ❄️","2026-03-19 13:44:04.081853"
5266,"Armavir",14.8,2.5,"Mild 🌤","2026-03-19 13:44:04.388025"
5267,"Artashat",15.7,16.3,"Mild 🌤","2026-03-19 13:44:04.665455"
5268,"Sisian",7.6,13.2,"Cold ❄️","2026-03-19 13:44:04.935089"
5295,"Yerevan",14.2,1.3,"Mild 🌤","2026-03-19 13:44:04.948237"
5296,"Gyumri",7.2,5.7,"Cold ❄️","2026-03-19 13:44:05.225193"
5297,"Vanadzor",7.1,12.6,"Cold ❄️","2026-03-19 13:44:05.523372"
5298,"Dilijan",7.7,10.1,"Cold ❄️","2026-03-19 13:44:05.857631"
5299,"Hrazdan",7.8,7.1,"Cold ❄️","2026-03-19 13:44:06.179318"
5300,"Abovyan",9.4,3.1,"Cold ❄️","2026-03-19 13:44:06.488626"
5301,"Kapan",9.7,9.3,"Cold ❄️","2026-03-19 13:44:06.871465"
5302,"Goris",6.8,9.2,"Cold ❄️","2026-03-19 13:44:07.259771"
5303,"Sevan",5.7,10.7,"Cold ❄️","2026-03-19 13:44:07.588257"
5304,"Ijevan",8.2,6.9,"Cold ❄️","2026-03-19 13:44:07.907495"
5305,"Armavir",14.8,2.5,"Mild 🌤","2026-03-19 13:44:08.191607"
5306,"Artashat",15.7,16.3,"Mild 🌤","2026-03-19 13:44:08.57184"
5307,"Sisian",7.6,13.2,"Cold ❄️","2026-03-19 13:44:08.926391"
5321,"Yerevan",14.2,1.3,"Mild 🌤","2026-03-19 13:44:30.799952"
5322,"Gyumri",7.2,5.7,"Cold ❄️","2026-03-19 13:44:32.442873"
5323,"Vanadzor",7.1,12.6,"Cold ❄️","2026-03-19 13:44:34.283012"
5324,"Dilijan",7.7,10.1,"Cold ❄️","2026-03-19 13:44:36.021906"
5325,"Hrazdan",7.8,7.1,"Cold ❄️","2026-03-19 13:44:37.561222"
5326,"Abovyan",9.4,3.1,"Cold ❄️","2026-03-19 13:44:38.789573"
5327,"Kapan",9.7,9.3,"Cold ❄️","2026-03-19 13:44:40.016451"
5328,"Goris",6.8,9.2,"Cold ❄️","2026-03-19 13:44:41.449614"
5329,"Sevan",5.7,10.7,"Cold ❄️","2026-03-19 13:44:42.57559"
5330,"Ijevan",8.2,6.9,"Cold ❄️","2026-03-19 13:44:43.88619"
5331,"Armavir",14.8,2.5,"Mild 🌤","2026-03-19 13:44:45.340616"
5332,"Artashat",15.7,16.3,"Mild 🌤","2026-03-19 13:44:46.212824"
5333,"Sisian",7.6,13.2,"Cold ❄️","2026-03-19 13:44:46.90935"
5334,"Yerevan",14.2,1.3,"Mild 🌤","2026-03-19 13:44:47.852902"
5335,"Gyumri",7.2,5.7,"Cold ❄️","2026-03-19 13:44:49.134426"
5336,"Vanadzor",7.1,12.6,"Cold ❄️","2026-03-19 13:44:50.563406"
5337,"Dilijan",7.7,10.1,"Cold ❄️","2026-03-19 13:44:51.691438"
5338,"Hrazdan",7.8,7.1,"Cold ❄️","2026-03-19 13:44:52.612293"
5339,"Abovyan",9.4,3.1,"Cold ❄️","2026-03-19 13:44:53.945534"
5340,"Kapan",9.7,9.3,"Cold ❄️","2026-03-19 13:44:55.481381"
5341,"Goris",6.8,9.2,"Cold ❄️","2026-03-19 13:44:56.308485"
5342,"Sevan",5.7,10.7,"Cold ❄️","2026-03-19 13:44:57.838553"
5343,"Ijevan",8.2,6.9,"Cold ❄️","2026-03-19 13:44:58.858899"
5344,"Armavir",14.8,2.5,"Mild 🌤","2026-03-19 13:44:59.984166"
5345,"Artashat",15.6,15.3,"Mild 🌤","2026-03-19 13:45:01.827828"
5346,"Sisian",7.3,12.9,"Cold ❄️","2026-03-19 13:45:02.958722"
5347,"Yerevan",14.1,2.4,"Mild 🌤","2026-03-19 13:45:03.723452"
5348,"Gyumri",7.0,5.2,"Cold ❄️","2026-03-19 13:45:04.797011"
5349,"Vanadzor",6.7,12.2,"Cold ❄️","2026-03-19 13:45:05.923272"
5350,"Dilijan",7.3,9.6,"Cold ❄️","2026-03-19 13:45:07.357286"
5351,"Hrazdan",7.5,10.0,"Cold ❄️","2026-03-19 13:45:08.283614"
5352,"Abovyan",9.2,3.1,"Cold ❄️","2026-03-19 13:45:09.717438"
5353,"Kapan",9.5,9.0,"Cold ❄️","2026-03-19 13:45:10.645766"
5354,"Goris",6.6,8.7,"Cold ❄️","2026-03-19 13:45:11.456728"
5355,"Sevan",5.2,10.9,"Cold ❄️","2026-03-19 13:45:12.584731"
5356,"Ijevan",8.1,6.3,"Cold ❄️","2026-03-19 13:45:13.838374"
5357,"Armavir",14.8,2.6,"Mild 🌤","2026-03-19 13:45:15.34461"
5358,"Artashat",15.6,15.3,"Mild 🌤","2026-03-19 13:45:15.95297"
5359,"Sisian",7.3,12.9,"Cold ❄️","2026-03-19 13:45:16.677509"
5360,"Yerevan",14.1,2.4,"Mild 🌤","2026-03-19 13:45:17.989367"
5361,"Gyumri",7.0,5.2,"Cold ❄️","2026-03-19 13:45:18.297966"
5362,"Vanadzor",6.7,12.2,"Cold ❄️","2026-03-19 13:45:18.64412"
5363,"Dilijan",7.3,9.6,"Cold ❄️","2026-03-19 13:45:19.017478"
5364,"Hrazdan",7.5,10.0,"Cold ❄️","2026-03-19 13:45:19.394947"
5365,"Abovyan",9.2,3.1,"Cold ❄️","2026-03-19 13:45:19.691174"
5366,"Kapan",9.5,9.0,"Cold ❄️","2026-03-19 13:45:20.042596"
5367,"Goris",6.6,8.7,"Cold ❄️","2026-03-19 13:45:20.411038"
5368,"Sevan",5.2,10.9,"Cold ❄️","2026-03-19 13:45:20.688179"
5369,"Ijevan",8.1,6.3,"Cold ❄️","2026-03-19 13:45:21.031557"
5370,"Armavir",14.8,2.6,"Mild 🌤","2026-03-19 13:45:21.287313"
5371,"Artashat",15.6,15.3,"Mild 🌤","2026-03-19 13:45:21.613621"
5372,"Sisian",7.3,12.9,"Cold ❄️","2026-03-19 13:45:21.955255"
5373,"Yerevan",14.1,2.4,"Mild 🌤","2026-03-19 13:45:22.260226"
5374,"Gyumri",7.0,5.2,"Cold ❄️","2026-03-19 13:45:22.597271"
5375,"Vanadzor",6.7,12.2,"Cold ❄️","2026-03-19 13:45:22.905757"
5376,"Dilijan",7.3,9.6,"Cold ❄️","2026-03-19 13:45:23.363091"
5377,"Hrazdan",7.5,10.0,"Cold ❄️","2026-03-19 13:45:23.764012"
5378,"Abovyan",9.2,3.1,"Cold ❄️","2026-03-19 13:45:24.429336"
5379,"Kapan",9.5,9.0,"Cold ❄️","2026-03-19 13:45:25.102997"
5380,"Goris",6.6,8.7,"Cold ❄️","2026-03-19 13:45:27.736656"
5381,"Sevan",5.2,10.9,"Cold ❄️","2026-03-19 13:45:28.9728"
5382,"Ijevan",8.1,6.3,"Cold ❄️","2026-03-19 13:45:30.194651"
5383,"Armavir",14.8,2.6,"Mild 🌤","2026-03-19 13:45:32.652452"
5384,"Artashat",15.6,15.3,"Mild 🌤","2026-03-19 13:45:34.087981"
5385,"Sisian",7.3,12.9,"Cold ❄️","2026-03-19 13:45:35.318207"
5386,"Yerevan",14.1,2.4,"Mild 🌤","2026-03-19 13:45:37.77366"
5387,"Gyumri",7.0,5.2,"Cold ❄️","2026-03-19 13:45:39.000751"
5388,"Vanadzor",6.7,12.2,"Cold ❄️","2026-03-19 13:45:40.232924"
5389,"Dilijan",7.3,9.6,"Cold ❄️","2026-03-19 13:45:41.866442"
5390,"Hrazdan",7.5,10.0,"Cold ❄️","2026-03-19 13:45:43.097469"
5391,"Abovyan",9.2,3.1,"Cold ❄️","2026-03-19 13:45:44.223615"
5392,"Kapan",9.5,9.0,"Cold ❄️","2026-03-19 13:45:45.83871"
5393,"Goris",6.6,8.7,"Cold ❄️","2026-03-19 13:45:47.089302"
5394,"Sevan",5.2,10.9,"Cold ❄️","2026-03-19 13:45:48.221265"
5395,"Ijevan",8.1,6.3,"Cold ❄️","2026-03-19 13:45:50.05912"
5396,"Armavir",14.8,2.6,"Mild 🌤","2026-03-19 13:45:51.087461"
5397,"Artashat",15.6,15.3,"Mild 🌤","2026-03-19 13:45:53.745508"
5398,"Sisian",7.3,12.9,"Cold ❄️","2026-03-19 13:45:54.84045"
5424,"Yerevan",14.1,2.4,"Mild 🌤","2026-03-19 13:46:40.235943"
5425,"Gyumri",7.0,5.2,"Cold ❄️","2026-03-19 13:46:41.568781"
5426,"Vanadzor",6.7,12.2,"Cold ❄️","2026-03-19 13:46:42.59265"
5427,"Dilijan",7.3,9.6,"Cold ❄️","2026-03-19 13:46:43.886897"
5428,"Hrazdan",7.5,10.0,"Cold ❄️","2026-03-19 13:46:45.360182"
5429,"Abovyan",9.2,3.1,"Cold ❄️","2026-03-19 13:46:46.093516"
5430,"Kapan",9.5,9.0,"Cold ❄️","2026-03-19 13:46:47.416644"
5431,"Goris",6.6,8.7,"Cold ❄️","2026-03-19 13:46:48.634776"
5432,"Sevan",5.2,10.9,"Cold ❄️","2026-03-19 13:46:49.963971"
5433,"Ijevan",8.1,6.3,"Cold ❄️","2026-03-19 13:46:51.501828"
5434,"Armavir",14.8,2.6,"Mild 🌤","2026-03-19 13:46:52.421538"
5435,"Artashat",15.6,15.3,"Mild 🌤","2026-03-19 13:46:52.784173"
5436,"Sisian",7.3,12.9,"Cold ❄️","2026-03-19 13:46:53.613377"
5463,"Yerevan",14.1,2.4,"Mild 🌤","2026-03-19 13:47:02.460647"
5464,"Gyumri",7.0,5.2,"Cold ❄️","2026-03-19 13:47:04.677414"
5465,"Vanadzor",6.7,12.2,"Cold ❄️","2026-03-19 13:47:05.852905"
5466,"Dilijan",7.3,9.6,"Cold ❄️","2026-03-19 13:47:06.16592"
5467,"Hrazdan",7.5,10.0,"Cold ❄️","2026-03-19 13:47:06.47299"
5468,"Abovyan",9.2,3.1,"Cold ❄️","2026-03-19 13:47:07.096276"
5469,"Kapan",9.5,9.0,"Cold ❄️","2026-03-19 13:47:07.427571"
5470,"Goris",6.6,8.7,"Cold ❄️","2026-03-19 13:47:07.691044"
5471,"Sevan",5.2,10.9,"Cold ❄️","2026-03-19 13:47:07.969838"
5472,"Ijevan",8.1,6.3,"Cold ❄️","2026-03-19 13:47:08.291839"
5473,"Armavir",14.8,2.6,"Mild 🌤","2026-03-19 13:47:08.580305"
5474,"Artashat",15.6,15.3,"Mild 🌤","2026-03-19 13:47:08.984991"
5475,"Sisian",7.3,12.9,"Cold ❄️","2026-03-19 13:47:09.375784"
5502,"Yerevan",14.1,2.4,"Mild 🌤","2026-03-19 13:47:09.680771"
5503,"Gyumri",7.0,5.2,"Cold ❄️","2026-03-19 13:47:10.009161"
5504,"Vanadzor",6.7,12.2,"Cold ❄️","2026-03-19 13:47:10.382127"
5505,"Dilijan",7.3,9.6,"Cold ❄️","2026-03-19 13:47:10.674841"
5506,"Hrazdan",7.5,10.0,"Cold ❄️","2026-03-19 13:47:10.976356"
5507,"Abovyan",9.2,3.1,"Cold ❄️","2026-03-19 13:47:11.30245"
5508,"Kapan",9.5,9.0,"Cold ❄️","2026-03-19 13:47:11.61383"
5509,"Goris",6.6,8.7,"Cold ❄️","2026-03-19 13:47:11.925751"
5510,"Sevan",5.2,10.9,"Cold ❄️","2026-03-19 13:47:12.278204"
5511,"Ijevan",8.1,6.3,"Cold ❄️","2026-03-19 13:47:12.542169"
5512,"Armavir",14.8,2.6,"Mild 🌤","2026-03-19 13:47:13.451971"
5513,"Artashat",15.6,15.3,"Mild 🌤","2026-03-19 13:47:14.773118"
5514,"Sisian",7.3,12.9,"Cold ❄️","2026-03-19 13:47:15.059655"
5541,"Yerevan",14.1,2.4,"Mild 🌤","2026-03-19 13:47:11.964996"
5542,"Gyumri",7.0,5.2,"Cold ❄️","2026-03-19 13:47:12.44643"
5543,"Vanadzor",6.7,12.2,"Cold ❄️","2026-03-19 13:47:13.032127"
5544,"Dilijan",7.3,9.6,"Cold ❄️","2026-03-19 13:47:13.585622"
5545,"Hrazdan",7.5,10.0,"Cold ❄️","2026-03-19 13:47:14.162697"
5546,"Abovyan",9.2,3.1,"Cold ❄️","2026-03-19 13:47:14.555053"
5547,"Kapan",9.5,9.0,"Cold ❄️","2026-03-19 13:47:14.903114"
5548,"Goris",6.6,8.7,"Cold ❄️","2026-03-19 13:47:15.666471"
5549,"Sevan",5.2,10.9,"Cold ❄️","2026-03-19 13:47:16.00533"
5550,"Ijevan",8.1,6.3,"Cold ❄️","2026-03-19 13:47:16.440096"
5551,"Armavir",14.8,2.6,"Mild 🌤","2026-03-19 13:47:16.736052"
5552,"Artashat",15.6,15.3,"Mild 🌤","2026-03-19 13:47:17.156322"
5553,"Sisian",7.3,12.9,"Cold ❄️","2026-03-19 13:47:17.463462"
5580,"Yerevan",14.1,2.4,"Mild 🌤","2026-03-19 13:47:56.122669"
5581,"Gyumri",7.0,5.2,"Cold ❄️","2026-03-19 13:47:57.657013"
5582,"Vanadzor",6.7,12.2,"Cold ❄️","2026-03-19 13:47:58.988498"
5583,"Dilijan",7.3,9.6,"Cold ❄️","2026-03-19 13:48:00.088465"
5584,"Hrazdan",7.5,10.0,"Cold ❄️","2026-03-19 13:48:01.136581"
5585,"Abovyan",9.2,3.1,"Cold ❄️","2026-03-19 13:48:01.984803"
5586,"Kapan",9.5,9.0,"Cold ❄️","2026-03-19 13:48:02.262745"
5587,"Goris",6.6,8.7,"Cold ❄️","2026-03-19 13:48:02.927508"
5588,"Sevan",5.2,10.9,"Cold ❄️","2026-03-19 13:48:04.366061"
5589,"Ijevan",8.1,6.3,"Cold ❄️","2026-03-19 13:48:04.772719"
5590,"Armavir",14.8,2.6,"Mild 🌤","2026-03-19 13:48:05.148906"
5591,"Artashat",15.6,15.3,"Mild 🌤","2026-03-19 13:48:05.560173"
5592,"Sisian",7.3,12.9,"Cold ❄️","2026-03-19 13:48:05.927829"
5619,"Yerevan",14.1,2.4,"Mild 🌤","2026-03-19 13:48:13.1915"
5620,"Gyumri",7.0,5.2,"Cold ❄️","2026-03-19 13:48:13.599902"
5621,"Vanadzor",6.7,12.2,"Cold ❄️","2026-03-19 13:48:14.650576"
5622,"Dilijan",7.3,9.6,"Cold ❄️","2026-03-19 13:48:15.781512"
5623,"Hrazdan",7.5,10.0,"Cold ❄️","2026-03-19 13:48:17.827326"
5624,"Abovyan",9.2,3.1,"Cold ❄️","2026-03-19 13:48:19.775526"
5625,"Kapan",9.5,9.0,"Cold ❄️","2026-03-19 13:48:20.556886"
5626,"Goris",6.6,8.7,"Cold ❄️","2026-03-19 13:48:22.066832"
5627,"Sevan",5.2,10.9,"Cold ❄️","2026-03-19 13:48:23.333137"
5628,"Ijevan",8.1,6.3,"Cold ❄️","2026-03-19 13:48:24.583223"
5629,"Armavir",14.8,2.6,"Mild 🌤","2026-03-19 13:48:25.813739"
5630,"Artashat",15.6,15.3,"Mild 🌤","2026-03-19 13:48:27.97635"
5631,"Sisian",7.3,12.9,"Cold ❄️","2026-03-19 13:48:29.500534"
5658,"Yerevan",14.1,2.4,"Mild 🌤","2026-03-19 13:49:11.973249"
5659,"Gyumri",7.0,5.2,"Cold ❄️","2026-03-19 13:49:12.773609"
5660,"Vanadzor",6.7,12.2,"Cold ❄️","2026-03-19 13:49:13.376368"
5661,"Dilijan",7.3,9.6,"Cold ❄️","2026-03-19 13:49:13.773764"
5662,"Hrazdan",7.5,10.0,"Cold ❄️","2026-03-19 13:49:17.840135"
5663,"Abovyan",9.2,3.1,"Cold ❄️","2026-03-19 13:49:19.68067"
5664,"Kapan",9.5,9.0,"Cold ❄️","2026-03-19 13:49:20.394833"
5665,"Goris",6.6,8.7,"Cold ❄️","2026-03-19 13:49:21.623026"
5666,"Sevan",5.2,10.9,"Cold ❄️","2026-03-19 13:49:22.550988"
5667,"Ijevan",8.1,6.3,"Cold ❄️","2026-03-19 13:49:24.067709"
5668,"Artashat",15.6,15.3,"Mild 🌤","2026-03-19 13:49:30.429173"
5669,"Sisian",7.3,12.9,"Cold ❄️","2026-03-19 13:49:32.478323"
5399,"Yerevan",14.1,2.4,"Mild 🌤","2026-03-19 13:45:56.921627"
5400,"Vanadzor",6.7,12.2,"Cold ❄️","2026-03-19 13:46:04.906716"
5401,"Dilijan",7.3,9.6,"Cold ❄️","2026-03-19 13:46:06.243064"
5402,"Hrazdan",7.5,10.0,"Cold ❄️","2026-03-19 13:46:07.676792"
5403,"Abovyan",9.2,3.1,"Cold ❄️","2026-03-19 13:46:08.228886"
5404,"Kapan",9.5,9.0,"Cold ❄️","2026-03-19 13:46:09.110941"
5405,"Goris",6.6,8.7,"Cold ❄️","2026-03-19 13:46:10.233934"
5406,"Sevan",5.2,10.9,"Cold ❄️","2026-03-19 13:46:11.767811"
5407,"Ijevan",8.1,6.3,"Cold ❄️","2026-03-19 13:46:13.181188"
5408,"Armavir",14.8,2.6,"Mild 🌤","2026-03-19 13:46:16.173199"
5409,"Artashat",15.6,15.3,"Mild 🌤","2026-03-19 13:46:17.809892"
5410,"Sisian",7.3,12.9,"Cold ❄️","2026-03-19 13:46:19.025784"
5437,"Yerevan",14.1,2.4,"Mild 🌤","2026-03-19 13:46:54.172048"
5438,"Gyumri",7.0,5.2,"Cold ❄️","2026-03-19 13:46:54.518359"
5439,"Vanadzor",6.7,12.2,"Cold ❄️","2026-03-19 13:46:54.862411"
5440,"Dilijan",7.3,9.6,"Cold ❄️","2026-03-19 13:46:55.377169"
5441,"Hrazdan",7.5,10.0,"Cold ❄️","2026-03-19 13:46:55.690551"
5442,"Abovyan",9.2,3.1,"Cold ❄️","2026-03-19 13:46:55.942906"
5443,"Kapan",9.5,9.0,"Cold ❄️","2026-03-19 13:46:56.540463"
5444,"Goris",6.6,8.7,"Cold ❄️","2026-03-19 13:46:56.856576"
5445,"Sevan",5.2,10.9,"Cold ❄️","2026-03-19 13:46:57.254708"
5446,"Ijevan",8.1,6.3,"Cold ❄️","2026-03-19 13:46:57.627065"
5447,"Armavir",14.8,2.6,"Mild 🌤","2026-03-19 13:46:58.681866"
5448,"Artashat",15.6,15.3,"Mild 🌤","2026-03-19 13:46:59.154934"
5449,"Sisian",7.3,12.9,"Cold ❄️","2026-03-19 13:47:01.642492"
5476,"Yerevan",14.1,2.4,"Mild 🌤","2026-03-19 13:47:09.532509"
5477,"Gyumri",7.0,5.2,"Cold ❄️","2026-03-19 13:47:09.803556"
5478,"Vanadzor",6.7,12.2,"Cold ❄️","2026-03-19 13:47:10.085815"
5479,"Dilijan",7.3,9.6,"Cold ❄️","2026-03-19 13:47:10.395199"
5480,"Hrazdan",7.5,10.0,"Cold ❄️","2026-03-19 13:47:10.737262"
5481,"Abovyan",9.2,3.1,"Cold ❄️","2026-03-19 13:47:11.03503"
5482,"Kapan",9.5,9.0,"Cold ❄️","2026-03-19 13:47:11.310863"
5483,"Goris",6.6,8.7,"Cold ❄️","2026-03-19 13:47:11.611992"
5484,"Sevan",5.2,10.9,"Cold ❄️","2026-03-19 13:47:11.928764"
5485,"Ijevan",8.1,6.3,"Cold ❄️","2026-03-19 13:47:12.276347"
5486,"Armavir",14.8,2.6,"Mild 🌤","2026-03-19 13:47:12.535944"
5487,"Artashat",15.6,15.3,"Mild 🌤","2026-03-19 13:47:12.799583"
5488,"Sisian",7.3,12.9,"Cold ❄️","2026-03-19 13:47:13.081754"
5515,"Yerevan",14.1,2.4,"Mild 🌤","2026-03-19 13:47:09.681366"
5516,"Gyumri",7.0,5.2,"Cold ❄️","2026-03-19 13:47:10.0078"
5517,"Vanadzor",6.7,12.2,"Cold ❄️","2026-03-19 13:47:10.391499"
5518,"Dilijan",7.3,9.6,"Cold ❄️","2026-03-19 13:47:10.693145"
5519,"Hrazdan",7.5,10.0,"Cold ❄️","2026-03-19 13:47:10.981315"
5520,"Abovyan",9.2,3.1,"Cold ❄️","2026-03-19 13:47:11.313082"
5521,"Kapan",9.5,9.0,"Cold ❄️","2026-03-19 13:47:11.61016"
5522,"Goris",6.6,8.7,"Cold ❄️","2026-03-19 13:47:11.904205"
5523,"Sevan",5.2,10.9,"Cold ❄️","2026-03-19 13:47:13.09669"
5524,"Ijevan",8.1,6.3,"Cold ❄️","2026-03-19 13:47:13.358905"
5525,"Armavir",14.8,2.6,"Mild 🌤","2026-03-19 13:47:14.440192"
5526,"Artashat",15.6,15.3,"Mild 🌤","2026-03-19 13:47:14.790071"
5527,"Sisian",7.3,12.9,"Cold ❄️","2026-03-19 13:47:15.467042"
5554,"Yerevan",14.1,2.4,"Mild 🌤","2026-03-19 13:47:22.499112"
5555,"Gyumri",7.0,5.2,"Cold ❄️","2026-03-19 13:47:24.273418"
5556,"Vanadzor",6.7,12.2,"Cold ❄️","2026-03-19 13:47:25.808729"
5557,"Dilijan",7.3,9.6,"Cold ❄️","2026-03-19 13:47:26.833677"
5558,"Hrazdan",7.5,10.0,"Cold ❄️","2026-03-19 13:47:28.267174"
5559,"Abovyan",9.2,3.1,"Cold ❄️","2026-03-19 13:47:29.798416"
5560,"Kapan",9.5,9.0,"Cold ❄️","2026-03-19 13:47:30.515216"
5561,"Goris",6.6,8.7,"Cold ❄️","2026-03-19 13:47:31.848303"
5562,"Sevan",5.2,10.9,"Cold ❄️","2026-03-19 13:47:32.983805"
5563,"Ijevan",8.1,6.3,"Cold ❄️","2026-03-19 13:47:34.202058"
5564,"Armavir",14.8,2.6,"Mild 🌤","2026-03-19 13:47:35.636934"
5565,"Artashat",15.6,15.3,"Mild 🌤","2026-03-19 13:47:36.659296"
5566,"Sisian",7.3,12.9,"Cold ❄️","2026-03-19 13:47:37.835532"
5593,"Yerevan",14.1,2.4,"Mild 🌤","2026-03-19 13:47:56.120584"
5594,"Gyumri",7.0,5.2,"Cold ❄️","2026-03-19 13:47:57.65997"
5595,"Vanadzor",6.7,12.2,"Cold ❄️","2026-03-19 13:47:58.985289"
5596,"Dilijan",7.3,9.6,"Cold ❄️","2026-03-19 13:48:00.090244"
5597,"Hrazdan",7.5,10.0,"Cold ❄️","2026-03-19 13:48:02.547058"
5598,"Abovyan",9.2,3.1,"Cold ❄️","2026-03-19 13:48:02.828121"
5599,"Kapan",9.5,9.0,"Cold ❄️","2026-03-19 13:48:03.756809"
5600,"Goris",6.6,8.7,"Cold ❄️","2026-03-19 13:48:04.156853"
5601,"Sevan",5.2,10.9,"Cold ❄️","2026-03-19 13:48:06.332932"
5602,"Ijevan",8.1,6.3,"Cold ❄️","2026-03-19 13:48:07.27116"
5603,"Armavir",14.8,2.6,"Mild 🌤","2026-03-19 13:48:07.592555"
5604,"Artashat",15.6,15.3,"Mild 🌤","2026-03-19 13:48:07.953188"
5605,"Sisian",7.3,12.9,"Cold ❄️","2026-03-19 13:48:10.198325"
5632,"Yerevan",14.1,2.4,"Mild 🌤","2026-03-19 13:48:30.483362"
5633,"Gyumri",7.0,5.2,"Cold ❄️","2026-03-19 13:48:31.756455"
5634,"Vanadzor",6.7,12.2,"Cold ❄️","2026-03-19 13:48:33.082502"
5635,"Dilijan",7.3,9.6,"Cold ❄️","2026-03-19 13:48:34.622408"
5636,"Hrazdan",7.5,10.0,"Cold ❄️","2026-03-19 13:48:36.668704"
5637,"Abovyan",9.2,3.1,"Cold ❄️","2026-03-19 13:48:38.924928"
5638,"Kapan",9.5,9.0,"Cold ❄️","2026-03-19 13:48:39.854887"
5639,"Goris",6.6,8.7,"Cold ❄️","2026-03-19 13:48:40.969723"
5640,"Sevan",5.2,10.9,"Cold ❄️","2026-03-19 13:48:41.787564"
5641,"Ijevan",8.1,6.3,"Cold ❄️","2026-03-19 13:48:42.58079"
5642,"Armavir",14.8,2.6,"Mild 🌤","2026-03-19 13:48:43.886782"
5643,"Artashat",15.6,15.3,"Mild 🌤","2026-03-19 13:48:45.167041"
5644,"Sisian",7.3,12.9,"Cold ❄️","2026-03-19 13:48:46.40001"
5670,"Yerevan",14.1,2.4,"Mild 🌤","2026-03-19 13:49:33.868894"
5671,"Gyumri",7.0,5.2,"Cold ❄️","2026-03-19 13:49:35.548656"
5672,"Dilijan",7.3,9.6,"Cold ❄️","2026-03-19 13:49:41.999312"
5673,"Hrazdan",7.5,10.0,"Cold ❄️","2026-03-19 13:49:43.335949"
5674,"Abovyan",9.2,3.1,"Cold ❄️","2026-03-19 13:49:44.661574"
5675,"Kapan",9.5,9.0,"Cold ❄️","2026-03-19 13:49:45.851758"
5676,"Goris",6.6,8.7,"Cold ❄️","2026-03-19 13:49:47.121829"
5411,"Yerevan",14.1,2.4,"Mild 🌤","2026-03-19 13:46:21.189062"
5412,"Gyumri",7.0,5.2,"Cold ❄️","2026-03-19 13:46:22.419801"
5413,"Vanadzor",6.7,12.2,"Cold ❄️","2026-03-19 13:46:24.262927"
5414,"Dilijan",7.3,9.6,"Cold ❄️","2026-03-19 13:46:26.21492"
5415,"Hrazdan",7.5,10.0,"Cold ❄️","2026-03-19 13:46:27.74732"
5416,"Abovyan",9.2,3.1,"Cold ❄️","2026-03-19 13:46:28.870137"
5417,"Kapan",9.5,9.0,"Cold ❄️","2026-03-19 13:46:30.207925"
5418,"Goris",6.6,8.7,"Cold ❄️","2026-03-19 13:46:32.765739"
5419,"Sevan",5.2,10.9,"Cold ❄️","2026-03-19 13:46:33.788317"
5420,"Ijevan",8.1,6.3,"Cold ❄️","2026-03-19 13:46:34.808272"
5421,"Armavir",14.8,2.6,"Mild 🌤","2026-03-19 13:46:36.03769"
5422,"Artashat",15.6,15.3,"Mild 🌤","2026-03-19 13:46:37.471151"
5423,"Sisian",7.3,12.9,"Cold ❄️","2026-03-19 13:46:39.31606"
5450,"Yerevan",14.1,2.4,"Mild 🌤","2026-03-19 13:47:03.274636"
5451,"Gyumri",7.0,5.2,"Cold ❄️","2026-03-19 13:47:04.609156"
5452,"Vanadzor",6.7,12.2,"Cold ❄️","2026-03-19 13:47:05.740162"
5453,"Dilijan",7.3,9.6,"Cold ❄️","2026-03-19 13:47:06.095875"
5454,"Hrazdan",7.5,10.0,"Cold ❄️","2026-03-19 13:47:06.347989"
5455,"Abovyan",9.2,3.1,"Cold ❄️","2026-03-19 13:47:06.662151"
5456,"Kapan",9.5,9.0,"Cold ❄️","2026-03-19 13:47:07.155417"
5457,"Goris",6.6,8.7,"Cold ❄️","2026-03-19 13:47:07.430413"
5458,"Sevan",5.2,10.9,"Cold ❄️","2026-03-19 13:47:07.752249"
5459,"Ijevan",8.1,6.3,"Cold ❄️","2026-03-19 13:47:08.027783"
5460,"Armavir",14.8,2.6,"Mild 🌤","2026-03-19 13:47:08.287713"
5461,"Artashat",15.6,15.3,"Mild 🌤","2026-03-19 13:47:08.56473"
5462,"Sisian",7.3,12.9,"Cold ❄️","2026-03-19 13:47:09.215626"
5489,"Yerevan",14.1,2.4,"Mild 🌤","2026-03-19 13:47:09.552232"
5490,"Gyumri",7.0,5.2,"Cold ❄️","2026-03-19 13:47:09.887786"
5491,"Vanadzor",6.7,12.2,"Cold ❄️","2026-03-19 13:47:10.195546"
5492,"Dilijan",7.3,9.6,"Cold ❄️","2026-03-19 13:47:10.655174"
5493,"Hrazdan",7.5,10.0,"Cold ❄️","2026-03-19 13:47:10.915695"
5494,"Abovyan",9.2,3.1,"Cold ❄️","2026-03-19 13:47:11.221855"
5495,"Kapan",9.5,9.0,"Cold ❄️","2026-03-19 13:47:11.486987"
5496,"Goris",6.6,8.7,"Cold ❄️","2026-03-19 13:47:11.784922"
5497,"Sevan",5.2,10.9,"Cold ❄️","2026-03-19 13:47:12.188253"
5498,"Ijevan",8.1,6.3,"Cold ❄️","2026-03-19 13:47:12.470818"
5499,"Armavir",14.8,2.6,"Mild 🌤","2026-03-19 13:47:12.743496"
5500,"Artashat",15.6,15.3,"Mild 🌤","2026-03-19 13:47:13.056086"
5501,"Sisian",7.3,12.9,"Cold ❄️","2026-03-19 13:47:13.322859"
5528,"Yerevan",14.1,2.4,"Mild 🌤","2026-03-19 13:47:09.679986"
5529,"Gyumri",7.0,5.2,"Cold ❄️","2026-03-19 13:47:10.000061"
5530,"Vanadzor",6.7,12.2,"Cold ❄️","2026-03-19 13:47:10.365335"
5531,"Dilijan",7.3,9.6,"Cold ❄️","2026-03-19 13:47:10.696945"
5532,"Hrazdan",7.5,10.0,"Cold ❄️","2026-03-19 13:47:10.984454"
5533,"Abovyan",9.2,3.1,"Cold ❄️","2026-03-19 13:47:11.298342"
5534,"Kapan",9.5,9.0,"Cold ❄️","2026-03-19 13:47:11.597708"
5535,"Goris",6.6,8.7,"Cold ❄️","2026-03-19 13:47:11.891153"
5536,"Sevan",5.2,10.9,"Cold ❄️","2026-03-19 13:47:13.368266"
5537,"Ijevan",8.1,6.3,"Cold ❄️","2026-03-19 13:47:14.494091"
5538,"Armavir",14.8,2.6,"Mild 🌤","2026-03-19 13:47:14.81166"
5539,"Artashat",15.6,15.3,"Mild 🌤","2026-03-19 13:47:15.108661"
5540,"Sisian",7.3,12.9,"Cold ❄️","2026-03-19 13:47:15.897418"
5567,"Yerevan",14.1,2.4,"Mild 🌤","2026-03-19 13:47:39.217334"
5568,"Gyumri",7.0,5.2,"Cold ❄️","2026-03-19 13:47:40.252201"
5569,"Vanadzor",6.7,12.2,"Cold ❄️","2026-03-19 13:47:41.870219"
5570,"Dilijan",7.3,9.6,"Cold ❄️","2026-03-19 13:47:43.213307"
5571,"Hrazdan",7.5,10.0,"Cold ❄️","2026-03-19 13:47:43.855005"
5572,"Abovyan",9.2,3.1,"Cold ❄️","2026-03-19 13:47:45.163844"
5573,"Kapan",9.5,9.0,"Cold ❄️","2026-03-19 13:47:46.592463"
5574,"Goris",6.6,8.7,"Cold ❄️","2026-03-19 13:47:48.33484"
5575,"Sevan",5.2,10.9,"Cold ❄️","2026-03-19 13:47:49.868683"
5576,"Ijevan",8.1,6.3,"Cold ❄️","2026-03-19 13:47:51.157303"
5577,"Armavir",14.8,2.6,"Mild 🌤","2026-03-19 13:47:52.229341"
5578,"Artashat",15.6,15.3,"Mild 🌤","2026-03-19 13:47:53.96577"
5579,"Sisian",7.3,12.9,"Cold ❄️","2026-03-19 13:47:55.194905"
5606,"Yerevan",14.1,2.4,"Mild 🌤","2026-03-19 13:48:06.294307"
5607,"Gyumri",7.0,5.2,"Cold ❄️","2026-03-19 13:48:07.75955"
5608,"Vanadzor",6.7,12.2,"Cold ❄️","2026-03-19 13:48:08.083492"
5609,"Dilijan",7.3,9.6,"Cold ❄️","2026-03-19 13:48:08.880662"
5610,"Hrazdan",7.5,10.0,"Cold ❄️","2026-03-19 13:48:09.15224"
5611,"Abovyan",9.2,3.1,"Cold ❄️","2026-03-19 13:48:09.415635"
5612,"Kapan",9.5,9.0,"Cold ❄️","2026-03-19 13:48:09.890963"
5613,"Goris",6.6,8.7,"Cold ❄️","2026-03-19 13:48:10.218174"
5614,"Sevan",5.2,10.9,"Cold ❄️","2026-03-19 13:48:10.535462"
5615,"Ijevan",8.1,6.3,"Cold ❄️","2026-03-19 13:48:10.833408"
5616,"Armavir",14.8,2.6,"Mild 🌤","2026-03-19 13:48:11.115368"
5617,"Artashat",15.6,15.3,"Mild 🌤","2026-03-19 13:48:11.467695"
5618,"Sisian",7.3,12.9,"Cold ❄️","2026-03-19 13:48:12.107906"
5645,"Yerevan",14.1,2.4,"Mild 🌤","2026-03-19 13:48:48.75327"
5646,"Gyumri",7.0,5.2,"Cold ❄️","2026-03-19 13:48:51.207835"
5647,"Vanadzor",6.7,12.2,"Cold ❄️","2026-03-19 13:48:52.442943"
5648,"Dilijan",7.3,9.6,"Cold ❄️","2026-03-19 13:48:56.227168"
5649,"Hrazdan",7.5,10.0,"Cold ❄️","2026-03-19 13:48:58.68317"
5650,"Abovyan",9.2,3.1,"Cold ❄️","2026-03-19 13:48:59.912162"
5651,"Kapan",9.5,9.0,"Cold ❄️","2026-03-19 13:49:01.350975"
5652,"Goris",6.6,8.7,"Cold ❄️","2026-03-19 13:49:02.188827"
5653,"Sevan",5.2,10.9,"Cold ❄️","2026-03-19 13:49:04.025677"
5654,"Ijevan",8.1,6.3,"Cold ❄️","2026-03-19 13:49:05.839045"
5655,"Armavir",14.8,2.6,"Mild 🌤","2026-03-19 13:49:08.211574"
5656,"Artashat",15.6,15.3,"Mild 🌤","2026-03-19 13:49:10.270795"
5657,"Sisian",7.3,12.9,"Cold ❄️","2026-03-19 13:49:11.212999"
5682,"Yerevan",14.1,2.4,"Mild 🌤","2026-03-19 13:49:58.292745"
5683,"Gyumri",7.0,5.2,"Cold ❄️","2026-03-19 13:49:59.511748"
5684,"Vanadzor",6.7,12.2,"Cold ❄️","2026-03-19 13:50:04.015266"
5685,"Hrazdan",7.5,10.0,"Cold ❄️","2026-03-19 13:50:08.418932"
5686,"Abovyan",9.2,3.1,"Cold ❄️","2026-03-19 13:50:10.395719"
5687,"Kapan",9.5,9.0,"Cold ❄️","2026-03-19 13:50:12.105019"
5677,"Sevan",5.2,10.9,"Cold ❄️","2026-03-19 13:49:48.660715"
5678,"Ijevan",8.1,6.3,"Cold ❄️","2026-03-19 13:49:49.870915"
5679,"Armavir",14.8,2.6,"Mild 🌤","2026-03-19 13:49:51.319846"
5680,"Artashat",15.6,15.3,"Mild 🌤","2026-03-19 13:49:55.520984"
5681,"Sisian",7.3,12.9,"Cold ❄️","2026-03-19 13:49:56.954793"
5707,"Yerevan",14.1,2.4,"Mild 🌤","2026-03-19 13:50:45.027376"
5708,"Gyumri",7.0,5.2,"Cold ❄️","2026-03-19 13:50:46.16484"
5709,"Vanadzor",6.7,12.2,"Cold ❄️","2026-03-19 13:50:47.742947"
5710,"Dilijan",7.3,9.6,"Cold ❄️","2026-03-19 13:50:48.581213"
5711,"Hrazdan",7.5,10.0,"Cold ❄️","2026-03-19 13:50:49.838747"
5712,"Abovyan",9.2,3.1,"Cold ❄️","2026-03-19 13:50:51.637288"
5713,"Kapan",9.5,9.0,"Cold ❄️","2026-03-19 13:50:52.76647"
5714,"Goris",6.6,8.7,"Cold ❄️","2026-03-19 13:50:53.870628"
5715,"Sevan",5.2,10.9,"Cold ❄️","2026-03-19 13:50:55.528386"
5716,"Ijevan",8.1,6.3,"Cold ❄️","2026-03-19 13:50:56.757489"
5717,"Armavir",14.8,2.6,"Mild 🌤","2026-03-19 13:50:58.186637"
5718,"Artashat",15.6,15.3,"Mild 🌤","2026-03-19 13:50:59.420086"
5719,"Sisian",7.3,12.9,"Cold ❄️","2026-03-19 13:51:01.053422"
5746,"Yerevan",14.1,2.4,"Mild 🌤","2026-03-19 13:51:17.90271"
5747,"Gyumri",7.0,5.2,"Cold ❄️","2026-03-19 13:51:18.192833"
5748,"Vanadzor",6.7,12.2,"Cold ❄️","2026-03-19 13:51:18.464603"
5749,"Dilijan",7.3,9.6,"Cold ❄️","2026-03-19 13:51:18.744237"
5750,"Hrazdan",7.5,10.0,"Cold ❄️","2026-03-19 13:51:19.049039"
5751,"Abovyan",9.2,3.1,"Cold ❄️","2026-03-19 13:51:19.3396"
5752,"Kapan",9.5,9.0,"Cold ❄️","2026-03-19 13:51:19.748813"
5753,"Goris",6.6,8.7,"Cold ❄️","2026-03-19 13:51:20.155591"
5754,"Sevan",5.2,10.9,"Cold ❄️","2026-03-19 13:51:20.487421"
5755,"Ijevan",8.1,6.3,"Cold ❄️","2026-03-19 13:51:20.811189"
5756,"Armavir",14.8,2.6,"Mild 🌤","2026-03-19 13:51:21.161484"
5757,"Artashat",15.6,15.3,"Mild 🌤","2026-03-19 13:51:21.478472"
5758,"Sisian",7.3,12.9,"Cold ❄️","2026-03-19 13:51:21.833933"
5785,"Yerevan",14.1,2.4,"Mild 🌤","2026-03-19 13:51:24.466028"
5786,"Gyumri",7.0,5.2,"Cold ❄️","2026-03-19 13:51:24.877743"
5787,"Vanadzor",6.7,12.2,"Cold ❄️","2026-03-19 13:51:25.227452"
5788,"Dilijan",7.3,9.6,"Cold ❄️","2026-03-19 13:51:25.537802"
5789,"Hrazdan",7.5,10.0,"Cold ❄️","2026-03-19 13:51:25.832697"
5790,"Abovyan",9.2,3.1,"Cold ❄️","2026-03-19 13:51:26.12123"
5791,"Kapan",9.5,9.0,"Cold ❄️","2026-03-19 13:51:26.42956"
5792,"Goris",6.6,8.7,"Cold ❄️","2026-03-19 13:51:26.718589"
5793,"Sevan",5.2,10.9,"Cold ❄️","2026-03-19 13:51:27.0167"
5794,"Ijevan",8.1,6.3,"Cold ❄️","2026-03-19 13:51:27.299615"
5795,"Armavir",14.8,2.6,"Mild 🌤","2026-03-19 13:51:27.559247"
5796,"Artashat",15.6,15.3,"Mild 🌤","2026-03-19 13:51:27.816016"
5797,"Sisian",7.3,12.9,"Cold ❄️","2026-03-19 13:51:28.106414"
5811,"Yerevan",14.1,2.4,"Mild 🌤","2026-03-19 13:51:24.412926"
5812,"Gyumri",7.0,5.2,"Cold ❄️","2026-03-19 13:51:24.92617"
5813,"Vanadzor",6.7,12.2,"Cold ❄️","2026-03-19 13:51:25.23015"
5814,"Dilijan",7.3,9.6,"Cold ❄️","2026-03-19 13:51:25.54457"
5815,"Hrazdan",7.5,10.0,"Cold ❄️","2026-03-19 13:51:25.830198"
5816,"Abovyan",9.2,3.1,"Cold ❄️","2026-03-19 13:51:26.1193"
5817,"Kapan",9.5,9.0,"Cold ❄️","2026-03-19 13:51:26.435249"
5818,"Goris",6.6,8.7,"Cold ❄️","2026-03-19 13:51:26.769238"
5819,"Sevan",5.2,10.9,"Cold ❄️","2026-03-19 13:51:27.078875"
5820,"Ijevan",8.1,6.3,"Cold ❄️","2026-03-19 13:51:27.380127"
5821,"Armavir",14.8,2.6,"Mild 🌤","2026-03-19 13:51:27.689277"
5822,"Artashat",15.6,15.3,"Mild 🌤","2026-03-19 13:51:27.984078"
5823,"Sisian",7.3,12.9,"Cold ❄️","2026-03-19 13:51:28.289049"
5850,"Yerevan",14.1,2.4,"Mild 🌤","2026-03-19 13:51:26.468346"
5851,"Gyumri",7.0,5.2,"Cold ❄️","2026-03-19 13:51:26.782951"
5852,"Vanadzor",6.7,12.2,"Cold ❄️","2026-03-19 13:51:27.102349"
5853,"Dilijan",7.3,9.6,"Cold ❄️","2026-03-19 13:51:27.389726"
5854,"Hrazdan",7.5,10.0,"Cold ❄️","2026-03-19 13:51:27.686971"
5855,"Abovyan",9.2,3.1,"Cold ❄️","2026-03-19 13:51:28.009366"
5856,"Kapan",9.5,9.0,"Cold ❄️","2026-03-19 13:51:28.301535"
5857,"Goris",6.6,8.7,"Cold ❄️","2026-03-19 13:51:28.672806"
5858,"Sevan",5.2,10.9,"Cold ❄️","2026-03-19 13:51:29.086182"
5859,"Ijevan",8.1,6.3,"Cold ❄️","2026-03-19 13:51:29.451709"
5860,"Armavir",14.8,2.6,"Mild 🌤","2026-03-19 13:51:29.906661"
5861,"Artashat",15.6,15.3,"Mild 🌤","2026-03-19 13:51:30.345147"
5862,"Sisian",7.3,12.9,"Cold ❄️","2026-03-19 13:51:30.733"
5889,"Yerevan",14.1,2.4,"Mild 🌤","2026-03-19 13:51:45.291329"
5890,"Gyumri",7.0,5.2,"Cold ❄️","2026-03-19 13:51:47.341337"
5891,"Vanadzor",6.7,12.2,"Cold ❄️","2026-03-19 13:51:48.367911"
5892,"Dilijan",7.3,9.6,"Cold ❄️","2026-03-19 13:51:49.501955"
5893,"Hrazdan",7.5,10.0,"Cold ❄️","2026-03-19 13:51:50.312986"
5894,"Abovyan",9.2,3.1,"Cold ❄️","2026-03-19 13:51:52.389072"
5895,"Kapan",9.5,9.0,"Cold ❄️","2026-03-19 13:51:53.385349"
5896,"Goris",6.6,8.7,"Cold ❄️","2026-03-19 13:51:54.205336"
5897,"Sevan",5.2,10.9,"Cold ❄️","2026-03-19 13:51:56.555193"
5898,"Ijevan",8.1,6.3,"Cold ❄️","2026-03-19 13:51:57.78628"
5899,"Armavir",14.8,2.6,"Mild 🌤","2026-03-19 13:51:58.612219"
5900,"Artashat",15.6,15.3,"Mild 🌤","2026-03-19 13:52:00.117206"
5901,"Sisian",7.3,12.9,"Cold ❄️","2026-03-19 13:52:01.475514"
7095,"Yerevan",13.6,3.4,"Mild 🌤","2026-03-19 14:37:16.91407"
7096,"Gyumri",6.4,3.4,"Cold ❄️","2026-03-19 14:37:17.196888"
7097,"Vanadzor",5.8,10.9,"Cold ❄️","2026-03-19 14:37:17.456994"
7098,"Dilijan",6.5,8.2,"Cold ❄️","2026-03-19 14:37:17.717216"
7099,"Hrazdan",6.4,12.1,"Cold ❄️","2026-03-19 14:37:17.967293"
7100,"Abovyan",8.6,2.2,"Cold ❄️","2026-03-19 14:37:18.22779"
7101,"Kapan",8.9,8.6,"Cold ❄️","2026-03-19 14:37:18.481839"
7102,"Goris",6.1,7.6,"Cold ❄️","2026-03-19 14:37:18.736427"
7103,"Sevan",4.0,11.4,"Cold ❄️","2026-03-19 14:37:18.988147"
7104,"Ijevan",7.8,5.6,"Cold ❄️","2026-03-19 14:37:19.250436"
7105,"Armavir",14.4,3.5,"Mild 🌤","2026-03-19 14:37:19.504943"
7106,"Artashat",15.0,11.6,"Mild 🌤","2026-03-19 14:37:19.76079"
7107,"Sisian",6.4,10.4,"Cold ❄️","2026-03-19 14:37:20.023714"
7134,"Yerevan",13.6,3.4,"Mild 🌤","2026-03-19 14:37:55.455114"
5688,"Goris",6.6,8.7,"Cold ❄️","2026-03-19 13:50:13.87042"
5689,"Sevan",5.2,10.9,"Cold ❄️","2026-03-19 13:50:16.203395"
5690,"Ijevan",8.1,6.3,"Cold ❄️","2026-03-19 13:50:19.375835"
5691,"Armavir",14.8,2.6,"Mild 🌤","2026-03-19 13:50:21.427375"
5692,"Artashat",15.6,15.3,"Mild 🌤","2026-03-19 13:50:22.34629"
5693,"Sisian",7.3,12.9,"Cold ❄️","2026-03-19 13:50:23.881612"
5720,"Yerevan",14.1,2.4,"Mild 🌤","2026-03-19 13:51:03.511326"
5721,"Gyumri",7.0,5.2,"Cold ❄️","2026-03-19 13:51:04.745636"
5722,"Vanadzor",6.7,12.2,"Cold ❄️","2026-03-19 13:51:05.838414"
5723,"Dilijan",7.3,9.6,"Cold ❄️","2026-03-19 13:51:07.025786"
5724,"Hrazdan",7.5,10.0,"Cold ❄️","2026-03-19 13:51:07.886913"
5725,"Abovyan",9.2,3.1,"Cold ❄️","2026-03-19 13:51:08.843069"
5726,"Kapan",9.5,9.0,"Cold ❄️","2026-03-19 13:51:09.709152"
5727,"Goris",6.6,8.7,"Cold ❄️","2026-03-19 13:51:11.181375"
5728,"Sevan",5.2,10.9,"Cold ❄️","2026-03-19 13:51:12.230098"
5729,"Ijevan",8.1,6.3,"Cold ❄️","2026-03-19 13:51:12.537018"
5730,"Armavir",14.8,2.6,"Mild 🌤","2026-03-19 13:51:12.910107"
5731,"Artashat",15.6,15.3,"Mild 🌤","2026-03-19 13:51:13.179429"
5732,"Sisian",7.3,12.9,"Cold ❄️","2026-03-19 13:51:13.463171"
5759,"Yerevan",14.1,2.4,"Mild 🌤","2026-03-19 13:51:17.969249"
5760,"Gyumri",7.0,5.2,"Cold ❄️","2026-03-19 13:51:18.251589"
5761,"Vanadzor",6.7,12.2,"Cold ❄️","2026-03-19 13:51:18.525358"
5762,"Dilijan",7.3,9.6,"Cold ❄️","2026-03-19 13:51:18.805985"
5763,"Hrazdan",7.5,10.0,"Cold ❄️","2026-03-19 13:51:19.082218"
5764,"Abovyan",9.2,3.1,"Cold ❄️","2026-03-19 13:51:20.008771"
5765,"Kapan",9.5,9.0,"Cold ❄️","2026-03-19 13:51:20.361363"
5766,"Goris",6.6,8.7,"Cold ❄️","2026-03-19 13:51:20.689379"
5767,"Sevan",5.2,10.9,"Cold ❄️","2026-03-19 13:51:21.022477"
5768,"Ijevan",8.1,6.3,"Cold ❄️","2026-03-19 13:51:21.283086"
5769,"Armavir",14.8,2.6,"Mild 🌤","2026-03-19 13:51:23.433801"
5770,"Artashat",15.6,15.3,"Mild 🌤","2026-03-19 13:51:23.772634"
5771,"Sisian",7.3,12.9,"Cold ❄️","2026-03-19 13:51:24.066585"
5798,"Yerevan",14.1,2.4,"Mild 🌤","2026-03-19 13:51:24.468272"
5799,"Gyumri",7.0,5.2,"Cold ❄️","2026-03-19 13:51:24.87042"
5800,"Vanadzor",6.7,12.2,"Cold ❄️","2026-03-19 13:51:25.408248"
5801,"Dilijan",7.3,9.6,"Cold ❄️","2026-03-19 13:51:25.677436"
5802,"Hrazdan",7.5,10.0,"Cold ❄️","2026-03-19 13:51:25.940811"
5803,"Abovyan",9.2,3.1,"Cold ❄️","2026-03-19 13:51:26.234013"
5804,"Kapan",9.5,9.0,"Cold ❄️","2026-03-19 13:51:26.482449"
5805,"Goris",6.6,8.7,"Cold ❄️","2026-03-19 13:51:26.780299"
5806,"Sevan",5.2,10.9,"Cold ❄️","2026-03-19 13:51:27.083007"
5807,"Ijevan",8.1,6.3,"Cold ❄️","2026-03-19 13:51:27.377731"
5808,"Armavir",14.8,2.6,"Mild 🌤","2026-03-19 13:51:27.68493"
5809,"Artashat",15.6,15.3,"Mild 🌤","2026-03-19 13:51:27.993253"
5810,"Sisian",7.3,12.9,"Cold ❄️","2026-03-19 13:51:28.282327"
5837,"Yerevan",14.1,2.4,"Mild 🌤","2026-03-19 13:51:24.411613"
5838,"Gyumri",7.0,5.2,"Cold ❄️","2026-03-19 13:51:24.874873"
5839,"Vanadzor",6.7,12.2,"Cold ❄️","2026-03-19 13:51:25.351568"
5840,"Dilijan",7.3,9.6,"Cold ❄️","2026-03-19 13:51:25.622789"
5841,"Hrazdan",7.5,10.0,"Cold ❄️","2026-03-19 13:51:25.91171"
5842,"Abovyan",9.2,3.1,"Cold ❄️","2026-03-19 13:51:26.17835"
5843,"Kapan",9.5,9.0,"Cold ❄️","2026-03-19 13:51:26.471904"
5844,"Goris",6.6,8.7,"Cold ❄️","2026-03-19 13:51:26.785864"
5845,"Sevan",5.2,10.9,"Cold ❄️","2026-03-19 13:51:27.098735"
5846,"Ijevan",8.1,6.3,"Cold ❄️","2026-03-19 13:51:27.387113"
5847,"Armavir",14.8,2.6,"Mild 🌤","2026-03-19 13:51:27.690917"
5848,"Artashat",15.6,15.3,"Mild 🌤","2026-03-19 13:51:27.996622"
5849,"Sisian",7.3,12.9,"Cold ❄️","2026-03-19 13:51:29.176281"
5876,"Yerevan",14.1,2.4,"Mild 🌤","2026-03-19 13:51:34.388183"
5877,"Gyumri",7.0,5.2,"Cold ❄️","2026-03-19 13:51:34.952943"
5878,"Vanadzor",6.7,12.2,"Cold ❄️","2026-03-19 13:51:35.324438"
5879,"Dilijan",7.3,9.6,"Cold ❄️","2026-03-19 13:51:35.687965"
5880,"Hrazdan",7.5,10.0,"Cold ❄️","2026-03-19 13:51:35.959811"
5881,"Abovyan",9.2,3.1,"Cold ❄️","2026-03-19 13:51:36.307234"
5882,"Kapan",9.5,9.0,"Cold ❄️","2026-03-19 13:51:36.574214"
5883,"Goris",6.6,8.7,"Cold ❄️","2026-03-19 13:51:36.843496"
5884,"Sevan",5.2,10.9,"Cold ❄️","2026-03-19 13:51:37.138071"
5885,"Ijevan",8.1,6.3,"Cold ❄️","2026-03-19 13:51:37.428035"
5886,"Armavir",14.8,2.6,"Mild 🌤","2026-03-19 13:51:38.191443"
5887,"Artashat",15.6,15.3,"Mild 🌤","2026-03-19 13:51:38.484351"
5888,"Sisian",7.3,12.9,"Cold ❄️","2026-03-19 13:51:38.852924"
5915,"Yerevan",14.1,2.4,"Mild 🌤","2026-03-19 13:52:19.496381"
5916,"Gyumri",7.0,5.2,"Cold ❄️","2026-03-19 13:52:21.115883"
5917,"Vanadzor",6.7,12.2,"Cold ❄️","2026-03-19 13:52:21.870723"
5918,"Dilijan",7.3,9.6,"Cold ❄️","2026-03-19 13:52:23.179875"
5919,"Hrazdan",7.5,10.0,"Cold ❄️","2026-03-19 13:52:24.613357"
5920,"Abovyan",9.2,3.1,"Cold ❄️","2026-03-19 13:52:26.157146"
5921,"Kapan",9.5,9.0,"Cold ❄️","2026-03-19 13:52:27.236616"
5922,"Goris",6.6,8.7,"Cold ❄️","2026-03-19 13:52:28.301728"
5923,"Sevan",5.2,10.9,"Cold ❄️","2026-03-19 13:52:29.870244"
5924,"Ijevan",8.1,6.3,"Cold ❄️","2026-03-19 13:52:31.068717"
5925,"Armavir",14.8,2.6,"Mild 🌤","2026-03-19 13:52:32.195803"
5926,"Artashat",15.6,15.3,"Mild 🌤","2026-03-19 13:52:33.420208"
5927,"Sisian",7.3,12.9,"Cold ❄️","2026-03-19 13:52:33.932265"
7135,"Gyumri",6.4,3.4,"Cold ❄️","2026-03-19 14:37:55.709495"
7136,"Vanadzor",5.8,10.9,"Cold ❄️","2026-03-19 14:37:55.969124"
7137,"Dilijan",6.5,8.2,"Cold ❄️","2026-03-19 14:37:56.227724"
7138,"Hrazdan",6.4,12.1,"Cold ❄️","2026-03-19 14:37:56.488403"
7139,"Abovyan",8.6,2.2,"Cold ❄️","2026-03-19 14:37:56.739835"
7140,"Kapan",8.9,8.6,"Cold ❄️","2026-03-19 14:37:56.98942"
7141,"Goris",6.1,7.6,"Cold ❄️","2026-03-19 14:37:57.239904"
7142,"Sevan",4.0,11.4,"Cold ❄️","2026-03-19 14:37:57.490357"
7143,"Ijevan",7.8,5.6,"Cold ❄️","2026-03-19 14:37:57.753779"
7144,"Armavir",14.4,3.5,"Mild 🌤","2026-03-19 14:37:58.009038"
7145,"Artashat",15.0,11.6,"Mild 🌤","2026-03-19 14:37:58.260771"
7146,"Sisian",6.4,10.4,"Cold ❄️","2026-03-19 14:37:58.516562"
7173,"Yerevan",13.6,3.4,"Mild 🌤","2026-03-19 14:38:19.333433"
5694,"Yerevan",14.1,2.4,"Mild 🌤","2026-03-19 13:50:25.523694"
5695,"Gyumri",7.0,5.2,"Cold ❄️","2026-03-19 13:50:26.977081"
5696,"Vanadzor",6.7,12.2,"Cold ❄️","2026-03-19 13:50:28.699023"
5697,"Dilijan",7.3,9.6,"Cold ❄️","2026-03-19 13:50:30.025428"
5698,"Hrazdan",7.5,10.0,"Cold ❄️","2026-03-19 13:50:31.361431"
5699,"Abovyan",9.2,3.1,"Cold ❄️","2026-03-19 13:50:32.589053"
5700,"Kapan",9.5,9.0,"Cold ❄️","2026-03-19 13:50:34.952166"
5701,"Goris",6.6,8.7,"Cold ❄️","2026-03-19 13:50:36.276941"
5702,"Sevan",5.2,10.9,"Cold ❄️","2026-03-19 13:50:37.713453"
5703,"Ijevan",8.1,6.3,"Cold ❄️","2026-03-19 13:50:38.936695"
5704,"Armavir",14.8,2.6,"Mild 🌤","2026-03-19 13:50:40.373051"
5705,"Artashat",15.6,15.3,"Mild 🌤","2026-03-19 13:50:42.989263"
5706,"Sisian",7.3,12.9,"Cold ❄️","2026-03-19 13:50:43.88689"
5733,"Yerevan",14.1,2.4,"Mild 🌤","2026-03-19 13:51:13.833082"
5734,"Gyumri",7.0,5.2,"Cold ❄️","2026-03-19 13:51:14.225437"
5735,"Vanadzor",6.7,12.2,"Cold ❄️","2026-03-19 13:51:14.502086"
5736,"Dilijan",7.3,9.6,"Cold ❄️","2026-03-19 13:51:14.788357"
5737,"Hrazdan",7.5,10.0,"Cold ❄️","2026-03-19 13:51:15.063892"
5738,"Abovyan",9.2,3.1,"Cold ❄️","2026-03-19 13:51:15.322239"
5739,"Kapan",9.5,9.0,"Cold ❄️","2026-03-19 13:51:15.675941"
5740,"Goris",6.6,8.7,"Cold ❄️","2026-03-19 13:51:15.943018"
5741,"Sevan",5.2,10.9,"Cold ❄️","2026-03-19 13:51:16.212702"
5742,"Ijevan",8.1,6.3,"Cold ❄️","2026-03-19 13:51:16.510849"
5743,"Armavir",14.8,2.6,"Mild 🌤","2026-03-19 13:51:16.815596"
5744,"Artashat",15.6,15.3,"Mild 🌤","2026-03-19 13:51:17.150251"
5745,"Sisian",7.3,12.9,"Cold ❄️","2026-03-19 13:51:17.579792"
5772,"Yerevan",14.1,2.4,"Mild 🌤","2026-03-19 13:51:22.202729"
5773,"Gyumri",7.0,5.2,"Cold ❄️","2026-03-19 13:51:22.538386"
5774,"Vanadzor",6.7,12.2,"Cold ❄️","2026-03-19 13:51:22.942634"
5775,"Dilijan",7.3,9.6,"Cold ❄️","2026-03-19 13:51:23.31033"
5776,"Hrazdan",7.5,10.0,"Cold ❄️","2026-03-19 13:51:23.638187"
5777,"Abovyan",9.2,3.1,"Cold ❄️","2026-03-19 13:51:23.945672"
5778,"Kapan",9.5,9.0,"Cold ❄️","2026-03-19 13:51:24.255049"
5779,"Goris",6.6,8.7,"Cold ❄️","2026-03-19 13:51:24.533411"
5780,"Sevan",5.2,10.9,"Cold ❄️","2026-03-19 13:51:24.922432"
5781,"Ijevan",8.1,6.3,"Cold ❄️","2026-03-19 13:51:25.347457"
5782,"Armavir",14.8,2.6,"Mild 🌤","2026-03-19 13:51:25.654391"
5783,"Artashat",15.6,15.3,"Mild 🌤","2026-03-19 13:51:25.907309"
5784,"Sisian",7.3,12.9,"Cold ❄️","2026-03-19 13:51:26.174246"
5824,"Yerevan",14.1,2.4,"Mild 🌤","2026-03-19 13:51:24.408644"
5825,"Gyumri",7.0,5.2,"Cold ❄️","2026-03-19 13:51:24.867096"
5826,"Vanadzor",6.7,12.2,"Cold ❄️","2026-03-19 13:51:25.54032"
5827,"Dilijan",7.3,9.6,"Cold ❄️","2026-03-19 13:51:25.826969"
5828,"Hrazdan",7.5,10.0,"Cold ❄️","2026-03-19 13:51:26.12379"
5829,"Abovyan",9.2,3.1,"Cold ❄️","2026-03-19 13:51:26.425585"
5830,"Kapan",9.5,9.0,"Cold ❄️","2026-03-19 13:51:26.72228"
5831,"Goris",6.6,8.7,"Cold ❄️","2026-03-19 13:51:27.048005"
5832,"Sevan",5.2,10.9,"Cold ❄️","2026-03-19 13:51:27.322732"
5833,"Ijevan",8.1,6.3,"Cold ❄️","2026-03-19 13:51:27.586188"
5834,"Armavir",14.8,2.6,"Mild 🌤","2026-03-19 13:51:27.882994"
5835,"Artashat",15.6,15.3,"Mild 🌤","2026-03-19 13:51:28.161091"
5836,"Sisian",7.3,12.9,"Cold ❄️","2026-03-19 13:51:28.414566"
5863,"Yerevan",14.1,2.4,"Mild 🌤","2026-03-19 13:51:28.471312"
5864,"Gyumri",7.0,5.2,"Cold ❄️","2026-03-19 13:51:28.89997"
5865,"Vanadzor",6.7,12.2,"Cold ❄️","2026-03-19 13:51:29.264793"
5866,"Dilijan",7.3,9.6,"Cold ❄️","2026-03-19 13:51:29.760908"
5867,"Hrazdan",7.5,10.0,"Cold ❄️","2026-03-19 13:51:30.197257"
5868,"Abovyan",9.2,3.1,"Cold ❄️","2026-03-19 13:51:30.616361"
5869,"Kapan",9.5,9.0,"Cold ❄️","2026-03-19 13:51:31.096564"
5870,"Goris",6.6,8.7,"Cold ❄️","2026-03-19 13:51:31.557339"
5871,"Sevan",5.2,10.9,"Cold ❄️","2026-03-19 13:51:32.091955"
5872,"Ijevan",8.1,6.3,"Cold ❄️","2026-03-19 13:51:32.476602"
5873,"Armavir",14.8,2.6,"Mild 🌤","2026-03-19 13:51:33.295996"
5874,"Artashat",15.6,15.3,"Mild 🌤","2026-03-19 13:51:33.745849"
5875,"Sisian",7.3,12.9,"Cold ❄️","2026-03-19 13:51:34.014001"
5902,"Yerevan",14.1,2.4,"Mild 🌤","2026-03-19 13:52:03.721547"
5903,"Gyumri",7.0,5.2,"Cold ❄️","2026-03-19 13:52:05.571304"
5904,"Vanadzor",6.7,12.2,"Cold ❄️","2026-03-19 13:52:06.800458"
5905,"Dilijan",7.3,9.6,"Cold ❄️","2026-03-19 13:52:08.233607"
5906,"Hrazdan",7.5,10.0,"Cold ❄️","2026-03-19 13:52:09.664535"
5907,"Abovyan",9.2,3.1,"Cold ❄️","2026-03-19 13:52:10.365162"
5908,"Kapan",9.5,9.0,"Cold ❄️","2026-03-19 13:52:11.609296"
5909,"Goris",6.6,8.7,"Cold ❄️","2026-03-19 13:52:12.632216"
5910,"Sevan",5.2,10.9,"Cold ❄️","2026-03-19 13:52:13.867442"
5911,"Ijevan",8.1,6.3,"Cold ❄️","2026-03-19 13:52:15.21298"
5912,"Armavir",14.8,2.6,"Mild 🌤","2026-03-19 13:52:16.220895"
5913,"Artashat",15.6,15.3,"Mild 🌤","2026-03-19 13:52:17.085233"
5914,"Sisian",7.3,12.9,"Cold ❄️","2026-03-19 13:52:18.02931"
5928,"Yerevan",14.1,2.4,"Mild 🌤","2026-03-19 13:52:36.187703"
5929,"Gyumri",7.0,5.2,"Cold ❄️","2026-03-19 13:52:37.52666"
5930,"Vanadzor",6.7,12.2,"Cold ❄️","2026-03-19 13:52:39.052068"
5931,"Dilijan",7.3,9.6,"Cold ❄️","2026-03-19 13:52:40.896912"
5932,"Hrazdan",7.5,10.0,"Cold ❄️","2026-03-19 13:52:42.638233"
5933,"Abovyan",9.2,3.1,"Cold ❄️","2026-03-19 13:52:43.967133"
5934,"Kapan",9.5,9.0,"Cold ❄️","2026-03-19 13:52:45.503606"
5935,"Goris",6.6,8.7,"Cold ❄️","2026-03-19 13:52:46.629682"
5936,"Sevan",5.2,10.9,"Cold ❄️","2026-03-19 13:52:47.96134"
5937,"Ijevan",8.1,6.3,"Cold ❄️","2026-03-19 13:52:49.396746"
5938,"Armavir",14.8,2.6,"Mild 🌤","2026-03-19 13:52:50.810205"
5939,"Artashat",15.6,15.3,"Mild 🌤","2026-03-19 13:52:52.164509"
5940,"Sisian",7.3,12.9,"Cold ❄️","2026-03-19 13:52:53.595058"
5941,"Yerevan",14.1,2.4,"Mild 🌤","2026-03-19 13:52:54.717815"
5942,"Gyumri",7.0,5.2,"Cold ❄️","2026-03-19 13:52:57.999499"
5943,"Vanadzor",6.7,12.2,"Cold ❄️","2026-03-19 13:52:59.430094"
5944,"Dilijan",7.3,9.6,"Cold ❄️","2026-03-19 13:53:00.76274"
5945,"Hrazdan",7.5,10.0,"Cold ❄️","2026-03-19 13:53:03.118733"
5946,"Abovyan",9.2,3.1,"Cold ❄️","2026-03-19 13:53:05.910231"
5947,"Kapan",9.5,9.0,"Cold ❄️","2026-03-19 13:53:06.273881"
5948,"Goris",6.6,8.7,"Cold ❄️","2026-03-19 13:53:06.756287"
5949,"Sevan",5.2,10.9,"Cold ❄️","2026-03-19 13:53:07.034523"
5950,"Ijevan",8.1,6.3,"Cold ❄️","2026-03-19 13:53:07.506899"
5951,"Armavir",14.8,2.6,"Mild 🌤","2026-03-19 13:53:07.804033"
5952,"Artashat",15.6,15.3,"Mild 🌤","2026-03-19 13:53:08.115071"
5953,"Sisian",7.3,12.9,"Cold ❄️","2026-03-19 13:53:08.836558"
5954,"Yerevan",14.1,2.4,"Mild 🌤","2026-03-19 13:53:09.232264"
5955,"Gyumri",7.0,5.2,"Cold ❄️","2026-03-19 13:53:11.92349"
5956,"Vanadzor",6.7,12.2,"Cold ❄️","2026-03-19 13:53:13.15488"
5957,"Dilijan",7.3,9.6,"Cold ❄️","2026-03-19 13:53:14.179079"
5958,"Hrazdan",7.5,10.0,"Cold ❄️","2026-03-19 13:53:15.712226"
5959,"Abovyan",9.2,3.1,"Cold ❄️","2026-03-19 13:53:17.452948"
5960,"Kapan",9.5,9.0,"Cold ❄️","2026-03-19 13:53:18.273761"
5961,"Goris",6.6,8.7,"Cold ❄️","2026-03-19 13:53:20.230092"
5962,"Sevan",5.2,10.9,"Cold ❄️","2026-03-19 13:53:21.835338"
5963,"Ijevan",8.1,6.3,"Cold ❄️","2026-03-19 13:53:23.704223"
5964,"Armavir",14.8,2.6,"Mild 🌤","2026-03-19 13:53:25.85183"
5965,"Artashat",15.6,15.3,"Mild 🌤","2026-03-19 13:53:26.950234"
5966,"Sisian",7.3,12.9,"Cold ❄️","2026-03-19 13:53:28.206511"
5980,"Yerevan",14.1,2.4,"Mild 🌤","2026-03-19 13:53:48.069484"
5981,"Gyumri",7.0,5.2,"Cold ❄️","2026-03-19 13:53:49.608964"
5982,"Vanadzor",6.7,12.2,"Cold ❄️","2026-03-19 13:53:50.738672"
5983,"Dilijan",7.3,9.6,"Cold ❄️","2026-03-19 13:53:51.862175"
5984,"Hrazdan",7.5,10.0,"Cold ❄️","2026-03-19 13:53:53.243902"
5985,"Abovyan",9.2,3.1,"Cold ❄️","2026-03-19 13:53:54.319214"
5986,"Kapan",9.5,9.0,"Cold ❄️","2026-03-19 13:53:56.264769"
5987,"Goris",6.6,8.7,"Cold ❄️","2026-03-19 13:53:58.414879"
5988,"Sevan",5.2,10.9,"Cold ❄️","2026-03-19 13:53:59.854778"
5989,"Ijevan",8.1,6.3,"Cold ❄️","2026-03-19 13:54:01.485865"
5990,"Armavir",14.8,2.6,"Mild 🌤","2026-03-19 13:54:02.405631"
5991,"Artashat",15.6,15.3,"Mild 🌤","2026-03-19 13:54:03.822746"
5992,"Sisian",7.3,12.9,"Cold ❄️","2026-03-19 13:54:06.200691"
5993,"Yerevan",14.1,2.4,"Mild 🌤","2026-03-19 13:54:07.73196"
5994,"Gyumri",7.0,5.2,"Cold ❄️","2026-03-19 13:54:08.965553"
5995,"Vanadzor",6.7,12.2,"Cold ❄️","2026-03-19 13:54:10.395478"
5996,"Dilijan",7.3,9.6,"Cold ❄️","2026-03-19 13:54:11.725695"
5997,"Hrazdan",7.5,10.0,"Cold ❄️","2026-03-19 13:54:12.955798"
5998,"Abovyan",9.2,3.1,"Cold ❄️","2026-03-19 13:54:14.287736"
5999,"Kapan",9.5,9.0,"Cold ❄️","2026-03-19 13:54:15.854377"
6000,"Goris",6.6,8.7,"Cold ❄️","2026-03-19 13:54:17.83661"
6001,"Sevan",5.2,10.9,"Cold ❄️","2026-03-19 13:54:19.407089"
6002,"Ijevan",8.1,6.3,"Cold ❄️","2026-03-19 13:54:20.742148"
6003,"Armavir",14.8,2.6,"Mild 🌤","2026-03-19 13:54:21.761486"
6004,"Artashat",15.6,15.3,"Mild 🌤","2026-03-19 13:54:22.785064"
6005,"Sisian",7.3,12.9,"Cold ❄️","2026-03-19 13:54:24.224035"
6019,"Yerevan",14.1,2.4,"Mild 🌤","2026-03-19 13:54:44.096082"
6020,"Gyumri",7.0,5.2,"Cold ❄️","2026-03-19 13:54:44.90491"
6021,"Vanadzor",6.7,12.2,"Cold ❄️","2026-03-19 13:54:46.237137"
6022,"Dilijan",7.3,9.6,"Cold ❄️","2026-03-19 13:54:47.566574"
6023,"Hrazdan",7.5,10.0,"Cold ❄️","2026-03-19 13:54:49.820672"
6024,"Abovyan",9.2,3.1,"Cold ❄️","2026-03-19 13:54:50.697062"
6025,"Kapan",9.5,9.0,"Cold ❄️","2026-03-19 13:54:51.827027"
6026,"Goris",6.6,8.7,"Cold ❄️","2026-03-19 13:54:52.790087"
6027,"Sevan",5.2,10.9,"Cold ❄️","2026-03-19 13:54:54.021299"
6028,"Ijevan",8.1,6.3,"Cold ❄️","2026-03-19 13:54:55.456651"
6029,"Armavir",14.8,2.6,"Mild 🌤","2026-03-19 13:54:56.685364"
6030,"Artashat",15.6,15.3,"Mild 🌤","2026-03-19 13:54:58.217079"
6031,"Sisian",7.3,12.9,"Cold ❄️","2026-03-19 13:54:59.822487"
6032,"Yerevan",14.1,2.4,"Mild 🌤","2026-03-19 13:55:01.185839"
6033,"Gyumri",7.0,5.2,"Cold ❄️","2026-03-19 13:55:05.588989"
6034,"Vanadzor",6.7,12.2,"Cold ❄️","2026-03-19 13:55:07.887059"
6035,"Dilijan",7.3,9.6,"Cold ❄️","2026-03-19 13:55:09.588095"
6036,"Hrazdan",7.5,10.0,"Cold ❄️","2026-03-19 13:55:10.859992"
6037,"Abovyan",9.2,3.1,"Cold ❄️","2026-03-19 13:55:11.309453"
6038,"Kapan",9.5,9.0,"Cold ❄️","2026-03-19 13:55:12.757127"
6039,"Goris",6.6,8.7,"Cold ❄️","2026-03-19 13:55:14.090168"
6040,"Sevan",5.2,10.9,"Cold ❄️","2026-03-19 13:55:15.117382"
6041,"Ijevan",8.1,6.3,"Cold ❄️","2026-03-19 13:55:17.677422"
6042,"Armavir",14.8,2.6,"Mild 🌤","2026-03-19 13:55:19.109038"
6043,"Artashat",15.6,15.3,"Mild 🌤","2026-03-19 13:55:20.644303"
6044,"Sisian",7.3,12.9,"Cold ❄️","2026-03-19 13:55:21.838433"
6058,"Yerevan",14.1,2.4,"Mild 🌤","2026-03-19 13:55:39.077989"
6059,"Gyumri",7.0,5.2,"Cold ❄️","2026-03-19 13:55:39.884998"
6060,"Vanadzor",6.7,12.2,"Cold ❄️","2026-03-19 13:55:41.020713"
6061,"Dilijan",7.3,9.6,"Cold ❄️","2026-03-19 13:55:41.948467"
6062,"Hrazdan",7.5,10.0,"Cold ❄️","2026-03-19 13:55:44.195358"
6063,"Abovyan",9.2,3.1,"Cold ❄️","2026-03-19 13:55:46.244494"
6064,"Kapan",9.5,9.0,"Cold ❄️","2026-03-19 13:55:48.295745"
6065,"Goris",6.6,8.7,"Cold ❄️","2026-03-19 13:55:49.626689"
6066,"Sevan",5.2,10.9,"Cold ❄️","2026-03-19 13:55:50.859368"
6067,"Ijevan",8.1,6.3,"Cold ❄️","2026-03-19 13:55:51.854343"
6068,"Armavir",14.8,2.6,"Mild 🌤","2026-03-19 13:55:53.620348"
6069,"Artashat",15.6,15.3,"Mild 🌤","2026-03-19 13:55:54.645082"
6070,"Sisian",7.3,12.9,"Cold ❄️","2026-03-19 13:55:56.025814"
6071,"Yerevan",14.1,2.4,"Mild 🌤","2026-03-19 13:55:57.51008"
6072,"Gyumri",7.0,5.2,"Cold ❄️","2026-03-19 13:55:58.429234"
6073,"Vanadzor",6.7,12.2,"Cold ❄️","2026-03-19 13:55:59.76487"
6074,"Dilijan",7.3,9.6,"Cold ❄️","2026-03-19 13:56:00.99021"
6075,"Hrazdan",7.5,10.0,"Cold ❄️","2026-03-19 13:56:02.219553"
6076,"Abovyan",9.2,3.1,"Cold ❄️","2026-03-19 13:56:03.758138"
6077,"Kapan",9.5,9.0,"Cold ❄️","2026-03-19 13:56:04.777736"
6078,"Goris",6.6,8.7,"Cold ❄️","2026-03-19 13:56:05.871114"
6079,"Sevan",5.2,10.9,"Cold ❄️","2026-03-19 13:56:07.235528"
6080,"Ijevan",8.1,6.3,"Cold ❄️","2026-03-19 13:56:09.489793"
6081,"Armavir",14.8,2.6,"Mild 🌤","2026-03-19 13:56:11.023842"
6082,"Artashat",15.6,15.3,"Mild 🌤","2026-03-19 13:56:12.989265"
5967,"Yerevan",14.1,2.4,"Mild 🌤","2026-03-19 13:53:29.403672"
5968,"Gyumri",7.0,5.2,"Cold ❄️","2026-03-19 13:53:30.662353"
5969,"Vanadzor",6.7,12.2,"Cold ❄️","2026-03-19 13:53:31.997371"
5970,"Dilijan",7.3,9.6,"Cold ❄️","2026-03-19 13:53:33.529767"
5971,"Hrazdan",7.5,10.0,"Cold ❄️","2026-03-19 13:53:36.194155"
5972,"Abovyan",9.2,3.1,"Cold ❄️","2026-03-19 13:53:37.422269"
5973,"Kapan",9.5,9.0,"Cold ❄️","2026-03-19 13:53:38.757076"
5974,"Goris",6.6,8.7,"Cold ❄️","2026-03-19 13:53:39.915785"
5975,"Sevan",5.2,10.9,"Cold ❄️","2026-03-19 13:53:41.317471"
5976,"Ijevan",8.1,6.3,"Cold ❄️","2026-03-19 13:53:42.440429"
5977,"Armavir",14.8,2.6,"Mild 🌤","2026-03-19 13:53:43.85458"
5978,"Artashat",15.6,15.3,"Mild 🌤","2026-03-19 13:53:45.029264"
5979,"Sisian",7.3,12.9,"Cold ❄️","2026-03-19 13:53:46.743516"
6006,"Yerevan",14.1,2.4,"Mild 🌤","2026-03-19 13:54:25.833563"
6007,"Gyumri",7.0,5.2,"Cold ❄️","2026-03-19 13:54:27.398002"
6008,"Vanadzor",6.7,12.2,"Cold ❄️","2026-03-19 13:54:28.83149"
6009,"Dilijan",7.3,9.6,"Cold ❄️","2026-03-19 13:54:29.870781"
6010,"Hrazdan",7.5,10.0,"Cold ❄️","2026-03-19 13:54:31.699419"
6011,"Abovyan",9.2,3.1,"Cold ❄️","2026-03-19 13:54:32.511789"
6012,"Kapan",9.5,9.0,"Cold ❄️","2026-03-19 13:54:33.960376"
6013,"Goris",6.6,8.7,"Cold ❄️","2026-03-19 13:54:35.895041"
6014,"Sevan",5.2,10.9,"Cold ❄️","2026-03-19 13:54:37.021225"
6015,"Ijevan",8.1,6.3,"Cold ❄️","2026-03-19 13:54:39.437153"
6016,"Armavir",14.8,2.6,"Mild 🌤","2026-03-19 13:54:40.198206"
6017,"Artashat",15.6,15.3,"Mild 🌤","2026-03-19 13:54:41.631275"
6018,"Sisian",7.3,12.9,"Cold ❄️","2026-03-19 13:54:43.06436"
6045,"Yerevan",14.1,2.4,"Mild 🌤","2026-03-19 13:55:22.896309"
6046,"Gyumri",7.0,5.2,"Cold ❄️","2026-03-19 13:55:23.887304"
6047,"Vanadzor",6.7,12.2,"Cold ❄️","2026-03-19 13:55:24.852887"
6048,"Dilijan",7.3,9.6,"Cold ❄️","2026-03-19 13:55:25.967071"
6049,"Hrazdan",7.5,10.0,"Cold ❄️","2026-03-19 13:55:27.508249"
6050,"Abovyan",9.2,3.1,"Cold ❄️","2026-03-19 13:55:29.044471"
6051,"Kapan",9.5,9.0,"Cold ❄️","2026-03-19 13:55:30.579639"
6052,"Goris",6.6,8.7,"Cold ❄️","2026-03-19 13:55:31.886367"
6053,"Sevan",5.2,10.9,"Cold ❄️","2026-03-19 13:55:33.135778"
6054,"Ijevan",8.1,6.3,"Cold ❄️","2026-03-19 13:55:34.896684"
6055,"Armavir",14.8,2.6,"Mild 🌤","2026-03-19 13:55:35.724927"
6056,"Artashat",15.6,15.3,"Mild 🌤","2026-03-19 13:55:36.413123"
6057,"Sisian",7.3,12.9,"Cold ❄️","2026-03-19 13:55:37.838665"
6084,"Yerevan",14.1,2.4,"Mild 🌤","2026-03-19 13:56:15.735222"
6085,"Gyumri",7.0,5.2,"Cold ❄️","2026-03-19 13:56:16.973951"
6086,"Vanadzor",6.7,12.2,"Cold ❄️","2026-03-19 13:56:19.046462"
6087,"Dilijan",7.3,9.6,"Cold ❄️","2026-03-19 13:56:20.347104"
6088,"Hrazdan",7.5,10.0,"Cold ❄️","2026-03-19 13:56:21.589022"
6089,"Abovyan",9.2,3.1,"Cold ❄️","2026-03-19 13:56:22.392665"
6090,"Kapan",9.5,9.0,"Cold ❄️","2026-03-19 13:56:23.721775"
6091,"Goris",6.6,8.7,"Cold ❄️","2026-03-19 13:56:24.643629"
6092,"Sevan",5.2,10.9,"Cold ❄️","2026-03-19 13:56:26.181605"
6093,"Ijevan",8.1,6.3,"Cold ❄️","2026-03-19 13:56:27.728829"
6094,"Armavir",14.8,2.6,"Mild 🌤","2026-03-19 13:56:29.456223"
6095,"Artashat",15.6,15.3,"Mild 🌤","2026-03-19 13:56:30.68539"
6096,"Sisian",7.3,12.9,"Cold ❄️","2026-03-19 13:56:31.854775"
6123,"Yerevan",14.1,2.4,"Mild 🌤","2026-03-19 13:56:47.852814"
6124,"Gyumri",7.0,5.2,"Cold ❄️","2026-03-19 13:56:49.428656"
6125,"Vanadzor",6.7,12.2,"Cold ❄️","2026-03-19 13:56:50.764036"
6126,"Dilijan",7.3,9.6,"Cold ❄️","2026-03-19 13:56:51.88602"
6127,"Hrazdan",7.5,10.0,"Cold ❄️","2026-03-19 13:56:52.872703"
6128,"Abovyan",9.2,3.1,"Cold ❄️","2026-03-19 13:56:54.246158"
6129,"Kapan",9.5,9.0,"Cold ❄️","2026-03-19 13:56:55.586465"
6130,"Goris",6.6,8.7,"Cold ❄️","2026-03-19 13:56:56.102208"
6131,"Sevan",5.2,10.9,"Cold ❄️","2026-03-19 13:56:56.385782"
6132,"Ijevan",8.1,6.3,"Cold ❄️","2026-03-19 13:56:56.72932"
6133,"Armavir",14.8,2.6,"Mild 🌤","2026-03-19 13:56:57.011724"
6134,"Artashat",15.6,15.3,"Mild 🌤","2026-03-19 13:56:57.298444"
6135,"Sisian",7.3,12.9,"Cold ❄️","2026-03-19 13:56:57.581393"
6162,"Yerevan",14.1,2.4,"Mild 🌤","2026-03-19 13:56:57.911491"
6163,"Gyumri",7.0,5.2,"Cold ❄️","2026-03-19 13:56:58.231307"
6164,"Vanadzor",6.7,12.2,"Cold ❄️","2026-03-19 13:56:58.565378"
6165,"Dilijan",7.3,9.6,"Cold ❄️","2026-03-19 13:56:58.88438"
6166,"Hrazdan",7.5,10.0,"Cold ❄️","2026-03-19 13:56:59.180736"
6167,"Abovyan",9.2,3.1,"Cold ❄️","2026-03-19 13:56:59.564607"
6168,"Kapan",9.5,9.0,"Cold ❄️","2026-03-19 13:56:59.858086"
6169,"Goris",6.6,8.7,"Cold ❄️","2026-03-19 13:57:00.137145"
6170,"Sevan",5.2,10.9,"Cold ❄️","2026-03-19 13:57:00.602504"
6171,"Ijevan",8.1,6.3,"Cold ❄️","2026-03-19 13:57:00.898718"
6172,"Armavir",14.8,2.6,"Mild 🌤","2026-03-19 13:57:01.184798"
6173,"Artashat",15.6,15.3,"Mild 🌤","2026-03-19 13:57:01.469061"
6174,"Sisian",7.3,12.9,"Cold ❄️","2026-03-19 13:57:01.733475"
6201,"Yerevan",14.1,2.4,"Mild 🌤","2026-03-19 13:56:57.941898"
6202,"Gyumri",7.0,5.2,"Cold ❄️","2026-03-19 13:56:58.254408"
6203,"Vanadzor",6.7,12.2,"Cold ❄️","2026-03-19 13:56:58.591638"
6204,"Dilijan",7.3,9.6,"Cold ❄️","2026-03-19 13:56:58.898373"
6205,"Hrazdan",7.5,10.0,"Cold ❄️","2026-03-19 13:56:59.230853"
6206,"Abovyan",9.2,3.1,"Cold ❄️","2026-03-19 13:56:59.6512"
6207,"Kapan",9.5,9.0,"Cold ❄️","2026-03-19 13:56:59.990607"
6208,"Goris",6.6,8.7,"Cold ❄️","2026-03-19 13:57:00.307952"
6209,"Sevan",5.2,10.9,"Cold ❄️","2026-03-19 13:57:00.70637"
6210,"Ijevan",8.1,6.3,"Cold ❄️","2026-03-19 13:57:01.000552"
6211,"Armavir",14.8,2.6,"Mild 🌤","2026-03-19 13:57:01.304248"
6212,"Artashat",15.6,15.3,"Mild 🌤","2026-03-19 13:57:01.600039"
6213,"Sisian",7.3,12.9,"Cold ❄️","2026-03-19 13:57:01.88082"
6240,"Yerevan",14.1,2.4,"Mild 🌤","2026-03-19 13:57:02.024882"
6241,"Gyumri",7.0,5.2,"Cold ❄️","2026-03-19 13:57:02.298128"
6242,"Vanadzor",6.7,12.2,"Cold ❄️","2026-03-19 13:57:02.644546"
6243,"Dilijan",7.3,9.6,"Cold ❄️","2026-03-19 13:57:02.925189"
6244,"Hrazdan",7.5,10.0,"Cold ❄️","2026-03-19 13:57:03.239241"
6245,"Abovyan",9.2,3.1,"Cold ❄️","2026-03-19 13:57:03.543077"
6083,"Sisian",7.3,12.9,"Cold ❄️","2026-03-19 13:56:13.995856"
6110,"Yerevan",14.1,2.4,"Mild 🌤","2026-03-19 13:56:47.85489"
6111,"Gyumri",7.0,5.2,"Cold ❄️","2026-03-19 13:56:49.424923"
6112,"Vanadzor",6.7,12.2,"Cold ❄️","2026-03-19 13:56:50.761081"
6113,"Dilijan",7.3,9.6,"Cold ❄️","2026-03-19 13:56:51.887889"
6114,"Hrazdan",7.5,10.0,"Cold ❄️","2026-03-19 13:56:52.869706"
6115,"Abovyan",9.2,3.1,"Cold ❄️","2026-03-19 13:56:54.242374"
6116,"Kapan",9.5,9.0,"Cold ❄️","2026-03-19 13:56:55.582121"
6117,"Goris",6.6,8.7,"Cold ❄️","2026-03-19 13:56:56.092731"
6118,"Sevan",5.2,10.9,"Cold ❄️","2026-03-19 13:56:56.382132"
6119,"Ijevan",8.1,6.3,"Cold ❄️","2026-03-19 13:56:56.672493"
6120,"Armavir",14.8,2.6,"Mild 🌤","2026-03-19 13:56:56.995598"
6121,"Artashat",15.6,15.3,"Mild 🌤","2026-03-19 13:56:57.288567"
6122,"Sisian",7.3,12.9,"Cold ❄️","2026-03-19 13:56:57.557884"
6149,"Yerevan",14.1,2.4,"Mild 🌤","2026-03-19 13:56:57.927053"
6150,"Gyumri",7.0,5.2,"Cold ❄️","2026-03-19 13:56:58.260746"
6151,"Vanadzor",6.7,12.2,"Cold ❄️","2026-03-19 13:56:58.594277"
6152,"Dilijan",7.3,9.6,"Cold ❄️","2026-03-19 13:56:58.89152"
6153,"Hrazdan",7.5,10.0,"Cold ❄️","2026-03-19 13:56:59.227232"
6154,"Abovyan",9.2,3.1,"Cold ❄️","2026-03-19 13:56:59.568088"
6155,"Kapan",9.5,9.0,"Cold ❄️","2026-03-19 13:56:59.863901"
6156,"Goris",6.6,8.7,"Cold ❄️","2026-03-19 13:57:00.164339"
6157,"Sevan",5.2,10.9,"Cold ❄️","2026-03-19 13:57:00.534086"
6158,"Ijevan",8.1,6.3,"Cold ❄️","2026-03-19 13:57:00.864543"
6159,"Armavir",14.8,2.6,"Mild 🌤","2026-03-19 13:57:01.129171"
6160,"Artashat",15.6,15.3,"Mild 🌤","2026-03-19 13:57:01.404002"
6161,"Sisian",7.3,12.9,"Cold ❄️","2026-03-19 13:57:01.676843"
6188,"Yerevan",14.1,2.4,"Mild 🌤","2026-03-19 13:56:57.938788"
6189,"Gyumri",7.0,5.2,"Cold ❄️","2026-03-19 13:56:58.257614"
6190,"Vanadzor",6.7,12.2,"Cold ❄️","2026-03-19 13:56:58.587918"
6191,"Dilijan",7.3,9.6,"Cold ❄️","2026-03-19 13:56:58.894047"
6192,"Hrazdan",7.5,10.0,"Cold ❄️","2026-03-19 13:56:59.233498"
6193,"Abovyan",9.2,3.1,"Cold ❄️","2026-03-19 13:56:59.660379"
6194,"Kapan",9.5,9.0,"Cold ❄️","2026-03-19 13:56:59.989319"
6195,"Goris",6.6,8.7,"Cold ❄️","2026-03-19 13:57:00.310066"
6196,"Sevan",5.2,10.9,"Cold ❄️","2026-03-19 13:57:00.663898"
6197,"Ijevan",8.1,6.3,"Cold ❄️","2026-03-19 13:57:00.937378"
6198,"Armavir",14.8,2.6,"Mild 🌤","2026-03-19 13:57:01.219561"
6199,"Artashat",15.6,15.3,"Mild 🌤","2026-03-19 13:57:01.504787"
6200,"Sisian",7.3,12.9,"Cold ❄️","2026-03-19 13:57:01.789886"
6227,"Yerevan",14.1,2.4,"Mild 🌤","2026-03-19 13:57:02.04406"
6228,"Gyumri",7.0,5.2,"Cold ❄️","2026-03-19 13:57:02.312033"
6229,"Vanadzor",6.7,12.2,"Cold ❄️","2026-03-19 13:57:02.640851"
6230,"Dilijan",7.3,9.6,"Cold ❄️","2026-03-19 13:57:02.91551"
6231,"Hrazdan",7.5,10.0,"Cold ❄️","2026-03-19 13:57:03.235107"
6232,"Abovyan",9.2,3.1,"Cold ❄️","2026-03-19 13:57:03.52666"
6233,"Kapan",9.5,9.0,"Cold ❄️","2026-03-19 13:57:03.891844"
6234,"Goris",6.6,8.7,"Cold ❄️","2026-03-19 13:57:04.170819"
6235,"Sevan",5.2,10.9,"Cold ❄️","2026-03-19 13:57:04.464902"
6236,"Ijevan",8.1,6.3,"Cold ❄️","2026-03-19 13:57:04.725511"
6237,"Armavir",14.8,2.6,"Mild 🌤","2026-03-19 13:57:05.070642"
6238,"Artashat",15.6,15.3,"Mild 🌤","2026-03-19 13:57:05.361938"
6239,"Sisian",7.3,12.9,"Cold ❄️","2026-03-19 13:57:05.67789"
6266,"Yerevan",14.1,2.4,"Mild 🌤","2026-03-19 13:57:05.838189"
6267,"Gyumri",7.0,5.2,"Cold ❄️","2026-03-19 13:57:06.133276"
6268,"Vanadzor",6.7,12.2,"Cold ❄️","2026-03-19 13:57:06.426633"
6269,"Dilijan",7.3,9.6,"Cold ❄️","2026-03-19 13:57:06.724557"
6270,"Hrazdan",7.5,10.0,"Cold ❄️","2026-03-19 13:57:07.016491"
6271,"Abovyan",9.2,3.1,"Cold ❄️","2026-03-19 13:57:07.343792"
6272,"Kapan",9.5,9.0,"Cold ❄️","2026-03-19 13:57:07.633952"
6273,"Goris",6.6,8.7,"Cold ❄️","2026-03-19 13:57:07.914427"
6274,"Sevan",5.2,10.9,"Cold ❄️","2026-03-19 13:57:08.188649"
6275,"Ijevan",8.1,6.3,"Cold ❄️","2026-03-19 13:57:08.463495"
6276,"Armavir",14.8,2.6,"Mild 🌤","2026-03-19 13:57:08.756066"
6277,"Artashat",15.6,15.3,"Mild 🌤","2026-03-19 13:57:09.021337"
6278,"Sisian",7.3,12.9,"Cold ❄️","2026-03-19 13:57:09.314146"
6303,"Yerevan",14.1,2.4,"Mild 🌤","2026-03-19 13:57:09.843651"
6304,"Gyumri",7.0,5.2,"Cold ❄️","2026-03-19 13:57:10.144666"
6305,"Vanadzor",6.7,12.2,"Cold ❄️","2026-03-19 13:57:10.417771"
6306,"Dilijan",7.3,9.6,"Cold ❄️","2026-03-19 13:57:10.951278"
6307,"Hrazdan",7.5,10.0,"Cold ❄️","2026-03-19 13:57:11.214615"
6308,"Abovyan",9.2,3.1,"Cold ❄️","2026-03-19 13:57:11.516131"
6309,"Kapan",9.5,9.0,"Cold ❄️","2026-03-19 13:57:11.776292"
6310,"Goris",6.6,8.7,"Cold ❄️","2026-03-19 13:57:12.042097"
6311,"Sevan",5.2,10.9,"Cold ❄️","2026-03-19 13:57:12.309888"
6312,"Ijevan",8.1,6.3,"Cold ❄️","2026-03-19 13:57:12.595028"
6313,"Armavir",14.8,2.6,"Mild 🌤","2026-03-19 13:57:12.861925"
6314,"Artashat",15.6,15.3,"Mild 🌤","2026-03-19 13:57:13.172679"
6315,"Sisian",7.3,12.9,"Cold ❄️","2026-03-19 13:57:13.437302"
6342,"Yerevan",14.1,2.4,"Mild 🌤","2026-03-19 13:57:50.864664"
6343,"Gyumri",7.0,5.2,"Cold ❄️","2026-03-19 13:57:52.202993"
6344,"Vanadzor",6.7,12.2,"Cold ❄️","2026-03-19 13:57:53.427626"
6345,"Dilijan",7.3,9.6,"Cold ❄️","2026-03-19 13:57:54.654687"
6346,"Hrazdan",7.5,10.0,"Cold ❄️","2026-03-19 13:57:56.088104"
6347,"Abovyan",9.2,3.1,"Cold ❄️","2026-03-19 13:57:57.1249"
6348,"Kapan",9.5,9.0,"Cold ❄️","2026-03-19 13:57:58.343045"
6349,"Goris",6.6,8.7,"Cold ❄️","2026-03-19 13:57:59.572034"
6350,"Sevan",5.2,10.9,"Cold ❄️","2026-03-19 13:58:01.827841"
6351,"Ijevan",8.1,6.3,"Cold ❄️","2026-03-19 13:58:03.884492"
6352,"Armavir",14.8,2.6,"Mild 🌤","2026-03-19 13:58:05.871782"
6353,"Artashat",15.6,15.3,"Mild 🌤","2026-03-19 13:58:06.215734"
6354,"Sisian",7.3,12.9,"Cold ❄️","2026-03-19 13:58:06.495209"
6380,"Yerevan",14.1,2.4,"Mild 🌤","2026-03-19 13:58:21.512243"
6381,"Gyumri",7.0,5.2,"Cold ❄️","2026-03-19 13:58:21.900683"
6382,"Vanadzor",6.7,12.2,"Cold ❄️","2026-03-19 13:58:22.917944"
6383,"Dilijan",7.3,9.6,"Cold ❄️","2026-03-19 13:58:23.23972"
6384,"Hrazdan",7.5,10.0,"Cold ❄️","2026-03-19 13:58:23.49182"
6097,"Yerevan",14.1,2.4,"Mild 🌤","2026-03-19 13:56:33.555011"
6098,"Gyumri",7.0,5.2,"Cold ❄️","2026-03-19 13:56:34.888036"
6099,"Vanadzor",6.7,12.2,"Cold ❄️","2026-03-19 13:56:35.527974"
6100,"Dilijan",7.3,9.6,"Cold ❄️","2026-03-19 13:56:36.141841"
6101,"Hrazdan",7.5,10.0,"Cold ❄️","2026-03-19 13:56:37.346431"
6102,"Abovyan",9.2,3.1,"Cold ❄️","2026-03-19 13:56:38.059614"
6103,"Kapan",9.5,9.0,"Cold ❄️","2026-03-19 13:56:38.879778"
6104,"Goris",6.6,8.7,"Cold ❄️","2026-03-19 13:56:40.213416"
6105,"Sevan",5.2,10.9,"Cold ❄️","2026-03-19 13:56:41.442025"
6106,"Ijevan",8.1,6.3,"Cold ❄️","2026-03-19 13:56:42.646002"
6107,"Armavir",14.8,2.6,"Mild 🌤","2026-03-19 13:56:43.886438"
6108,"Artashat",15.6,15.3,"Mild 🌤","2026-03-19 13:56:45.328947"
6109,"Sisian",7.3,12.9,"Cold ❄️","2026-03-19 13:56:46.763974"
6136,"Yerevan",14.1,2.4,"Mild 🌤","2026-03-19 13:56:57.857161"
6137,"Gyumri",7.0,5.2,"Cold ❄️","2026-03-19 13:56:58.139333"
6138,"Vanadzor",6.7,12.2,"Cold ❄️","2026-03-19 13:56:58.438062"
6139,"Dilijan",7.3,9.6,"Cold ❄️","2026-03-19 13:56:58.72191"
6140,"Hrazdan",7.5,10.0,"Cold ❄️","2026-03-19 13:56:59.000496"
6141,"Abovyan",9.2,3.1,"Cold ❄️","2026-03-19 13:56:59.277026"
6142,"Kapan",9.5,9.0,"Cold ❄️","2026-03-19 13:56:59.656647"
6143,"Goris",6.6,8.7,"Cold ❄️","2026-03-19 13:56:59.97096"
6144,"Sevan",5.2,10.9,"Cold ❄️","2026-03-19 13:57:00.305878"
6145,"Ijevan",8.1,6.3,"Cold ❄️","2026-03-19 13:57:00.70479"
6146,"Armavir",14.8,2.6,"Mild 🌤","2026-03-19 13:57:00.997442"
6147,"Artashat",15.6,15.3,"Mild 🌤","2026-03-19 13:57:01.277571"
6148,"Sisian",7.3,12.9,"Cold ❄️","2026-03-19 13:57:01.562357"
6175,"Yerevan",14.1,2.4,"Mild 🌤","2026-03-19 13:56:57.92081"
6176,"Gyumri",7.0,5.2,"Cold ❄️","2026-03-19 13:56:58.233901"
6177,"Vanadzor",6.7,12.2,"Cold ❄️","2026-03-19 13:56:58.558855"
6178,"Dilijan",7.3,9.6,"Cold ❄️","2026-03-19 13:56:58.823116"
6179,"Hrazdan",7.5,10.0,"Cold ❄️","2026-03-19 13:56:59.144537"
6180,"Abovyan",9.2,3.1,"Cold ❄️","2026-03-19 13:56:59.446386"
6181,"Kapan",9.5,9.0,"Cold ❄️","2026-03-19 13:56:59.790328"
6182,"Goris",6.6,8.7,"Cold ❄️","2026-03-19 13:57:00.134748"
6183,"Sevan",5.2,10.9,"Cold ❄️","2026-03-19 13:57:00.598679"
6184,"Ijevan",8.1,6.3,"Cold ❄️","2026-03-19 13:57:00.926605"
6185,"Armavir",14.8,2.6,"Mild 🌤","2026-03-19 13:57:01.191107"
6186,"Artashat",15.6,15.3,"Mild 🌤","2026-03-19 13:57:01.478361"
6187,"Sisian",7.3,12.9,"Cold ❄️","2026-03-19 13:57:01.766114"
6214,"Yerevan",14.1,2.4,"Mild 🌤","2026-03-19 13:57:01.959499"
6215,"Gyumri",7.0,5.2,"Cold ❄️","2026-03-19 13:57:02.279436"
6216,"Vanadzor",6.7,12.2,"Cold ❄️","2026-03-19 13:57:02.59114"
6217,"Dilijan",7.3,9.6,"Cold ❄️","2026-03-19 13:57:02.874205"
6218,"Hrazdan",7.5,10.0,"Cold ❄️","2026-03-19 13:57:03.161489"
6219,"Abovyan",9.2,3.1,"Cold ❄️","2026-03-19 13:57:03.478766"
6220,"Kapan",9.5,9.0,"Cold ❄️","2026-03-19 13:57:03.774866"
6221,"Goris",6.6,8.7,"Cold ❄️","2026-03-19 13:57:04.09638"
6222,"Sevan",5.2,10.9,"Cold ❄️","2026-03-19 13:57:04.356958"
6223,"Ijevan",8.1,6.3,"Cold ❄️","2026-03-19 13:57:04.634395"
6224,"Armavir",14.8,2.6,"Mild 🌤","2026-03-19 13:57:04.995412"
6225,"Artashat",15.6,15.3,"Mild 🌤","2026-03-19 13:57:05.282118"
6226,"Sisian",7.3,12.9,"Cold ❄️","2026-03-19 13:57:05.549577"
6253,"Yerevan",14.1,2.4,"Mild 🌤","2026-03-19 13:57:02.153709"
6254,"Gyumri",7.0,5.2,"Cold ❄️","2026-03-19 13:57:02.436135"
6255,"Vanadzor",6.7,12.2,"Cold ❄️","2026-03-19 13:57:02.761067"
6256,"Dilijan",7.3,9.6,"Cold ❄️","2026-03-19 13:57:03.084961"
6257,"Hrazdan",7.5,10.0,"Cold ❄️","2026-03-19 13:57:03.387109"
6258,"Abovyan",9.2,3.1,"Cold ❄️","2026-03-19 13:57:03.663357"
6259,"Kapan",9.5,9.0,"Cold ❄️","2026-03-19 13:57:03.976785"
6260,"Goris",6.6,8.7,"Cold ❄️","2026-03-19 13:57:04.262197"
6261,"Sevan",5.2,10.9,"Cold ❄️","2026-03-19 13:57:04.53475"
6262,"Ijevan",8.1,6.3,"Cold ❄️","2026-03-19 13:57:04.832344"
6263,"Armavir",14.8,2.6,"Mild 🌤","2026-03-19 13:57:05.193576"
6264,"Artashat",15.6,15.3,"Mild 🌤","2026-03-19 13:57:05.483244"
6265,"Sisian",7.3,12.9,"Cold ❄️","2026-03-19 13:57:06.178581"
6291,"Yerevan",14.1,2.4,"Mild 🌤","2026-03-19 13:57:02.083658"
6292,"Vanadzor",6.7,12.2,"Cold ❄️","2026-03-19 13:57:07.482525"
6293,"Dilijan",7.3,9.6,"Cold ❄️","2026-03-19 13:57:07.775594"
6294,"Hrazdan",7.5,10.0,"Cold ❄️","2026-03-19 13:57:08.074577"
6295,"Abovyan",9.2,3.1,"Cold ❄️","2026-03-19 13:57:08.337577"
6296,"Kapan",9.5,9.0,"Cold ❄️","2026-03-19 13:57:08.626756"
6297,"Goris",6.6,8.7,"Cold ❄️","2026-03-19 13:57:08.896588"
6298,"Sevan",5.2,10.9,"Cold ❄️","2026-03-19 13:57:09.167321"
6299,"Ijevan",8.1,6.3,"Cold ❄️","2026-03-19 13:57:09.434936"
6300,"Armavir",14.8,2.6,"Mild 🌤","2026-03-19 13:57:09.706149"
6301,"Artashat",15.6,15.3,"Mild 🌤","2026-03-19 13:57:09.973699"
6302,"Sisian",7.3,12.9,"Cold ❄️","2026-03-19 13:57:10.311554"
6329,"Yerevan",14.1,2.4,"Mild 🌤","2026-03-19 13:57:35.513658"
6330,"Gyumri",7.0,5.2,"Cold ❄️","2026-03-19 13:57:36.326712"
6331,"Vanadzor",6.7,12.2,"Cold ❄️","2026-03-19 13:57:37.569117"
6332,"Dilijan",7.3,9.6,"Cold ❄️","2026-03-19 13:57:38.693421"
6333,"Hrazdan",7.5,10.0,"Cold ❄️","2026-03-19 13:57:39.925159"
6334,"Abovyan",9.2,3.1,"Cold ❄️","2026-03-19 13:57:41.23984"
6335,"Kapan",9.5,9.0,"Cold ❄️","2026-03-19 13:57:41.871014"
6336,"Goris",6.6,8.7,"Cold ❄️","2026-03-19 13:57:43.157158"
6337,"Sevan",5.2,10.9,"Cold ❄️","2026-03-19 13:57:44.619516"
6338,"Ijevan",8.1,6.3,"Cold ❄️","2026-03-19 13:57:45.838772"
6339,"Armavir",14.8,2.6,"Mild 🌤","2026-03-19 13:57:47.283265"
6340,"Artashat",15.6,15.3,"Mild 🌤","2026-03-19 13:57:48.613378"
6341,"Sisian",7.3,12.9,"Cold ❄️","2026-03-19 13:57:49.757988"
6367,"Yerevan",14.1,2.4,"Mild 🌤","2026-03-19 13:58:16.401867"
6368,"Gyumri",7.0,5.2,"Cold ❄️","2026-03-19 13:58:16.778254"
6369,"Vanadzor",6.7,12.2,"Cold ❄️","2026-03-19 13:58:17.140133"
6370,"Dilijan",7.3,9.6,"Cold ❄️","2026-03-19 13:58:17.434524"
6371,"Hrazdan",7.5,10.0,"Cold ❄️","2026-03-19 13:58:17.807192"
6372,"Abovyan",9.2,3.1,"Cold ❄️","2026-03-19 13:58:18.113194"
6373,"Kapan",9.5,9.0,"Cold ❄️","2026-03-19 13:58:18.402647"
6246,"Kapan",9.5,9.0,"Cold ❄️","2026-03-19 13:57:03.89477"
6247,"Goris",6.6,8.7,"Cold ❄️","2026-03-19 13:57:04.194283"
6248,"Sevan",5.2,10.9,"Cold ❄️","2026-03-19 13:57:04.49363"
6249,"Ijevan",8.1,6.3,"Cold ❄️","2026-03-19 13:57:04.787736"
6250,"Armavir",14.8,2.6,"Mild 🌤","2026-03-19 13:57:05.138113"
6251,"Artashat",15.6,15.3,"Mild 🌤","2026-03-19 13:57:05.414226"
6252,"Sisian",7.3,12.9,"Cold ❄️","2026-03-19 13:57:05.779717"
6279,"Yerevan",14.1,2.4,"Mild 🌤","2026-03-19 13:57:01.863843"
6280,"Gyumri",7.0,5.2,"Cold ❄️","2026-03-19 13:57:02.144023"
6281,"Dilijan",7.3,9.6,"Cold ❄️","2026-03-19 13:57:07.542925"
6282,"Hrazdan",7.5,10.0,"Cold ❄️","2026-03-19 13:57:07.822114"
6283,"Abovyan",9.2,3.1,"Cold ❄️","2026-03-19 13:57:08.093236"
6284,"Kapan",9.5,9.0,"Cold ❄️","2026-03-19 13:57:08.343758"
6285,"Goris",6.6,8.7,"Cold ❄️","2026-03-19 13:57:08.62285"
6286,"Sevan",5.2,10.9,"Cold ❄️","2026-03-19 13:57:08.88646"
6287,"Ijevan",8.1,6.3,"Cold ❄️","2026-03-19 13:57:09.171468"
6288,"Armavir",14.8,2.6,"Mild 🌤","2026-03-19 13:57:09.44125"
6289,"Artashat",15.6,15.3,"Mild 🌤","2026-03-19 13:57:09.722988"
6290,"Sisian",7.3,12.9,"Cold ❄️","2026-03-19 13:57:09.996847"
6316,"Yerevan",14.1,2.4,"Mild 🌤","2026-03-19 13:57:20.563307"
6317,"Gyumri",7.0,5.2,"Cold ❄️","2026-03-19 13:57:21.477752"
6318,"Vanadzor",6.7,12.2,"Cold ❄️","2026-03-19 13:57:22.182839"
6319,"Dilijan",7.3,9.6,"Cold ❄️","2026-03-19 13:57:23.422918"
6320,"Hrazdan",7.5,10.0,"Cold ❄️","2026-03-19 13:57:24.447653"
6321,"Abovyan",9.2,3.1,"Cold ❄️","2026-03-19 13:57:25.372314"
6322,"Kapan",9.5,9.0,"Cold ❄️","2026-03-19 13:57:26.293657"
6323,"Goris",6.6,8.7,"Cold ❄️","2026-03-19 13:57:27.644772"
6324,"Sevan",5.2,10.9,"Cold ❄️","2026-03-19 13:57:28.954047"
6325,"Ijevan",8.1,6.3,"Cold ❄️","2026-03-19 13:57:31.208382"
6326,"Armavir",14.8,2.6,"Mild 🌤","2026-03-19 13:57:31.921494"
6327,"Artashat",15.6,15.3,"Mild 🌤","2026-03-19 13:57:33.254733"
6328,"Sisian",7.3,12.9,"Cold ❄️","2026-03-19 13:57:34.382189"
6355,"Gyumri",7.0,5.2,"Cold ❄️","2026-03-19 13:58:12.223143"
6356,"Vanadzor",6.7,12.2,"Cold ❄️","2026-03-19 13:58:12.500266"
6357,"Dilijan",7.3,9.6,"Cold ❄️","2026-03-19 13:58:12.846762"
6358,"Hrazdan",7.5,10.0,"Cold ❄️","2026-03-19 13:58:13.192792"
6359,"Abovyan",9.2,3.1,"Cold ❄️","2026-03-19 13:58:13.55477"
6360,"Kapan",9.5,9.0,"Cold ❄️","2026-03-19 13:58:13.864437"
6361,"Goris",6.6,8.7,"Cold ❄️","2026-03-19 13:58:14.199793"
6362,"Sevan",5.2,10.9,"Cold ❄️","2026-03-19 13:58:14.485554"
6363,"Ijevan",8.1,6.3,"Cold ❄️","2026-03-19 13:58:14.817"
6364,"Armavir",14.8,2.6,"Mild 🌤","2026-03-19 13:58:15.306208"
6365,"Artashat",15.6,15.3,"Mild 🌤","2026-03-19 13:58:15.705674"
6366,"Sisian",7.3,12.9,"Cold ❄️","2026-03-19 13:58:15.975868"
6393,"Yerevan",14.1,2.4,"Mild 🌤","2026-03-19 13:58:26.685132"
6394,"Gyumri",7.0,5.2,"Cold ❄️","2026-03-19 13:58:27.124183"
6395,"Vanadzor",6.7,12.2,"Cold ❄️","2026-03-19 13:58:27.407735"
6396,"Dilijan",7.3,9.6,"Cold ❄️","2026-03-19 13:58:27.783342"
6397,"Hrazdan",7.5,10.0,"Cold ❄️","2026-03-19 13:58:28.049583"
6398,"Abovyan",9.2,3.1,"Cold ❄️","2026-03-19 13:58:28.399321"
6399,"Kapan",9.5,9.0,"Cold ❄️","2026-03-19 13:58:28.672223"
6400,"Goris",6.6,8.7,"Cold ❄️","2026-03-19 13:58:28.938421"
6401,"Sevan",5.2,10.9,"Cold ❄️","2026-03-19 13:58:29.196645"
6402,"Ijevan",8.1,6.3,"Cold ❄️","2026-03-19 13:58:29.52866"
6403,"Armavir",14.8,2.6,"Mild 🌤","2026-03-19 13:58:29.803125"
6404,"Artashat",15.6,15.3,"Mild 🌤","2026-03-19 13:58:30.171135"
6405,"Sisian",7.3,12.9,"Cold ❄️","2026-03-19 13:58:30.48624"
6432,"Yerevan",14.1,2.4,"Mild 🌤","2026-03-19 13:58:56.451516"
6433,"Gyumri",7.0,5.2,"Cold ❄️","2026-03-19 13:58:58.628825"
6434,"Vanadzor",6.7,12.2,"Cold ❄️","2026-03-19 13:58:59.887667"
6435,"Dilijan",7.3,9.6,"Cold ❄️","2026-03-19 13:59:00.860916"
6436,"Hrazdan",7.5,10.0,"Cold ❄️","2026-03-19 13:59:01.870663"
6437,"Abovyan",9.2,3.1,"Cold ❄️","2026-03-19 13:59:03.368242"
6438,"Kapan",9.5,9.0,"Cold ❄️","2026-03-19 13:59:04.497959"
6439,"Goris",6.6,8.7,"Cold ❄️","2026-03-19 13:59:05.8388"
6440,"Sevan",5.2,10.9,"Cold ❄️","2026-03-19 13:59:06.952565"
6441,"Ijevan",8.1,6.3,"Cold ❄️","2026-03-19 13:59:07.829432"
6442,"Armavir",14.8,2.6,"Mild 🌤","2026-03-19 13:59:08.896521"
6443,"Artashat",15.6,15.3,"Mild 🌤","2026-03-19 13:59:09.871094"
6444,"Sisian",7.3,12.9,"Cold ❄️","2026-03-19 13:59:11.149755"
6471,"Yerevan",14.1,2.4,"Mild 🌤","2026-03-19 13:59:39.409865"
6472,"Gyumri",7.0,5.2,"Cold ❄️","2026-03-19 13:59:39.756383"
6473,"Vanadzor",6.7,12.2,"Cold ❄️","2026-03-19 13:59:40.027818"
6474,"Dilijan",7.3,9.6,"Cold ❄️","2026-03-19 13:59:40.365211"
6475,"Hrazdan",7.5,10.0,"Cold ❄️","2026-03-19 13:59:40.640216"
6476,"Abovyan",9.2,3.1,"Cold ❄️","2026-03-19 13:59:40.905729"
6477,"Kapan",9.5,9.0,"Cold ❄️","2026-03-19 13:59:41.171486"
6478,"Goris",6.6,8.7,"Cold ❄️","2026-03-19 13:59:41.531575"
6479,"Sevan",5.2,10.9,"Cold ❄️","2026-03-19 13:59:41.841121"
6480,"Ijevan",8.1,6.3,"Cold ❄️","2026-03-19 13:59:42.162287"
6481,"Armavir",14.8,2.6,"Mild 🌤","2026-03-19 13:59:42.445976"
6482,"Artashat",15.6,15.3,"Mild 🌤","2026-03-19 13:59:42.832653"
6483,"Sisian",7.3,12.9,"Cold ❄️","2026-03-19 13:59:43.109552"
6510,"Yerevan",14.1,2.4,"Mild 🌤","2026-03-19 13:59:52.274612"
6511,"Gyumri",7.0,5.2,"Cold ❄️","2026-03-19 13:59:52.543549"
6512,"Vanadzor",6.7,12.2,"Cold ❄️","2026-03-19 13:59:52.871743"
6513,"Dilijan",7.3,9.6,"Cold ❄️","2026-03-19 13:59:53.216679"
6514,"Hrazdan",7.5,10.0,"Cold ❄️","2026-03-19 13:59:53.477103"
6515,"Abovyan",9.2,3.1,"Cold ❄️","2026-03-19 13:59:53.739062"
6516,"Kapan",9.5,9.0,"Cold ❄️","2026-03-19 13:59:53.990804"
6517,"Goris",6.6,8.7,"Cold ❄️","2026-03-19 13:59:54.277903"
6518,"Sevan",5.2,10.9,"Cold ❄️","2026-03-19 13:59:54.8777"
6519,"Ijevan",8.1,6.3,"Cold ❄️","2026-03-19 13:59:55.125979"
6520,"Armavir",14.8,2.6,"Mild 🌤","2026-03-19 13:59:55.41063"
6521,"Artashat",15.6,15.3,"Mild 🌤","2026-03-19 13:59:55.659802"
6522,"Sisian",7.3,12.9,"Cold ❄️","2026-03-19 13:59:55.907306"
6541,"Gyumri",6.4,3.4,"Cold ❄️","2026-03-19 14:30:05.182415"
6374,"Goris",6.6,8.7,"Cold ❄️","2026-03-19 13:58:18.683033"
6375,"Sevan",5.2,10.9,"Cold ❄️","2026-03-19 13:58:18.977954"
6376,"Ijevan",8.1,6.3,"Cold ❄️","2026-03-19 13:58:19.289853"
6377,"Armavir",14.8,2.6,"Mild 🌤","2026-03-19 13:58:20.652816"
6378,"Artashat",15.6,15.3,"Mild 🌤","2026-03-19 13:58:20.903534"
6379,"Sisian",7.3,12.9,"Cold ❄️","2026-03-19 13:58:21.184994"
6406,"Yerevan",14.1,2.4,"Mild 🌤","2026-03-19 13:58:30.791765"
6407,"Gyumri",7.0,5.2,"Cold ❄️","2026-03-19 13:58:31.099963"
6408,"Vanadzor",6.7,12.2,"Cold ❄️","2026-03-19 13:58:31.374756"
6409,"Dilijan",7.3,9.6,"Cold ❄️","2026-03-19 13:58:31.689705"
6410,"Hrazdan",7.5,10.0,"Cold ❄️","2026-03-19 13:58:31.968181"
6411,"Abovyan",9.2,3.1,"Cold ❄️","2026-03-19 13:58:32.296075"
6412,"Kapan",9.5,9.0,"Cold ❄️","2026-03-19 13:58:32.595531"
6413,"Goris",6.6,8.7,"Cold ❄️","2026-03-19 13:58:32.857252"
6414,"Sevan",5.2,10.9,"Cold ❄️","2026-03-19 13:58:33.248581"
6415,"Ijevan",8.1,6.3,"Cold ❄️","2026-03-19 13:58:33.517752"
6416,"Armavir",14.8,2.6,"Mild 🌤","2026-03-19 13:58:33.830058"
6417,"Artashat",15.6,15.3,"Mild 🌤","2026-03-19 13:58:34.144091"
6418,"Sisian",7.3,12.9,"Cold ❄️","2026-03-19 13:58:34.548932"
6445,"Yerevan",14.1,2.4,"Mild 🌤","2026-03-19 13:59:11.970319"
6446,"Gyumri",7.0,5.2,"Cold ❄️","2026-03-19 13:59:13.296599"
6447,"Vanadzor",6.7,12.2,"Cold ❄️","2026-03-19 13:59:14.633928"
6448,"Dilijan",7.3,9.6,"Cold ❄️","2026-03-19 13:59:15.822634"
6449,"Hrazdan",7.5,10.0,"Cold ❄️","2026-03-19 13:59:17.19116"
6450,"Abovyan",9.2,3.1,"Cold ❄️","2026-03-19 13:59:18.329428"
6451,"Kapan",9.5,9.0,"Cold ❄️","2026-03-19 13:59:19.751962"
6452,"Goris",6.6,8.7,"Cold ❄️","2026-03-19 13:59:20.776517"
6453,"Sevan",5.2,10.9,"Cold ❄️","2026-03-19 13:59:22.028672"
6454,"Ijevan",8.1,6.3,"Cold ❄️","2026-03-19 13:59:22.827416"
6455,"Armavir",14.8,2.6,"Mild 🌤","2026-03-19 13:59:24.051683"
6456,"Artashat",15.6,15.3,"Mild 🌤","2026-03-19 13:59:25.700487"
6457,"Sisian",7.3,12.9,"Cold ❄️","2026-03-19 13:59:26.925325"
6484,"Yerevan",14.1,2.4,"Mild 🌤","2026-03-19 13:59:43.431731"
6485,"Gyumri",7.0,5.2,"Cold ❄️","2026-03-19 13:59:43.780765"
6486,"Vanadzor",6.7,12.2,"Cold ❄️","2026-03-19 13:59:44.080946"
6487,"Dilijan",7.3,9.6,"Cold ❄️","2026-03-19 13:59:44.34514"
6488,"Hrazdan",7.5,10.0,"Cold ❄️","2026-03-19 13:59:44.615266"
6489,"Abovyan",9.2,3.1,"Cold ❄️","2026-03-19 13:59:44.884788"
6490,"Kapan",9.5,9.0,"Cold ❄️","2026-03-19 13:59:45.149315"
6491,"Goris",6.6,8.7,"Cold ❄️","2026-03-19 13:59:45.454325"
6492,"Sevan",5.2,10.9,"Cold ❄️","2026-03-19 13:59:45.818804"
6493,"Ijevan",8.1,6.3,"Cold ❄️","2026-03-19 13:59:46.065207"
6494,"Armavir",14.8,2.6,"Mild 🌤","2026-03-19 13:59:46.392205"
6495,"Artashat",15.6,15.3,"Mild 🌤","2026-03-19 13:59:46.664792"
6496,"Sisian",7.3,12.9,"Cold ❄️","2026-03-19 13:59:46.941809"
6523,"Yerevan",14.0,3.8,"Mild 🌤","2026-03-19 14:00:07.278734"
6524,"Gyumri",6.9,4.8,"Cold ❄️","2026-03-19 14:00:11.258861"
6525,"Vanadzor",6.5,12.2,"Cold ❄️","2026-03-19 14:00:14.023352"
6526,"Dilijan",7.1,9.1,"Cold ❄️","2026-03-19 14:00:16.405862"
6527,"Hrazdan",7.3,11.8,"Cold ❄️","2026-03-19 14:00:18.838266"
6528,"Abovyan",9.1,3.8,"Cold ❄️","2026-03-19 14:00:20.679939"
6529,"Kapan",9.4,8.7,"Cold ❄️","2026-03-19 14:00:22.628887"
6530,"Goris",6.5,8.4,"Cold ❄️","2026-03-19 14:00:23.969517"
6531,"Sevan",4.9,11.3,"Cold ❄️","2026-03-19 14:00:25.902514"
6532,"Ijevan",8.1,5.8,"Cold ❄️","2026-03-19 14:00:27.23318"
6533,"Armavir",14.8,2.8,"Mild 🌤","2026-03-19 14:00:28.470059"
6534,"Artashat",15.5,14.8,"Mild 🌤","2026-03-19 14:00:29.799667"
6535,"Sisian",7.0,12.3,"Cold ❄️","2026-03-19 14:00:30.719717"
6551,"Yerevan",13.6,3.4,"Mild 🌤","2026-03-19 14:30:15.952636"
6552,"Gyumri",6.4,3.4,"Cold ❄️","2026-03-19 14:30:16.227927"
6553,"Vanadzor",5.8,10.9,"Cold ❄️","2026-03-19 14:30:16.509366"
6554,"Dilijan",6.5,8.2,"Cold ❄️","2026-03-19 14:30:16.79795"
6555,"Hrazdan",6.4,12.1,"Cold ❄️","2026-03-19 14:30:17.056579"
6556,"Abovyan",8.6,2.2,"Cold ❄️","2026-03-19 14:30:17.320829"
6557,"Kapan",8.9,8.6,"Cold ❄️","2026-03-19 14:30:17.572442"
6558,"Goris",6.1,7.6,"Cold ❄️","2026-03-19 14:30:17.828544"
6559,"Sevan",4.0,11.4,"Cold ❄️","2026-03-19 14:30:18.08467"
6560,"Ijevan",7.8,5.6,"Cold ❄️","2026-03-19 14:30:18.33202"
6561,"Armavir",14.4,3.5,"Mild 🌤","2026-03-19 14:30:18.579301"
6562,"Artashat",15.0,11.6,"Mild 🌤","2026-03-19 14:30:18.826313"
6563,"Sisian",6.4,10.4,"Cold ❄️","2026-03-19 14:30:19.092502"
6590,"Yerevan",13.6,3.4,"Mild 🌤","2026-03-19 14:30:44.994701"
6591,"Gyumri",6.4,3.4,"Cold ❄️","2026-03-19 14:30:45.259751"
6592,"Vanadzor",5.8,10.9,"Cold ❄️","2026-03-19 14:30:45.530929"
6593,"Dilijan",6.5,8.2,"Cold ❄️","2026-03-19 14:30:45.806462"
6594,"Hrazdan",6.4,12.1,"Cold ❄️","2026-03-19 14:30:46.072788"
6595,"Abovyan",8.6,2.2,"Cold ❄️","2026-03-19 14:30:46.341818"
6596,"Kapan",8.9,8.6,"Cold ❄️","2026-03-19 14:30:46.61889"
6597,"Goris",6.1,7.6,"Cold ❄️","2026-03-19 14:30:46.895188"
6598,"Sevan",4.0,11.4,"Cold ❄️","2026-03-19 14:30:47.165226"
6599,"Ijevan",7.8,5.6,"Cold ❄️","2026-03-19 14:30:47.435197"
6600,"Armavir",14.4,3.5,"Mild 🌤","2026-03-19 14:30:47.699352"
6601,"Artashat",15.0,11.6,"Mild 🌤","2026-03-19 14:30:47.958047"
6602,"Sisian",6.4,10.4,"Cold ❄️","2026-03-19 14:30:48.215963"
7174,"Gyumri",6.4,3.4,"Cold ❄️","2026-03-19 14:38:19.583891"
7175,"Vanadzor",5.8,10.9,"Cold ❄️","2026-03-19 14:38:19.840154"
7176,"Dilijan",6.5,8.2,"Cold ❄️","2026-03-19 14:38:20.093351"
7177,"Hrazdan",6.4,12.1,"Cold ❄️","2026-03-19 14:38:20.343667"
7178,"Abovyan",8.6,2.2,"Cold ❄️","2026-03-19 14:38:20.601036"
7179,"Kapan",8.9,8.6,"Cold ❄️","2026-03-19 14:38:20.85618"
7180,"Goris",6.1,7.6,"Cold ❄️","2026-03-19 14:38:21.195769"
7181,"Sevan",4.0,11.4,"Cold ❄️","2026-03-19 14:38:21.488436"
7182,"Ijevan",7.8,5.6,"Cold ❄️","2026-03-19 14:38:21.744605"
7183,"Armavir",14.4,3.5,"Mild 🌤","2026-03-19 14:38:22.005844"
7184,"Artashat",15.0,11.6,"Mild 🌤","2026-03-19 14:38:22.254281"
7185,"Sisian",6.4,10.4,"Cold ❄️","2026-03-19 14:38:22.507891"
7212,"Yerevan",13.6,3.4,"Mild 🌤","2026-03-19 14:38:51.328546"
6385,"Abovyan",9.2,3.1,"Cold ❄️","2026-03-19 13:58:23.813121"
6386,"Kapan",9.5,9.0,"Cold ❄️","2026-03-19 13:58:24.179795"
6387,"Goris",6.6,8.7,"Cold ❄️","2026-03-19 13:58:24.470867"
6388,"Sevan",5.2,10.9,"Cold ❄️","2026-03-19 13:58:24.744844"
6389,"Ijevan",8.1,6.3,"Cold ❄️","2026-03-19 13:58:25.216177"
6390,"Armavir",14.8,2.6,"Mild 🌤","2026-03-19 13:58:25.644251"
6391,"Artashat",15.6,15.3,"Mild 🌤","2026-03-19 13:58:26.023681"
6392,"Sisian",7.3,12.9,"Cold ❄️","2026-03-19 13:58:26.384112"
6419,"Yerevan",14.1,2.4,"Mild 🌤","2026-03-19 13:58:41.023703"
6420,"Gyumri",7.0,5.2,"Cold ❄️","2026-03-19 13:58:42.580051"
6421,"Vanadzor",6.7,12.2,"Cold ❄️","2026-03-19 13:58:43.886881"
6422,"Dilijan",7.3,9.6,"Cold ❄️","2026-03-19 13:58:45.041047"
6423,"Hrazdan",7.5,10.0,"Cold ❄️","2026-03-19 13:58:45.958298"
6424,"Abovyan",9.2,3.1,"Cold ❄️","2026-03-19 13:58:47.391932"
6425,"Kapan",9.5,9.0,"Cold ❄️","2026-03-19 13:58:48.519218"
6426,"Goris",6.6,8.7,"Cold ❄️","2026-03-19 13:58:49.853068"
6427,"Sevan",5.2,10.9,"Cold ❄️","2026-03-19 13:58:50.977616"
6428,"Ijevan",8.1,6.3,"Cold ❄️","2026-03-19 13:58:51.798093"
6429,"Armavir",14.8,2.6,"Mild 🌤","2026-03-19 13:58:53.20484"
6430,"Artashat",15.6,15.3,"Mild 🌤","2026-03-19 13:58:54.271182"
6431,"Sisian",7.3,12.9,"Cold ❄️","2026-03-19 13:58:55.690869"
6458,"Yerevan",14.1,2.4,"Mild 🌤","2026-03-19 13:59:27.942883"
6459,"Gyumri",7.0,5.2,"Cold ❄️","2026-03-19 13:59:28.970688"
6460,"Vanadzor",6.7,12.2,"Cold ❄️","2026-03-19 13:59:30.197591"
6461,"Dilijan",7.3,9.6,"Cold ❄️","2026-03-19 13:59:31.527055"
6462,"Hrazdan",7.5,10.0,"Cold ❄️","2026-03-19 13:59:32.653212"
6463,"Abovyan",9.2,3.1,"Cold ❄️","2026-03-19 13:59:33.870825"
6464,"Kapan",9.5,9.0,"Cold ❄️","2026-03-19 13:59:35.114008"
6465,"Goris",6.6,8.7,"Cold ❄️","2026-03-19 13:59:36.62114"
6466,"Sevan",5.2,10.9,"Cold ❄️","2026-03-19 13:59:37.839135"
6467,"Ijevan",8.1,6.3,"Cold ❄️","2026-03-19 13:59:38.107073"
6468,"Armavir",14.8,2.6,"Mild 🌤","2026-03-19 13:59:38.364161"
6469,"Artashat",15.6,15.3,"Mild 🌤","2026-03-19 13:59:38.778757"
6470,"Sisian",7.3,12.9,"Cold ❄️","2026-03-19 13:59:39.072094"
6497,"Yerevan",14.1,2.4,"Mild 🌤","2026-03-19 13:59:47.283105"
6498,"Gyumri",7.0,5.2,"Cold ❄️","2026-03-19 13:59:47.563464"
6499,"Vanadzor",6.7,12.2,"Cold ❄️","2026-03-19 13:59:47.93369"
6500,"Dilijan",7.3,9.6,"Cold ❄️","2026-03-19 13:59:48.384067"
6501,"Hrazdan",7.5,10.0,"Cold ❄️","2026-03-19 13:59:48.691884"
6502,"Abovyan",9.2,3.1,"Cold ❄️","2026-03-19 13:59:48.976029"
6503,"Kapan",9.5,9.0,"Cold ❄️","2026-03-19 13:59:49.412524"
6504,"Goris",6.6,8.7,"Cold ❄️","2026-03-19 13:59:49.694733"
6505,"Sevan",5.2,10.9,"Cold ❄️","2026-03-19 13:59:49.99952"
6506,"Ijevan",8.1,6.3,"Cold ❄️","2026-03-19 13:59:50.26595"
6507,"Armavir",14.8,2.6,"Mild 🌤","2026-03-19 13:59:50.602116"
6508,"Artashat",15.6,15.3,"Mild 🌤","2026-03-19 13:59:50.908348"
6509,"Sisian",7.3,12.9,"Cold ❄️","2026-03-19 13:59:51.228843"
6536,"Yerevan",14.0,3.8,"Mild 🌤","2026-03-19 14:00:31.943006"
6537,"Gyumri",6.9,4.8,"Cold ❄️","2026-03-19 14:00:32.997035"
6538,"Vanadzor",6.5,12.2,"Cold ❄️","2026-03-19 14:00:35.737595"
6539,"Dilijan",7.1,9.1,"Cold ❄️","2026-03-19 14:00:37.270613"
6540,"Hrazdan",7.3,11.8,"Cold ❄️","2026-03-19 14:00:38.599915"
6564,"Yerevan",13.6,3.4,"Mild 🌤","2026-03-19 14:30:23.822148"
6565,"Gyumri",6.4,3.4,"Cold ❄️","2026-03-19 14:30:24.569955"
6566,"Vanadzor",5.8,10.9,"Cold ❄️","2026-03-19 14:30:25.771421"
6567,"Dilijan",6.5,8.2,"Cold ❄️","2026-03-19 14:30:26.577163"
6568,"Hrazdan",6.4,12.1,"Cold ❄️","2026-03-19 14:30:27.131252"
6569,"Abovyan",8.6,2.2,"Cold ❄️","2026-03-19 14:30:27.388844"
6570,"Kapan",8.9,8.6,"Cold ❄️","2026-03-19 14:30:27.646051"
6571,"Goris",6.1,7.6,"Cold ❄️","2026-03-19 14:30:27.903488"
6572,"Sevan",4.0,11.4,"Cold ❄️","2026-03-19 14:30:28.15416"
6573,"Ijevan",7.8,5.6,"Cold ❄️","2026-03-19 14:30:28.407932"
6574,"Armavir",14.4,3.5,"Mild 🌤","2026-03-19 14:30:28.665466"
6575,"Artashat",15.0,11.6,"Mild 🌤","2026-03-19 14:30:28.915077"
6576,"Sisian",6.4,10.4,"Cold ❄️","2026-03-19 14:30:29.165193"
7213,"Gyumri",6.4,3.4,"Cold ❄️","2026-03-19 14:38:52.764009"
7214,"Vanadzor",5.8,10.9,"Cold ❄️","2026-03-19 14:38:54.918339"
7215,"Dilijan",6.5,8.2,"Cold ❄️","2026-03-19 14:38:55.733448"
7216,"Hrazdan",6.4,12.1,"Cold ❄️","2026-03-19 14:38:57.065032"
7217,"Abovyan",8.6,2.2,"Cold ❄️","2026-03-19 14:38:58.601172"
7218,"Kapan",8.9,8.6,"Cold ❄️","2026-03-19 14:39:00.040658"
7219,"Goris",6.1,7.6,"Cold ❄️","2026-03-19 14:39:02.600232"
7220,"Sevan",4.0,11.4,"Cold ❄️","2026-03-19 14:39:02.932486"
7221,"Ijevan",7.8,5.6,"Cold ❄️","2026-03-19 14:39:04.02823"
7222,"Armavir",14.4,3.5,"Mild 🌤","2026-03-19 14:39:04.399209"
7223,"Artashat",15.0,11.6,"Mild 🌤","2026-03-19 14:39:04.661513"
7224,"Sisian",6.4,10.4,"Cold ❄️","2026-03-19 14:39:04.919234"
7251,"Yerevan",13.6,3.4,"Mild 🌤","2026-03-19 14:39:20.762822"
7252,"Gyumri",6.4,3.4,"Cold ❄️","2026-03-19 14:39:21.040895"
7253,"Vanadzor",5.8,10.9,"Cold ❄️","2026-03-19 14:39:21.406774"
7254,"Dilijan",6.5,8.2,"Cold ❄️","2026-03-19 14:39:21.694075"
7255,"Hrazdan",6.4,12.1,"Cold ❄️","2026-03-19 14:39:21.94871"
7256,"Abovyan",8.6,2.2,"Cold ❄️","2026-03-19 14:39:22.202344"
7257,"Kapan",8.9,8.6,"Cold ❄️","2026-03-19 14:39:22.460332"
7258,"Goris",6.1,7.6,"Cold ❄️","2026-03-19 14:39:22.711096"
7259,"Sevan",4.0,11.4,"Cold ❄️","2026-03-19 14:39:22.965091"
7260,"Ijevan",7.8,5.6,"Cold ❄️","2026-03-19 14:39:23.226317"
7261,"Armavir",14.4,3.5,"Mild 🌤","2026-03-19 14:39:23.475893"
7262,"Artashat",15.0,11.6,"Mild 🌤","2026-03-19 14:39:23.73032"
7263,"Sisian",6.4,10.4,"Cold ❄️","2026-03-19 14:39:23.98876"
7289,"Yerevan",13.6,3.4,"Mild 🌤","2026-03-19 14:39:47.791024"
7290,"Gyumri",6.4,3.4,"Cold ❄️","2026-03-19 14:39:48.04097"
7291,"Vanadzor",5.8,10.9,"Cold ❄️","2026-03-19 14:39:48.298966"
7292,"Dilijan",6.5,8.2,"Cold ❄️","2026-03-19 14:39:48.558005"
7293,"Hrazdan",6.4,12.1,"Cold ❄️","2026-03-19 14:39:48.814573"
7294,"Abovyan",8.6,2.2,"Cold ❄️","2026-03-19 14:39:49.075545"
7295,"Kapan",8.9,8.6,"Cold ❄️","2026-03-19 14:39:49.326737"
6542,"Hrazdan",6.4,12.1,"Cold ❄️","2026-03-19 14:30:08.961667"
6543,"Abovyan",8.6,2.2,"Cold ❄️","2026-03-19 14:30:10.451147"
6544,"Kapan",8.9,8.6,"Cold ❄️","2026-03-19 14:30:11.323866"
6545,"Goris",6.1,7.6,"Cold ❄️","2026-03-19 14:30:12.00136"
6546,"Sevan",4.0,11.4,"Cold ❄️","2026-03-19 14:30:12.838349"
6547,"Ijevan",7.8,5.6,"Cold ❄️","2026-03-19 14:30:13.489665"
6548,"Armavir",14.4,3.5,"Mild 🌤","2026-03-19 14:30:14.817451"
6549,"Artashat",15.0,11.6,"Mild 🌤","2026-03-19 14:30:15.296344"
6550,"Sisian",6.4,10.4,"Cold ❄️","2026-03-19 14:30:15.636224"
6577,"Yerevan",13.6,3.4,"Mild 🌤","2026-03-19 14:30:32.754709"
6578,"Gyumri",6.4,3.4,"Cold ❄️","2026-03-19 14:30:33.041676"
6579,"Vanadzor",5.8,10.9,"Cold ❄️","2026-03-19 14:30:34.373126"
6580,"Dilijan",6.5,8.2,"Cold ❄️","2026-03-19 14:30:35.397254"
6581,"Hrazdan",6.4,12.1,"Cold ❄️","2026-03-19 14:30:37.005471"
6582,"Abovyan",8.6,2.2,"Cold ❄️","2026-03-19 14:30:38.264578"
6583,"Kapan",8.9,8.6,"Cold ❄️","2026-03-19 14:30:39.051337"
6584,"Goris",6.1,7.6,"Cold ❄️","2026-03-19 14:30:40.203127"
6585,"Sevan",4.0,11.4,"Cold ❄️","2026-03-19 14:30:40.471151"
6586,"Ijevan",7.8,5.6,"Cold ❄️","2026-03-19 14:30:40.728714"
6587,"Armavir",14.4,3.5,"Mild 🌤","2026-03-19 14:30:41.342219"
6588,"Artashat",15.0,11.6,"Mild 🌤","2026-03-19 14:30:42.347666"
6589,"Sisian",6.4,10.4,"Cold ❄️","2026-03-19 14:30:43.85194"
6603,"Yerevan",13.6,3.4,"Mild 🌤","2026-03-19 14:30:52.71151"
6604,"Gyumri",6.4,3.4,"Cold ❄️","2026-03-19 14:30:52.978758"
6605,"Vanadzor",5.8,10.9,"Cold ❄️","2026-03-19 14:30:53.727135"
6606,"Dilijan",6.5,8.2,"Cold ❄️","2026-03-19 14:30:54.961091"
6607,"Hrazdan",6.4,12.1,"Cold ❄️","2026-03-19 14:30:55.98373"
6608,"Abovyan",8.6,2.2,"Cold ❄️","2026-03-19 14:30:56.322312"
6609,"Kapan",8.9,8.6,"Cold ❄️","2026-03-19 14:30:56.586002"
6610,"Goris",6.1,7.6,"Cold ❄️","2026-03-19 14:30:56.850235"
6611,"Sevan",4.0,11.4,"Cold ❄️","2026-03-19 14:30:57.388556"
6612,"Ijevan",7.8,5.6,"Cold ❄️","2026-03-19 14:30:58.243927"
6613,"Armavir",14.4,3.5,"Mild 🌤","2026-03-19 14:30:59.452498"
6614,"Artashat",15.0,11.6,"Mild 🌤","2026-03-19 14:31:00.400017"
6615,"Sisian",6.4,10.4,"Cold ❄️","2026-03-19 14:31:01.410149"
6616,"Yerevan",13.6,3.4,"Mild 🌤","2026-03-19 14:31:03.820251"
6617,"Gyumri",6.4,3.4,"Cold ❄️","2026-03-19 14:31:04.138464"
6618,"Vanadzor",5.8,10.9,"Cold ❄️","2026-03-19 14:31:04.466443"
6619,"Dilijan",6.5,8.2,"Cold ❄️","2026-03-19 14:31:04.783246"
6620,"Hrazdan",6.4,12.1,"Cold ❄️","2026-03-19 14:31:05.10805"
6621,"Abovyan",8.6,2.2,"Cold ❄️","2026-03-19 14:31:05.419664"
6622,"Kapan",8.9,8.6,"Cold ❄️","2026-03-19 14:31:05.69707"
6623,"Goris",6.1,7.6,"Cold ❄️","2026-03-19 14:31:05.967722"
6624,"Sevan",4.0,11.4,"Cold ❄️","2026-03-19 14:31:06.253342"
6625,"Ijevan",7.8,5.6,"Cold ❄️","2026-03-19 14:31:06.574427"
6626,"Armavir",14.4,3.5,"Mild 🌤","2026-03-19 14:31:06.882218"
6627,"Artashat",15.0,11.6,"Mild 🌤","2026-03-19 14:31:07.163894"
6628,"Sisian",6.4,10.4,"Cold ❄️","2026-03-19 14:31:07.433798"
6629,"Yerevan",13.6,3.4,"Mild 🌤","2026-03-19 14:31:14.738251"
6630,"Gyumri",6.4,3.4,"Cold ❄️","2026-03-19 14:31:15.026832"
6631,"Vanadzor",5.8,10.9,"Cold ❄️","2026-03-19 14:31:16.252474"
6632,"Dilijan",6.5,8.2,"Cold ❄️","2026-03-19 14:31:16.519079"
6633,"Hrazdan",6.4,12.1,"Cold ❄️","2026-03-19 14:31:16.778413"
6634,"Abovyan",8.6,2.2,"Cold ❄️","2026-03-19 14:31:17.038339"
6635,"Kapan",8.9,8.6,"Cold ❄️","2026-03-19 14:31:17.308349"
6636,"Goris",6.1,7.6,"Cold ❄️","2026-03-19 14:31:17.578525"
6637,"Sevan",4.0,11.4,"Cold ❄️","2026-03-19 14:31:17.909444"
6638,"Ijevan",7.8,5.6,"Cold ❄️","2026-03-19 14:31:18.172679"
6639,"Armavir",14.4,3.5,"Mild 🌤","2026-03-19 14:31:18.43915"
6640,"Artashat",15.0,11.6,"Mild 🌤","2026-03-19 14:31:18.705092"
6641,"Sisian",6.4,10.4,"Cold ❄️","2026-03-19 14:31:18.972386"
6642,"Yerevan",13.6,3.4,"Mild 🌤","2026-03-19 14:31:25.777052"
6643,"Gyumri",6.4,3.4,"Cold ❄️","2026-03-19 14:31:26.806384"
6644,"Vanadzor",5.8,10.9,"Cold ❄️","2026-03-19 14:31:27.152108"
6645,"Dilijan",6.5,8.2,"Cold ❄️","2026-03-19 14:31:27.477546"
6646,"Hrazdan",6.4,12.1,"Cold ❄️","2026-03-19 14:31:27.887534"
6647,"Abovyan",8.6,2.2,"Cold ❄️","2026-03-19 14:31:28.967454"
6648,"Kapan",8.9,8.6,"Cold ❄️","2026-03-19 14:31:29.239548"
6649,"Goris",6.1,7.6,"Cold ❄️","2026-03-19 14:31:29.506141"
6650,"Sevan",4.0,11.4,"Cold ❄️","2026-03-19 14:31:29.775823"
6651,"Ijevan",7.8,5.6,"Cold ❄️","2026-03-19 14:31:30.03942"
6652,"Armavir",14.4,3.5,"Mild 🌤","2026-03-19 14:31:30.301028"
6653,"Artashat",15.0,11.6,"Mild 🌤","2026-03-19 14:31:30.580007"
6654,"Sisian",6.4,10.4,"Cold ❄️","2026-03-19 14:31:30.86493"
6655,"Yerevan",13.6,3.4,"Mild 🌤","2026-03-19 14:31:35.103314"
6656,"Gyumri",6.4,3.4,"Cold ❄️","2026-03-19 14:31:36.315064"
6657,"Vanadzor",5.8,10.9,"Cold ❄️","2026-03-19 14:31:37.66285"
6658,"Dilijan",6.5,8.2,"Cold ❄️","2026-03-19 14:31:39.40393"
6659,"Hrazdan",6.4,12.1,"Cold ❄️","2026-03-19 14:31:41.00303"
6660,"Abovyan",8.6,2.2,"Cold ❄️","2026-03-19 14:31:42.842674"
6661,"Kapan",8.9,8.6,"Cold ❄️","2026-03-19 14:31:43.194882"
6662,"Goris",6.1,7.6,"Cold ❄️","2026-03-19 14:31:44.313661"
6663,"Sevan",4.0,11.4,"Cold ❄️","2026-03-19 14:31:45.674019"
6664,"Ijevan",7.8,5.6,"Cold ❄️","2026-03-19 14:31:46.291641"
6665,"Armavir",14.4,3.5,"Mild 🌤","2026-03-19 14:31:46.54719"
6666,"Artashat",15.0,11.6,"Mild 🌤","2026-03-19 14:31:46.807275"
6667,"Sisian",6.4,10.4,"Cold ❄️","2026-03-19 14:31:47.731236"
6668,"Yerevan",13.6,3.4,"Mild 🌤","2026-03-19 14:31:49.002426"
6669,"Gyumri",6.4,3.4,"Cold ❄️","2026-03-19 14:31:50.049185"
6670,"Vanadzor",5.8,10.9,"Cold ❄️","2026-03-19 14:31:51.174855"
6671,"Dilijan",6.5,8.2,"Cold ❄️","2026-03-19 14:31:52.459116"
6672,"Hrazdan",6.4,12.1,"Cold ❄️","2026-03-19 14:31:53.098212"
6673,"Abovyan",8.6,2.2,"Cold ❄️","2026-03-19 14:31:53.354983"
6674,"Kapan",8.9,8.6,"Cold ❄️","2026-03-19 14:31:53.610669"
6675,"Goris",6.1,7.6,"Cold ❄️","2026-03-19 14:31:53.877544"
6676,"Sevan",4.0,11.4,"Cold ❄️","2026-03-19 14:31:54.132632"
6677,"Ijevan",7.8,5.6,"Cold ❄️","2026-03-19 14:31:54.397816"
6678,"Armavir",14.4,3.5,"Mild 🌤","2026-03-19 14:31:54.651636"
6679,"Artashat",15.0,11.6,"Mild 🌤","2026-03-19 14:31:54.907768"
6680,"Sisian",6.4,10.4,"Cold ❄️","2026-03-19 14:31:55.160824"
6707,"Yerevan",13.6,3.4,"Mild 🌤","2026-03-19 14:32:14.875333"
6708,"Gyumri",6.4,3.4,"Cold ❄️","2026-03-19 14:32:15.315928"
6709,"Vanadzor",5.8,10.9,"Cold ❄️","2026-03-19 14:32:16.580747"
6710,"Dilijan",6.5,8.2,"Cold ❄️","2026-03-19 14:32:16.832367"
6711,"Hrazdan",6.4,12.1,"Cold ❄️","2026-03-19 14:32:17.08243"
6712,"Abovyan",8.6,2.2,"Cold ❄️","2026-03-19 14:32:17.336169"
6713,"Kapan",8.9,8.6,"Cold ❄️","2026-03-19 14:32:17.592271"
6714,"Goris",6.1,7.6,"Cold ❄️","2026-03-19 14:32:17.846395"
6715,"Sevan",4.0,11.4,"Cold ❄️","2026-03-19 14:32:18.100403"
6716,"Ijevan",7.8,5.6,"Cold ❄️","2026-03-19 14:32:18.356286"
6717,"Armavir",14.4,3.5,"Mild 🌤","2026-03-19 14:32:18.621653"
6718,"Artashat",15.0,11.6,"Mild 🌤","2026-03-19 14:32:18.87831"
6719,"Sisian",6.4,10.4,"Cold ❄️","2026-03-19 14:32:19.130229"
6746,"Yerevan",13.6,3.4,"Mild 🌤","2026-03-19 14:32:45.395522"
6747,"Gyumri",6.4,3.4,"Cold ❄️","2026-03-19 14:32:47.399302"
6748,"Vanadzor",5.8,10.9,"Cold ❄️","2026-03-19 14:32:49.803352"
6749,"Dilijan",6.5,8.2,"Cold ❄️","2026-03-19 14:32:50.190466"
6750,"Hrazdan",6.4,12.1,"Cold ❄️","2026-03-19 14:32:50.449071"
6751,"Abovyan",8.6,2.2,"Cold ❄️","2026-03-19 14:32:50.707874"
6752,"Kapan",8.9,8.6,"Cold ❄️","2026-03-19 14:32:50.988404"
6753,"Goris",6.1,7.6,"Cold ❄️","2026-03-19 14:32:51.430305"
6754,"Sevan",4.0,11.4,"Cold ❄️","2026-03-19 14:32:51.817469"
6755,"Ijevan",7.8,5.6,"Cold ❄️","2026-03-19 14:32:52.123742"
6756,"Armavir",14.4,3.5,"Mild 🌤","2026-03-19 14:32:52.445771"
6757,"Artashat",15.0,11.6,"Mild 🌤","2026-03-19 14:32:52.700868"
6758,"Sisian",6.4,10.4,"Cold ❄️","2026-03-19 14:32:53.136008"
6785,"Yerevan",13.6,3.4,"Mild 🌤","2026-03-19 14:33:17.088133"
6786,"Gyumri",6.4,3.4,"Cold ❄️","2026-03-19 14:33:18.216262"
6787,"Vanadzor",5.8,10.9,"Cold ❄️","2026-03-19 14:33:19.547549"
6788,"Dilijan",6.5,8.2,"Cold ❄️","2026-03-19 14:33:21.118249"
6789,"Hrazdan",6.4,12.1,"Cold ❄️","2026-03-19 14:33:21.763733"
6790,"Abovyan",8.6,2.2,"Cold ❄️","2026-03-19 14:33:22.117762"
6791,"Kapan",8.9,8.6,"Cold ❄️","2026-03-19 14:33:22.384305"
6792,"Goris",6.1,7.6,"Cold ❄️","2026-03-19 14:33:22.671627"
6793,"Sevan",4.0,11.4,"Cold ❄️","2026-03-19 14:33:22.996785"
6794,"Ijevan",7.8,5.6,"Cold ❄️","2026-03-19 14:33:23.272376"
6795,"Armavir",14.4,3.5,"Mild 🌤","2026-03-19 14:33:23.543831"
6796,"Artashat",15.0,11.6,"Mild 🌤","2026-03-19 14:33:23.816446"
6797,"Sisian",6.4,10.4,"Cold ❄️","2026-03-19 14:33:24.084926"
6824,"Yerevan",13.6,3.4,"Mild 🌤","2026-03-19 14:33:53.344336"
6825,"Gyumri",6.4,3.4,"Cold ❄️","2026-03-19 14:33:54.466762"
6826,"Vanadzor",5.8,10.9,"Cold ❄️","2026-03-19 14:33:56.002207"
6827,"Dilijan",6.5,8.2,"Cold ❄️","2026-03-19 14:33:56.617417"
6828,"Hrazdan",6.4,12.1,"Cold ❄️","2026-03-19 14:33:58.056103"
6829,"Abovyan",8.6,2.2,"Cold ❄️","2026-03-19 14:33:59.385251"
6830,"Kapan",8.9,8.6,"Cold ❄️","2026-03-19 14:34:02.767928"
6831,"Goris",6.1,7.6,"Cold ❄️","2026-03-19 14:34:04.428755"
6832,"Sevan",4.0,11.4,"Cold ❄️","2026-03-19 14:34:04.70441"
6833,"Ijevan",7.8,5.6,"Cold ❄️","2026-03-19 14:34:04.961043"
6834,"Armavir",14.4,3.5,"Mild 🌤","2026-03-19 14:34:05.935907"
6835,"Artashat",15.0,11.6,"Mild 🌤","2026-03-19 14:34:06.550413"
6836,"Sisian",6.4,10.4,"Cold ❄️","2026-03-19 14:34:07.062301"
6863,"Yerevan",13.6,3.4,"Mild 🌤","2026-03-19 14:34:27.896794"
6864,"Gyumri",6.4,3.4,"Cold ❄️","2026-03-19 14:34:28.172377"
6865,"Vanadzor",5.8,10.9,"Cold ❄️","2026-03-19 14:34:28.451065"
6866,"Dilijan",6.5,8.2,"Cold ❄️","2026-03-19 14:34:28.791504"
6867,"Hrazdan",6.4,12.1,"Cold ❄️","2026-03-19 14:34:29.058874"
6868,"Abovyan",8.6,2.2,"Cold ❄️","2026-03-19 14:34:29.386515"
6869,"Kapan",8.9,8.6,"Cold ❄️","2026-03-19 14:34:29.637746"
6870,"Goris",6.1,7.6,"Cold ❄️","2026-03-19 14:34:29.88886"
6871,"Sevan",4.0,11.4,"Cold ❄️","2026-03-19 14:34:30.156317"
6872,"Ijevan",7.8,5.6,"Cold ❄️","2026-03-19 14:34:30.402818"
6873,"Armavir",14.4,3.5,"Mild 🌤","2026-03-19 14:34:30.650418"
6874,"Artashat",15.0,11.6,"Mild 🌤","2026-03-19 14:34:30.903333"
6875,"Sisian",6.4,10.4,"Cold ❄️","2026-03-19 14:34:31.365469"
6902,"Yerevan",13.6,3.4,"Mild 🌤","2026-03-19 14:34:52.617281"
6903,"Gyumri",6.4,3.4,"Cold ❄️","2026-03-19 14:34:53.643886"
6904,"Vanadzor",5.8,10.9,"Cold ❄️","2026-03-19 14:34:54.797774"
6905,"Dilijan",6.5,8.2,"Cold ❄️","2026-03-19 14:34:55.088993"
6906,"Hrazdan",6.4,12.1,"Cold ❄️","2026-03-19 14:34:56.082184"
6907,"Abovyan",8.6,2.2,"Cold ❄️","2026-03-19 14:34:56.772287"
6908,"Kapan",8.9,8.6,"Cold ❄️","2026-03-19 14:34:57.373653"
6909,"Goris",6.1,7.6,"Cold ❄️","2026-03-19 14:34:57.97206"
6910,"Sevan",4.0,11.4,"Cold ❄️","2026-03-19 14:34:58.57282"
6911,"Armavir",14.4,3.5,"Mild 🌤","2026-03-19 14:35:05.094271"
6912,"Artashat",15.0,11.6,"Mild 🌤","2026-03-19 14:35:05.34624"
6913,"Sisian",6.4,10.4,"Cold ❄️","2026-03-19 14:35:05.604223"
6940,"Yerevan",13.6,3.4,"Mild 🌤","2026-03-19 14:35:17.003833"
6941,"Gyumri",6.4,3.4,"Cold ❄️","2026-03-19 14:35:18.235278"
6942,"Vanadzor",5.8,10.9,"Cold ❄️","2026-03-19 14:35:19.050768"
6943,"Dilijan",6.5,8.2,"Cold ❄️","2026-03-19 14:35:19.869985"
6944,"Hrazdan",6.4,12.1,"Cold ❄️","2026-03-19 14:35:21.547101"
6945,"Abovyan",8.6,2.2,"Cold ❄️","2026-03-19 14:35:22.219534"
6946,"Kapan",8.9,8.6,"Cold ❄️","2026-03-19 14:35:22.466734"
6947,"Goris",6.1,7.6,"Cold ❄️","2026-03-19 14:35:22.73218"
6948,"Sevan",4.0,11.4,"Cold ❄️","2026-03-19 14:35:22.989354"
6949,"Ijevan",7.8,5.6,"Cold ❄️","2026-03-19 14:35:23.23896"
6950,"Armavir",14.4,3.5,"Mild 🌤","2026-03-19 14:35:23.510884"
6951,"Artashat",15.0,11.6,"Mild 🌤","2026-03-19 14:35:23.761393"
6952,"Sisian",6.4,10.4,"Cold ❄️","2026-03-19 14:35:24.012784"
6979,"Yerevan",13.6,3.4,"Mild 🌤","2026-03-19 14:35:47.209711"
6980,"Gyumri",6.4,3.4,"Cold ❄️","2026-03-19 14:35:49.361848"
6981,"Vanadzor",5.8,10.9,"Cold ❄️","2026-03-19 14:35:51.415469"
6982,"Dilijan",6.5,8.2,"Cold ❄️","2026-03-19 14:35:52.927971"
6681,"Yerevan",13.6,3.4,"Mild 🌤","2026-03-19 14:31:55.42464"
6682,"Gyumri",6.4,3.4,"Cold ❄️","2026-03-19 14:31:55.679382"
6683,"Vanadzor",5.8,10.9,"Cold ❄️","2026-03-19 14:31:55.929263"
6684,"Dilijan",6.5,8.2,"Cold ❄️","2026-03-19 14:31:56.206993"
6685,"Hrazdan",6.4,12.1,"Cold ❄️","2026-03-19 14:31:56.458793"
6686,"Abovyan",8.6,2.2,"Cold ❄️","2026-03-19 14:31:56.715182"
6687,"Kapan",8.9,8.6,"Cold ❄️","2026-03-19 14:31:56.969751"
6688,"Goris",6.1,7.6,"Cold ❄️","2026-03-19 14:31:57.21943"
6689,"Sevan",4.0,11.4,"Cold ❄️","2026-03-19 14:31:57.467911"
6690,"Ijevan",7.8,5.6,"Cold ❄️","2026-03-19 14:31:57.718532"
6691,"Armavir",14.4,3.5,"Mild 🌤","2026-03-19 14:31:57.973693"
6692,"Artashat",15.0,11.6,"Mild 🌤","2026-03-19 14:31:58.23381"
6693,"Sisian",6.4,10.4,"Cold ❄️","2026-03-19 14:31:58.483133"
6720,"Yerevan",13.6,3.4,"Mild 🌤","2026-03-19 14:32:24.424266"
6721,"Gyumri",6.4,3.4,"Cold ❄️","2026-03-19 14:32:24.67215"
6722,"Vanadzor",5.8,10.9,"Cold ❄️","2026-03-19 14:32:24.922053"
6723,"Dilijan",6.5,8.2,"Cold ❄️","2026-03-19 14:32:25.180832"
6724,"Hrazdan",6.4,12.1,"Cold ❄️","2026-03-19 14:32:25.439863"
6725,"Abovyan",8.6,2.2,"Cold ❄️","2026-03-19 14:32:25.695515"
6726,"Kapan",8.9,8.6,"Cold ❄️","2026-03-19 14:32:25.94883"
6727,"Goris",6.1,7.6,"Cold ❄️","2026-03-19 14:32:26.199175"
6728,"Sevan",4.0,11.4,"Cold ❄️","2026-03-19 14:32:26.451875"
6729,"Ijevan",7.8,5.6,"Cold ❄️","2026-03-19 14:32:26.704763"
6730,"Armavir",14.4,3.5,"Mild 🌤","2026-03-19 14:32:26.956836"
6731,"Artashat",15.0,11.6,"Mild 🌤","2026-03-19 14:32:27.215539"
6732,"Sisian",6.4,10.4,"Cold ❄️","2026-03-19 14:32:27.465808"
6759,"Yerevan",13.6,3.4,"Mild 🌤","2026-03-19 14:32:57.097708"
6760,"Gyumri",6.4,3.4,"Cold ❄️","2026-03-19 14:32:58.863165"
6761,"Vanadzor",5.8,10.9,"Cold ❄️","2026-03-19 14:32:59.783927"
6762,"Dilijan",6.5,8.2,"Cold ❄️","2026-03-19 14:33:02.240712"
6763,"Hrazdan",6.4,12.1,"Cold ❄️","2026-03-19 14:33:03.674339"
6764,"Abovyan",8.6,2.2,"Cold ❄️","2026-03-19 14:33:04.390903"
6765,"Kapan",8.9,8.6,"Cold ❄️","2026-03-19 14:33:05.933393"
6766,"Goris",6.1,7.6,"Cold ❄️","2026-03-19 14:33:06.307163"
6767,"Sevan",4.0,11.4,"Cold ❄️","2026-03-19 14:33:06.567854"
6768,"Ijevan",7.8,5.6,"Cold ❄️","2026-03-19 14:33:06.83522"
6769,"Armavir",14.4,3.5,"Mild 🌤","2026-03-19 14:33:07.100235"
6770,"Artashat",15.0,11.6,"Mild 🌤","2026-03-19 14:33:07.357453"
6771,"Sisian",6.4,10.4,"Cold ❄️","2026-03-19 14:33:07.623697"
6798,"Yerevan",13.6,3.4,"Mild 🌤","2026-03-19 14:33:26.098054"
6799,"Gyumri",6.4,3.4,"Cold ❄️","2026-03-19 14:33:26.369069"
6800,"Vanadzor",5.8,10.9,"Cold ❄️","2026-03-19 14:33:26.639496"
6801,"Dilijan",6.5,8.2,"Cold ❄️","2026-03-19 14:33:26.913421"
6802,"Hrazdan",6.4,12.1,"Cold ❄️","2026-03-19 14:33:27.180486"
6803,"Abovyan",8.6,2.2,"Cold ❄️","2026-03-19 14:33:27.448616"
6804,"Kapan",8.9,8.6,"Cold ❄️","2026-03-19 14:33:27.711664"
6805,"Goris",6.1,7.6,"Cold ❄️","2026-03-19 14:33:28.016553"
6806,"Sevan",4.0,11.4,"Cold ❄️","2026-03-19 14:33:28.313435"
6807,"Ijevan",7.8,5.6,"Cold ❄️","2026-03-19 14:33:28.588421"
6808,"Armavir",14.4,3.5,"Mild 🌤","2026-03-19 14:33:28.858734"
6809,"Artashat",15.0,11.6,"Mild 🌤","2026-03-19 14:33:29.127203"
6810,"Sisian",6.4,10.4,"Cold ❄️","2026-03-19 14:33:29.402991"
6837,"Yerevan",13.6,3.4,"Mild 🌤","2026-03-19 14:34:08.273304"
6838,"Gyumri",6.4,3.4,"Cold ❄️","2026-03-19 14:34:08.530114"
6839,"Vanadzor",5.8,10.9,"Cold ❄️","2026-03-19 14:34:08.793452"
6840,"Dilijan",6.5,8.2,"Cold ❄️","2026-03-19 14:34:09.147256"
6841,"Hrazdan",6.4,12.1,"Cold ❄️","2026-03-19 14:34:10.427923"
6842,"Abovyan",8.6,2.2,"Cold ❄️","2026-03-19 14:34:11.980935"
6843,"Kapan",8.9,8.6,"Cold ❄️","2026-03-19 14:34:12.302081"
6844,"Goris",6.1,7.6,"Cold ❄️","2026-03-19 14:34:12.578734"
6845,"Sevan",4.0,11.4,"Cold ❄️","2026-03-19 14:34:12.835781"
6846,"Ijevan",7.8,5.6,"Cold ❄️","2026-03-19 14:34:13.267164"
6847,"Armavir",14.4,3.5,"Mild 🌤","2026-03-19 14:34:14.538828"
6848,"Artashat",15.0,11.6,"Mild 🌤","2026-03-19 14:34:15.359984"
6849,"Sisian",6.4,10.4,"Cold ❄️","2026-03-19 14:34:17.152096"
6876,"Yerevan",13.6,3.4,"Mild 🌤","2026-03-19 14:34:31.779464"
6877,"Gyumri",6.4,3.4,"Cold ❄️","2026-03-19 14:34:32.031745"
6878,"Vanadzor",5.8,10.9,"Cold ❄️","2026-03-19 14:34:32.294073"
6879,"Dilijan",6.5,8.2,"Cold ❄️","2026-03-19 14:34:32.556836"
6880,"Hrazdan",6.4,12.1,"Cold ❄️","2026-03-19 14:34:32.81118"
6881,"Abovyan",8.6,2.2,"Cold ❄️","2026-03-19 14:34:33.059081"
6882,"Kapan",8.9,8.6,"Cold ❄️","2026-03-19 14:34:33.321321"
6883,"Goris",6.1,7.6,"Cold ❄️","2026-03-19 14:34:33.575453"
6884,"Sevan",4.0,11.4,"Cold ❄️","2026-03-19 14:34:33.833322"
6885,"Ijevan",7.8,5.6,"Cold ❄️","2026-03-19 14:34:34.091929"
6886,"Armavir",14.4,3.5,"Mild 🌤","2026-03-19 14:34:34.364325"
6887,"Artashat",15.0,11.6,"Mild 🌤","2026-03-19 14:34:34.628942"
6888,"Sisian",6.4,10.4,"Cold ❄️","2026-03-19 14:34:34.883789"
6914,"Yerevan",13.6,3.4,"Mild 🌤","2026-03-19 14:35:05.869322"
6915,"Gyumri",6.4,3.4,"Cold ❄️","2026-03-19 14:35:06.131087"
6916,"Vanadzor",5.8,10.9,"Cold ❄️","2026-03-19 14:35:06.386578"
6917,"Dilijan",6.5,8.2,"Cold ❄️","2026-03-19 14:35:06.639089"
6918,"Hrazdan",6.4,12.1,"Cold ❄️","2026-03-19 14:35:06.892"
6919,"Abovyan",8.6,2.2,"Cold ❄️","2026-03-19 14:35:07.151252"
6920,"Kapan",8.9,8.6,"Cold ❄️","2026-03-19 14:35:07.403187"
6921,"Goris",6.1,7.6,"Cold ❄️","2026-03-19 14:35:07.660629"
6922,"Sevan",4.0,11.4,"Cold ❄️","2026-03-19 14:35:07.918739"
6923,"Ijevan",7.8,5.6,"Cold ❄️","2026-03-19 14:35:08.171573"
6924,"Armavir",14.4,3.5,"Mild 🌤","2026-03-19 14:35:08.593831"
6925,"Artashat",15.0,11.6,"Mild 🌤","2026-03-19 14:35:08.850846"
6926,"Sisian",6.4,10.4,"Cold ❄️","2026-03-19 14:35:09.104952"
6953,"Yerevan",13.6,3.4,"Mild 🌤","2026-03-19 14:35:26.287975"
6954,"Gyumri",6.4,3.4,"Cold ❄️","2026-03-19 14:35:26.543992"
6955,"Vanadzor",5.8,10.9,"Cold ❄️","2026-03-19 14:35:26.80114"
6956,"Dilijan",6.5,8.2,"Cold ❄️","2026-03-19 14:35:27.123138"
6957,"Hrazdan",6.4,12.1,"Cold ❄️","2026-03-19 14:35:27.787303"
6958,"Abovyan",8.6,2.2,"Cold ❄️","2026-03-19 14:35:29.296721"
6694,"Yerevan",13.6,3.4,"Mild 🌤","2026-03-19 14:32:04.470154"
6695,"Gyumri",6.4,3.4,"Cold ❄️","2026-03-19 14:32:04.72092"
6696,"Vanadzor",5.8,10.9,"Cold ❄️","2026-03-19 14:32:05.08317"
6697,"Dilijan",6.5,8.2,"Cold ❄️","2026-03-19 14:32:05.90728"
6698,"Hrazdan",6.4,12.1,"Cold ❄️","2026-03-19 14:32:06.988423"
6699,"Abovyan",8.6,2.2,"Cold ❄️","2026-03-19 14:32:07.985449"
6700,"Kapan",8.9,8.6,"Cold ❄️","2026-03-19 14:32:08.32831"
6701,"Goris",6.1,7.6,"Cold ❄️","2026-03-19 14:32:08.672"
6702,"Sevan",4.0,11.4,"Cold ❄️","2026-03-19 14:32:08.958862"
6703,"Ijevan",7.8,5.6,"Cold ❄️","2026-03-19 14:32:09.215294"
6704,"Armavir",14.4,3.5,"Mild 🌤","2026-03-19 14:32:09.493169"
6705,"Artashat",15.0,11.6,"Mild 🌤","2026-03-19 14:32:09.754445"
6706,"Sisian",6.4,10.4,"Cold ❄️","2026-03-19 14:32:10.033219"
6733,"Yerevan",13.6,3.4,"Mild 🌤","2026-03-19 14:32:35.001275"
6734,"Gyumri",6.4,3.4,"Cold ❄️","2026-03-19 14:32:35.931756"
6735,"Vanadzor",5.8,10.9,"Cold ❄️","2026-03-19 14:32:37.004174"
6736,"Dilijan",6.5,8.2,"Cold ❄️","2026-03-19 14:32:37.257512"
6737,"Hrazdan",6.4,12.1,"Cold ❄️","2026-03-19 14:32:37.509964"
6738,"Abovyan",8.6,2.2,"Cold ❄️","2026-03-19 14:32:37.765627"
6739,"Kapan",8.9,8.6,"Cold ❄️","2026-03-19 14:32:38.021024"
6740,"Goris",6.1,7.6,"Cold ❄️","2026-03-19 14:32:38.279637"
6741,"Sevan",4.0,11.4,"Cold ❄️","2026-03-19 14:32:38.529948"
6742,"Ijevan",7.8,5.6,"Cold ❄️","2026-03-19 14:32:38.783165"
6743,"Armavir",14.4,3.5,"Mild 🌤","2026-03-19 14:32:39.039931"
6744,"Artashat",15.0,11.6,"Mild 🌤","2026-03-19 14:32:39.295566"
6745,"Sisian",6.4,10.4,"Cold ❄️","2026-03-19 14:32:39.555986"
6772,"Yerevan",13.6,3.4,"Mild 🌤","2026-03-19 14:33:07.901181"
6773,"Gyumri",6.4,3.4,"Cold ❄️","2026-03-19 14:33:08.167237"
6774,"Vanadzor",5.8,10.9,"Cold ❄️","2026-03-19 14:33:08.431909"
6775,"Dilijan",6.5,8.2,"Cold ❄️","2026-03-19 14:33:08.695317"
6776,"Hrazdan",6.4,12.1,"Cold ❄️","2026-03-19 14:33:08.962232"
6777,"Abovyan",8.6,2.2,"Cold ❄️","2026-03-19 14:33:09.23114"
6778,"Kapan",8.9,8.6,"Cold ❄️","2026-03-19 14:33:09.487899"
6779,"Goris",6.1,7.6,"Cold ❄️","2026-03-19 14:33:09.76539"
6780,"Sevan",4.0,11.4,"Cold ❄️","2026-03-19 14:33:10.060543"
6781,"Ijevan",7.8,5.6,"Cold ❄️","2026-03-19 14:33:10.337969"
6782,"Armavir",14.4,3.5,"Mild 🌤","2026-03-19 14:33:10.627947"
6783,"Artashat",15.0,11.6,"Mild 🌤","2026-03-19 14:33:10.890544"
6784,"Sisian",6.4,10.4,"Cold ❄️","2026-03-19 14:33:11.49246"
6811,"Yerevan",13.6,3.4,"Mild 🌤","2026-03-19 14:33:36.737419"
6812,"Gyumri",6.4,3.4,"Cold ❄️","2026-03-19 14:33:37.775389"
6813,"Vanadzor",5.8,10.9,"Cold ❄️","2026-03-19 14:33:38.95607"
6814,"Dilijan",6.5,8.2,"Cold ❄️","2026-03-19 14:33:40.233262"
6815,"Hrazdan",6.4,12.1,"Cold ❄️","2026-03-19 14:33:41.364738"
6816,"Abovyan",8.6,2.2,"Cold ❄️","2026-03-19 14:33:42.485662"
6817,"Kapan",8.9,8.6,"Cold ❄️","2026-03-19 14:33:44.328931"
6818,"Goris",6.1,7.6,"Cold ❄️","2026-03-19 14:33:45.35853"
6819,"Sevan",4.0,11.4,"Cold ❄️","2026-03-19 14:33:46.58189"
6820,"Ijevan",7.8,5.6,"Cold ❄️","2026-03-19 14:33:47.606193"
6821,"Armavir",14.4,3.5,"Mild 🌤","2026-03-19 14:33:48.94255"
6822,"Artashat",15.0,11.6,"Mild 🌤","2026-03-19 14:33:49.843325"
6823,"Sisian",6.4,10.4,"Cold ❄️","2026-03-19 14:33:51.690143"
6850,"Yerevan",13.6,3.4,"Mild 🌤","2026-03-19 14:34:18.600545"
6851,"Gyumri",6.4,3.4,"Cold ❄️","2026-03-19 14:34:18.868578"
6852,"Vanadzor",5.8,10.9,"Cold ❄️","2026-03-19 14:34:19.35062"
6853,"Dilijan",6.5,8.2,"Cold ❄️","2026-03-19 14:34:20.597472"
6854,"Hrazdan",6.4,12.1,"Cold ❄️","2026-03-19 14:34:21.808248"
6855,"Abovyan",8.6,2.2,"Cold ❄️","2026-03-19 14:34:22.988306"
6856,"Kapan",8.9,8.6,"Cold ❄️","2026-03-19 14:34:23.958949"
6857,"Goris",6.1,7.6,"Cold ❄️","2026-03-19 14:34:25.295149"
6858,"Sevan",4.0,11.4,"Cold ❄️","2026-03-19 14:34:26.537328"
6859,"Ijevan",7.8,5.6,"Cold ❄️","2026-03-19 14:34:26.82556"
6860,"Armavir",14.4,3.5,"Mild 🌤","2026-03-19 14:34:27.077895"
6861,"Artashat",15.0,11.6,"Mild 🌤","2026-03-19 14:34:27.335917"
6862,"Sisian",6.4,10.4,"Cold ❄️","2026-03-19 14:34:27.61148"
6889,"Yerevan",13.6,3.4,"Mild 🌤","2026-03-19 14:34:36.177907"
6890,"Gyumri",6.4,3.4,"Cold ❄️","2026-03-19 14:34:36.442027"
6891,"Vanadzor",5.8,10.9,"Cold ❄️","2026-03-19 14:34:36.694847"
6892,"Dilijan",6.5,8.2,"Cold ❄️","2026-03-19 14:34:36.966778"
6893,"Hrazdan",6.4,12.1,"Cold ❄️","2026-03-19 14:34:37.782693"
6894,"Abovyan",8.6,2.2,"Cold ❄️","2026-03-19 14:34:39.933415"
6895,"Kapan",8.9,8.6,"Cold ❄️","2026-03-19 14:34:40.974235"
6896,"Goris",6.1,7.6,"Cold ❄️","2026-03-19 14:34:42.955837"
6897,"Sevan",4.0,11.4,"Cold ❄️","2026-03-19 14:34:45.004352"
6898,"Ijevan",7.8,5.6,"Cold ❄️","2026-03-19 14:34:46.282327"
6899,"Armavir",14.4,3.5,"Mild 🌤","2026-03-19 14:34:47.250474"
6900,"Artashat",15.0,11.6,"Mild 🌤","2026-03-19 14:34:49.047068"
6901,"Sisian",6.4,10.4,"Cold ❄️","2026-03-19 14:34:50.763869"
6927,"Yerevan",13.6,3.4,"Mild 🌤","2026-03-19 14:35:09.371392"
6928,"Gyumri",6.4,3.4,"Cold ❄️","2026-03-19 14:35:09.626033"
6929,"Vanadzor",5.8,10.9,"Cold ❄️","2026-03-19 14:35:09.888695"
6930,"Dilijan",6.5,8.2,"Cold ❄️","2026-03-19 14:35:10.171125"
6931,"Hrazdan",6.4,12.1,"Cold ❄️","2026-03-19 14:35:10.418348"
6932,"Abovyan",8.6,2.2,"Cold ❄️","2026-03-19 14:35:10.678616"
6933,"Kapan",8.9,8.6,"Cold ❄️","2026-03-19 14:35:10.929212"
6934,"Goris",6.1,7.6,"Cold ❄️","2026-03-19 14:35:11.520944"
6935,"Sevan",4.0,11.4,"Cold ❄️","2026-03-19 14:35:11.894909"
6936,"Ijevan",7.8,5.6,"Cold ❄️","2026-03-19 14:35:12.15399"
6937,"Armavir",14.4,3.5,"Mild 🌤","2026-03-19 14:35:12.409863"
6938,"Artashat",15.0,11.6,"Mild 🌤","2026-03-19 14:35:12.668406"
6939,"Sisian",6.4,10.4,"Cold ❄️","2026-03-19 14:35:12.922332"
6966,"Yerevan",13.6,3.4,"Mild 🌤","2026-03-19 14:35:37.046984"
6967,"Gyumri",6.4,3.4,"Cold ❄️","2026-03-19 14:35:37.323511"
6968,"Vanadzor",5.8,10.9,"Cold ❄️","2026-03-19 14:35:37.617189"
6969,"Dilijan",6.5,8.2,"Cold ❄️","2026-03-19 14:35:37.928779"
6970,"Hrazdan",6.4,12.1,"Cold ❄️","2026-03-19 14:35:38.302953"
6971,"Abovyan",8.6,2.2,"Cold ❄️","2026-03-19 14:35:38.621346"
6959,"Kapan",8.9,8.6,"Cold ❄️","2026-03-19 14:35:30.764317"
6960,"Goris",6.1,7.6,"Cold ❄️","2026-03-19 14:35:31.442394"
6961,"Sevan",4.0,11.4,"Cold ❄️","2026-03-19 14:35:32.636982"
6962,"Ijevan",7.8,5.6,"Cold ❄️","2026-03-19 14:35:32.999485"
6963,"Armavir",14.4,3.5,"Mild 🌤","2026-03-19 14:35:33.253362"
6964,"Artashat",15.0,11.6,"Mild 🌤","2026-03-19 14:35:33.50921"
6965,"Sisian",6.4,10.4,"Cold ❄️","2026-03-19 14:35:33.760667"
6992,"Yerevan",13.6,3.4,"Mild 🌤","2026-03-19 14:35:56.284144"
6993,"Gyumri",6.4,3.4,"Cold ❄️","2026-03-19 14:35:56.538833"
6994,"Vanadzor",5.8,10.9,"Cold ❄️","2026-03-19 14:35:56.796603"
6995,"Dilijan",6.5,8.2,"Cold ❄️","2026-03-19 14:35:57.045191"
6996,"Hrazdan",6.4,12.1,"Cold ❄️","2026-03-19 14:35:57.410791"
6997,"Abovyan",8.6,2.2,"Cold ❄️","2026-03-19 14:35:57.665402"
6998,"Kapan",8.9,8.6,"Cold ❄️","2026-03-19 14:35:57.923181"
6999,"Goris",6.1,7.6,"Cold ❄️","2026-03-19 14:35:58.172609"
7000,"Sevan",4.0,11.4,"Cold ❄️","2026-03-19 14:35:58.431554"
7001,"Ijevan",7.8,5.6,"Cold ❄️","2026-03-19 14:35:58.686102"
7002,"Armavir",14.4,3.5,"Mild 🌤","2026-03-19 14:35:58.944032"
7003,"Artashat",15.0,11.6,"Mild 🌤","2026-03-19 14:35:59.195853"
7004,"Sisian",6.4,10.4,"Cold ❄️","2026-03-19 14:35:59.444988"
7031,"Yerevan",13.6,3.4,"Mild 🌤","2026-03-19 14:36:32.321404"
7032,"Gyumri",6.4,3.4,"Cold ❄️","2026-03-19 14:36:33.191123"
7033,"Vanadzor",5.8,10.9,"Cold ❄️","2026-03-19 14:36:34.051645"
7034,"Dilijan",6.5,8.2,"Cold ❄️","2026-03-19 14:36:34.307158"
7035,"Hrazdan",6.4,12.1,"Cold ❄️","2026-03-19 14:36:34.567181"
7036,"Abovyan",8.6,2.2,"Cold ❄️","2026-03-19 14:36:34.890079"
7037,"Kapan",8.9,8.6,"Cold ❄️","2026-03-19 14:36:35.141508"
7038,"Goris",6.1,7.6,"Cold ❄️","2026-03-19 14:36:35.435936"
7039,"Sevan",4.0,11.4,"Cold ❄️","2026-03-19 14:36:35.695734"
7040,"Ijevan",7.8,5.6,"Cold ❄️","2026-03-19 14:36:35.952268"
7041,"Armavir",14.4,3.5,"Mild 🌤","2026-03-19 14:36:36.205515"
7042,"Artashat",15.0,11.6,"Mild 🌤","2026-03-19 14:36:36.471733"
7043,"Sisian",6.4,10.4,"Cold ❄️","2026-03-19 14:36:36.720927"
7266,"Vanadzor",5.8,10.9,"Cold ❄️","2026-03-19 14:39:30.632925"
7267,"Dilijan",6.5,8.2,"Cold ❄️","2026-03-19 14:39:30.882175"
7268,"Hrazdan",6.4,12.1,"Cold ❄️","2026-03-19 14:39:31.435177"
7269,"Abovyan",8.6,2.2,"Cold ❄️","2026-03-19 14:39:32.393692"
7270,"Kapan",8.9,8.6,"Cold ❄️","2026-03-19 14:39:33.420004"
7271,"Sevan",4.0,11.4,"Cold ❄️","2026-03-19 14:39:39.307096"
7272,"Ijevan",7.8,5.6,"Cold ❄️","2026-03-19 14:39:40.343841"
7273,"Armavir",14.4,3.5,"Mild 🌤","2026-03-19 14:39:40.604795"
7274,"Artashat",15.0,11.6,"Mild 🌤","2026-03-19 14:39:40.851923"
7275,"Sisian",6.4,10.4,"Cold ❄️","2026-03-19 14:39:41.251604"
7302,"Yerevan",13.6,3.4,"Mild 🌤","2026-03-19 14:39:57.729413"
7303,"Gyumri",6.4,3.4,"Cold ❄️","2026-03-19 14:39:58.267201"
7304,"Vanadzor",5.8,10.9,"Cold ❄️","2026-03-19 14:39:59.05395"
7305,"Dilijan",6.5,8.2,"Cold ❄️","2026-03-19 14:39:59.317796"
7306,"Hrazdan",6.4,12.1,"Cold ❄️","2026-03-19 14:39:59.568863"
7307,"Abovyan",8.6,2.2,"Cold ❄️","2026-03-19 14:40:03.913981"
7308,"Goris",6.1,7.6,"Cold ❄️","2026-03-19 14:40:06.410495"
7309,"Sevan",4.0,11.4,"Cold ❄️","2026-03-19 14:40:08.202765"
7310,"Ijevan",7.8,5.6,"Cold ❄️","2026-03-19 14:40:09.491804"
7311,"Armavir",14.4,3.5,"Mild 🌤","2026-03-19 14:40:10.326486"
7312,"Artashat",15.0,11.6,"Mild 🌤","2026-03-19 14:40:10.885389"
7313,"Sisian",6.4,10.4,"Cold ❄️","2026-03-19 14:40:11.608867"
7340,"Yerevan",13.6,3.4,"Mild 🌤","2026-03-19 14:40:27.954706"
7341,"Gyumri",6.4,3.4,"Cold ❄️","2026-03-19 14:40:28.919516"
7342,"Vanadzor",5.8,10.9,"Cold ❄️","2026-03-19 14:40:29.209265"
7343,"Dilijan",6.5,8.2,"Cold ❄️","2026-03-19 14:40:29.463665"
7344,"Hrazdan",6.4,12.1,"Cold ❄️","2026-03-19 14:40:29.725365"
7345,"Abovyan",8.6,2.2,"Cold ❄️","2026-03-19 14:40:29.975982"
7346,"Kapan",8.9,8.6,"Cold ❄️","2026-03-19 14:40:30.238502"
7347,"Goris",6.1,7.6,"Cold ❄️","2026-03-19 14:40:30.493935"
7348,"Sevan",4.0,11.4,"Cold ❄️","2026-03-19 14:40:30.754"
7349,"Ijevan",7.8,5.6,"Cold ❄️","2026-03-19 14:40:31.006317"
7350,"Armavir",14.4,3.5,"Mild 🌤","2026-03-19 14:40:31.397291"
7351,"Artashat",15.0,11.6,"Mild 🌤","2026-03-19 14:40:31.702057"
7352,"Sisian",6.4,10.4,"Cold ❄️","2026-03-19 14:40:31.967875"
7366,"Yerevan",13.6,3.4,"Mild 🌤","2026-03-19 14:40:48.748414"
7367,"Gyumri",6.4,3.4,"Cold ❄️","2026-03-19 14:40:50.093191"
7368,"Vanadzor",5.8,10.9,"Cold ❄️","2026-03-19 14:40:51.963501"
7369,"Dilijan",6.5,8.2,"Cold ❄️","2026-03-19 14:40:52.279059"
7370,"Hrazdan",6.4,12.1,"Cold ❄️","2026-03-19 14:40:52.53169"
7371,"Abovyan",8.6,2.2,"Cold ❄️","2026-03-19 14:40:52.797883"
7372,"Kapan",8.9,8.6,"Cold ❄️","2026-03-19 14:40:53.050076"
7373,"Goris",6.1,7.6,"Cold ❄️","2026-03-19 14:40:53.312545"
7374,"Sevan",4.0,11.4,"Cold ❄️","2026-03-19 14:40:53.568152"
7375,"Ijevan",7.8,5.6,"Cold ❄️","2026-03-19 14:40:53.824069"
7376,"Armavir",14.4,3.5,"Mild 🌤","2026-03-19 14:40:54.079824"
7377,"Artashat",15.0,11.6,"Mild 🌤","2026-03-19 14:40:54.338026"
7378,"Sisian",6.4,10.4,"Cold ❄️","2026-03-19 14:40:54.612726"
7405,"Yerevan",13.6,3.4,"Mild 🌤","2026-03-19 14:41:19.094716"
7406,"Gyumri",6.4,3.4,"Cold ❄️","2026-03-19 14:41:20.530194"
7407,"Vanadzor",5.8,10.9,"Cold ❄️","2026-03-19 14:41:21.177193"
7408,"Dilijan",6.5,8.2,"Cold ❄️","2026-03-19 14:41:21.507457"
7409,"Hrazdan",6.4,12.1,"Cold ❄️","2026-03-19 14:41:21.861209"
7410,"Abovyan",8.6,2.2,"Cold ❄️","2026-03-19 14:41:22.114831"
7411,"Kapan",8.9,8.6,"Cold ❄️","2026-03-19 14:41:22.370402"
7412,"Goris",6.1,7.6,"Cold ❄️","2026-03-19 14:41:22.617433"
7413,"Sevan",4.0,11.4,"Cold ❄️","2026-03-19 14:41:22.873904"
7414,"Ijevan",7.8,5.6,"Cold ❄️","2026-03-19 14:41:23.127826"
7415,"Armavir",14.4,3.5,"Mild 🌤","2026-03-19 14:41:23.381491"
7416,"Artashat",15.0,11.6,"Mild 🌤","2026-03-19 14:41:23.643734"
7417,"Sisian",6.4,10.4,"Cold ❄️","2026-03-19 14:41:23.902571"
7444,"Yerevan",13.6,3.4,"Mild 🌤","2026-03-19 14:41:51.098735"
7445,"Gyumri",6.4,3.4,"Cold ❄️","2026-03-19 14:41:52.391997"
7446,"Vanadzor",5.8,10.9,"Cold ❄️","2026-03-19 14:41:52.648366"
6972,"Kapan",8.9,8.6,"Cold ❄️","2026-03-19 14:35:39.141598"
6973,"Goris",6.1,7.6,"Cold ❄️","2026-03-19 14:35:39.3981"
6974,"Sevan",4.0,11.4,"Cold ❄️","2026-03-19 14:35:39.665989"
6975,"Ijevan",7.8,5.6,"Cold ❄️","2026-03-19 14:35:40.510629"
6976,"Armavir",14.4,3.5,"Mild 🌤","2026-03-19 14:35:40.794637"
6977,"Artashat",15.0,11.6,"Mild 🌤","2026-03-19 14:35:41.511116"
6978,"Sisian",6.4,10.4,"Cold ❄️","2026-03-19 14:35:41.975897"
7005,"Yerevan",13.6,3.4,"Mild 🌤","2026-03-19 14:36:07.075703"
7006,"Gyumri",6.4,3.4,"Cold ❄️","2026-03-19 14:36:08.209018"
7007,"Vanadzor",5.8,10.9,"Cold ❄️","2026-03-19 14:36:09.022884"
7008,"Dilijan",6.5,8.2,"Cold ❄️","2026-03-19 14:36:10.131634"
7009,"Hrazdan",6.4,12.1,"Cold ❄️","2026-03-19 14:36:10.418726"
7010,"Abovyan",8.6,2.2,"Cold ❄️","2026-03-19 14:36:10.667983"
7011,"Kapan",8.9,8.6,"Cold ❄️","2026-03-19 14:36:10.922405"
7012,"Goris",6.1,7.6,"Cold ❄️","2026-03-19 14:36:11.299866"
7013,"Sevan",4.0,11.4,"Cold ❄️","2026-03-19 14:36:11.56156"
7014,"Ijevan",7.8,5.6,"Cold ❄️","2026-03-19 14:36:11.813158"
7015,"Armavir",14.4,3.5,"Mild 🌤","2026-03-19 14:36:12.062879"
7016,"Artashat",15.0,11.6,"Mild 🌤","2026-03-19 14:36:12.322016"
7017,"Sisian",6.4,10.4,"Cold ❄️","2026-03-19 14:36:12.575829"
7044,"Yerevan",13.6,3.4,"Mild 🌤","2026-03-19 14:36:36.987053"
7045,"Gyumri",6.4,3.4,"Cold ❄️","2026-03-19 14:36:37.24727"
7046,"Vanadzor",5.8,10.9,"Cold ❄️","2026-03-19 14:36:37.5027"
7047,"Dilijan",6.5,8.2,"Cold ❄️","2026-03-19 14:36:37.755814"
7048,"Hrazdan",6.4,12.1,"Cold ❄️","2026-03-19 14:36:38.009853"
7049,"Abovyan",8.6,2.2,"Cold ❄️","2026-03-19 14:36:38.260083"
7050,"Kapan",8.9,8.6,"Cold ❄️","2026-03-19 14:36:38.509751"
7051,"Goris",6.1,7.6,"Cold ❄️","2026-03-19 14:36:38.774795"
7052,"Sevan",4.0,11.4,"Cold ❄️","2026-03-19 14:36:39.026489"
7053,"Ijevan",7.8,5.6,"Cold ❄️","2026-03-19 14:36:39.28163"
7054,"Armavir",14.4,3.5,"Mild 🌤","2026-03-19 14:36:39.76151"
7055,"Artashat",15.0,11.6,"Mild 🌤","2026-03-19 14:36:40.019017"
7056,"Sisian",6.4,10.4,"Cold ❄️","2026-03-19 14:36:40.269325"
7283,"Goris",6.1,7.6,"Cold ❄️","2026-03-19 14:39:46.224291"
7284,"Sevan",4.0,11.4,"Cold ❄️","2026-03-19 14:39:46.475929"
7285,"Ijevan",7.8,5.6,"Cold ❄️","2026-03-19 14:39:46.735887"
7286,"Armavir",14.4,3.5,"Mild 🌤","2026-03-19 14:39:46.997121"
7287,"Artashat",15.0,11.6,"Mild 🌤","2026-03-19 14:39:47.262315"
7288,"Sisian",6.4,10.4,"Cold ❄️","2026-03-19 14:39:47.524538"
7314,"Yerevan",13.6,3.4,"Mild 🌤","2026-03-19 14:40:08.927029"
7315,"Gyumri",6.4,3.4,"Cold ❄️","2026-03-19 14:40:09.981906"
7316,"Vanadzor",5.8,10.9,"Cold ❄️","2026-03-19 14:40:10.618049"
7317,"Dilijan",6.5,8.2,"Cold ❄️","2026-03-19 14:40:11.378932"
7318,"Hrazdan",6.4,12.1,"Cold ❄️","2026-03-19 14:40:11.927064"
7319,"Abovyan",8.6,2.2,"Cold ❄️","2026-03-19 14:40:12.323717"
7320,"Kapan",8.9,8.6,"Cold ❄️","2026-03-19 14:40:12.683012"
7321,"Goris",6.1,7.6,"Cold ❄️","2026-03-19 14:40:13.010539"
7322,"Sevan",4.0,11.4,"Cold ❄️","2026-03-19 14:40:13.305118"
7323,"Ijevan",7.8,5.6,"Cold ❄️","2026-03-19 14:40:13.561467"
7324,"Armavir",14.4,3.5,"Mild 🌤","2026-03-19 14:40:13.811958"
7325,"Artashat",15.0,11.6,"Mild 🌤","2026-03-19 14:40:14.069454"
7326,"Sisian",6.4,10.4,"Cold ❄️","2026-03-19 14:40:14.320073"
7353,"Yerevan",13.6,3.4,"Mild 🌤","2026-03-19 14:40:39.053072"
7354,"Gyumri",6.4,3.4,"Cold ❄️","2026-03-19 14:40:40.356667"
7355,"Vanadzor",5.8,10.9,"Cold ❄️","2026-03-19 14:40:40.61026"
7356,"Dilijan",6.5,8.2,"Cold ❄️","2026-03-19 14:40:40.872447"
7357,"Hrazdan",6.4,12.1,"Cold ❄️","2026-03-19 14:40:41.164427"
7358,"Abovyan",8.6,2.2,"Cold ❄️","2026-03-19 14:40:41.74779"
7359,"Kapan",8.9,8.6,"Cold ❄️","2026-03-19 14:40:42.003529"
7360,"Goris",6.1,7.6,"Cold ❄️","2026-03-19 14:40:42.261545"
7361,"Sevan",4.0,11.4,"Cold ❄️","2026-03-19 14:40:42.567719"
7362,"Ijevan",7.8,5.6,"Cold ❄️","2026-03-19 14:40:42.817876"
7363,"Armavir",14.4,3.5,"Mild 🌤","2026-03-19 14:40:43.080633"
7364,"Artashat",15.0,11.6,"Mild 🌤","2026-03-19 14:40:43.332198"
7365,"Sisian",6.4,10.4,"Cold ❄️","2026-03-19 14:40:43.584348"
7379,"Yerevan",13.6,3.4,"Mild 🌤","2026-03-19 14:40:58.955294"
7380,"Gyumri",6.4,3.4,"Cold ❄️","2026-03-19 14:40:59.947453"
7381,"Vanadzor",5.8,10.9,"Cold ❄️","2026-03-19 14:41:01.791028"
7382,"Dilijan",6.5,8.2,"Cold ❄️","2026-03-19 14:41:02.988027"
7383,"Hrazdan",6.4,12.1,"Cold ❄️","2026-03-19 14:41:04.125498"
7384,"Abovyan",8.6,2.2,"Cold ❄️","2026-03-19 14:41:04.387494"
7385,"Kapan",8.9,8.6,"Cold ❄️","2026-03-19 14:41:04.643548"
7386,"Goris",6.1,7.6,"Cold ❄️","2026-03-19 14:41:04.900549"
7387,"Sevan",4.0,11.4,"Cold ❄️","2026-03-19 14:41:05.159268"
7388,"Ijevan",7.8,5.6,"Cold ❄️","2026-03-19 14:41:05.413023"
7389,"Armavir",14.4,3.5,"Mild 🌤","2026-03-19 14:41:05.663014"
7390,"Artashat",15.0,11.6,"Mild 🌤","2026-03-19 14:41:05.925714"
7391,"Sisian",6.4,10.4,"Cold ❄️","2026-03-19 14:41:06.887979"
7418,"Yerevan",13.6,3.4,"Mild 🌤","2026-03-19 14:41:28.751473"
7419,"Gyumri",6.4,3.4,"Cold ❄️","2026-03-19 14:41:29.029831"
7420,"Vanadzor",5.8,10.9,"Cold ❄️","2026-03-19 14:41:30.365085"
7421,"Dilijan",6.5,8.2,"Cold ❄️","2026-03-19 14:41:30.646249"
7422,"Hrazdan",6.4,12.1,"Cold ❄️","2026-03-19 14:41:30.906292"
7423,"Abovyan",8.6,2.2,"Cold ❄️","2026-03-19 14:41:32.051299"
7424,"Kapan",8.9,8.6,"Cold ❄️","2026-03-19 14:41:33.124204"
7425,"Goris",6.1,7.6,"Cold ❄️","2026-03-19 14:41:34.775746"
7426,"Sevan",4.0,11.4,"Cold ❄️","2026-03-19 14:41:35.070057"
7427,"Ijevan",7.8,5.6,"Cold ❄️","2026-03-19 14:41:35.997533"
7428,"Armavir",14.4,3.5,"Mild 🌤","2026-03-19 14:41:37.426744"
7429,"Artashat",15.0,11.6,"Mild 🌤","2026-03-19 14:41:38.962271"
7430,"Sisian",6.4,10.4,"Cold ❄️","2026-03-19 14:41:39.835208"
7447,"Dilijan",6.5,8.2,"Cold ❄️","2026-03-19 14:41:52.905361"
7448,"Hrazdan",6.4,12.1,"Cold ❄️","2026-03-19 14:41:53.547241"
7449,"Abovyan",8.6,2.2,"Cold ❄️","2026-03-19 14:41:54.495986"
7450,"Kapan",8.9,8.6,"Cold ❄️","2026-03-19 14:41:54.751917"
7451,"Goris",6.1,7.6,"Cold ❄️","2026-03-19 14:41:55.040645"
7452,"Sevan",4.0,11.4,"Cold ❄️","2026-03-19 14:41:56.069186"
6983,"Hrazdan",6.4,12.1,"Cold ❄️","2026-03-19 14:35:53.490178"
6984,"Abovyan",8.6,2.2,"Cold ❄️","2026-03-19 14:35:54.08241"
6985,"Kapan",8.9,8.6,"Cold ❄️","2026-03-19 14:35:54.34194"
6986,"Goris",6.1,7.6,"Cold ❄️","2026-03-19 14:35:54.598605"
6987,"Sevan",4.0,11.4,"Cold ❄️","2026-03-19 14:35:54.848212"
6988,"Ijevan",7.8,5.6,"Cold ❄️","2026-03-19 14:35:55.102051"
6989,"Armavir",14.4,3.5,"Mild 🌤","2026-03-19 14:35:55.356296"
6990,"Artashat",15.0,11.6,"Mild 🌤","2026-03-19 14:35:55.616962"
6991,"Sisian",6.4,10.4,"Cold ❄️","2026-03-19 14:35:55.875643"
7018,"Yerevan",13.6,3.4,"Mild 🌤","2026-03-19 14:36:16.970349"
7019,"Gyumri",6.4,3.4,"Cold ❄️","2026-03-19 14:36:18.711023"
7020,"Vanadzor",5.8,10.9,"Cold ❄️","2026-03-19 14:36:19.035224"
7021,"Dilijan",6.5,8.2,"Cold ❄️","2026-03-19 14:36:21.106816"
7022,"Hrazdan",6.4,12.1,"Cold ❄️","2026-03-19 14:36:23.359376"
7023,"Abovyan",8.6,2.2,"Cold ❄️","2026-03-19 14:36:24.383257"
7024,"Kapan",8.9,8.6,"Cold ❄️","2026-03-19 14:36:28.076466"
7025,"Goris",6.1,7.6,"Cold ❄️","2026-03-19 14:36:28.405075"
7026,"Sevan",4.0,11.4,"Cold ❄️","2026-03-19 14:36:28.664333"
7027,"Ijevan",7.8,5.6,"Cold ❄️","2026-03-19 14:36:28.923492"
7028,"Armavir",14.4,3.5,"Mild 🌤","2026-03-19 14:36:29.467155"
7029,"Artashat",15.0,11.6,"Mild 🌤","2026-03-19 14:36:30.635929"
7030,"Sisian",6.4,10.4,"Cold ❄️","2026-03-19 14:36:31.039505"
7057,"Yerevan",13.6,3.4,"Mild 🌤","2026-03-19 14:36:46.509112"
7058,"Gyumri",6.4,3.4,"Cold ❄️","2026-03-19 14:36:46.772456"
7059,"Vanadzor",5.8,10.9,"Cold ❄️","2026-03-19 14:36:47.023592"
7060,"Dilijan",6.5,8.2,"Cold ❄️","2026-03-19 14:36:48.300268"
7061,"Hrazdan",6.4,12.1,"Cold ❄️","2026-03-19 14:36:48.976747"
7062,"Abovyan",8.6,2.2,"Cold ❄️","2026-03-19 14:36:49.23518"
7063,"Kapan",8.9,8.6,"Cold ❄️","2026-03-19 14:36:49.497337"
7064,"Goris",6.1,7.6,"Cold ❄️","2026-03-19 14:36:49.749009"
7065,"Sevan",4.0,11.4,"Cold ❄️","2026-03-19 14:36:50.010814"
7066,"Ijevan",7.8,5.6,"Cold ❄️","2026-03-19 14:36:50.263907"
7067,"Armavir",14.4,3.5,"Mild 🌤","2026-03-19 14:36:50.523648"
7068,"Artashat",15.0,11.6,"Mild 🌤","2026-03-19 14:36:50.771357"
7069,"Sisian",6.4,10.4,"Cold ❄️","2026-03-19 14:36:51.099989"
7296,"Goris",6.1,7.6,"Cold ❄️","2026-03-19 14:39:49.579645"
7297,"Sevan",4.0,11.4,"Cold ❄️","2026-03-19 14:39:49.843369"
7298,"Ijevan",7.8,5.6,"Cold ❄️","2026-03-19 14:39:50.108078"
7299,"Armavir",14.4,3.5,"Mild 🌤","2026-03-19 14:39:50.36885"
7300,"Artashat",15.0,11.6,"Mild 🌤","2026-03-19 14:39:50.629482"
7301,"Sisian",6.4,10.4,"Cold ❄️","2026-03-19 14:39:51.309088"
7327,"Yerevan",13.6,3.4,"Mild 🌤","2026-03-19 14:40:17.858468"
7328,"Gyumri",6.4,3.4,"Cold ❄️","2026-03-19 14:40:18.657684"
7329,"Vanadzor",5.8,10.9,"Cold ❄️","2026-03-19 14:40:18.993627"
7330,"Dilijan",6.5,8.2,"Cold ❄️","2026-03-19 14:40:19.281762"
7331,"Hrazdan",6.4,12.1,"Cold ❄️","2026-03-19 14:40:19.539087"
7332,"Abovyan",8.6,2.2,"Cold ❄️","2026-03-19 14:40:19.792102"
7333,"Kapan",8.9,8.6,"Cold ❄️","2026-03-19 14:40:20.901992"
7334,"Goris",6.1,7.6,"Cold ❄️","2026-03-19 14:40:21.651018"
7335,"Sevan",4.0,11.4,"Cold ❄️","2026-03-19 14:40:22.336946"
7336,"Ijevan",7.8,5.6,"Cold ❄️","2026-03-19 14:40:23.270917"
7337,"Armavir",14.4,3.5,"Mild 🌤","2026-03-19 14:40:24.283027"
7338,"Artashat",15.0,11.6,"Mild 🌤","2026-03-19 14:40:26.059058"
7339,"Sisian",6.4,10.4,"Cold ❄️","2026-03-19 14:40:26.468307"
7392,"Yerevan",13.6,3.4,"Mild 🌤","2026-03-19 14:41:08.178838"
7393,"Gyumri",6.4,3.4,"Cold ❄️","2026-03-19 14:41:08.424898"
7394,"Vanadzor",5.8,10.9,"Cold ❄️","2026-03-19 14:41:08.675204"
7395,"Dilijan",6.5,8.2,"Cold ❄️","2026-03-19 14:41:08.977504"
7396,"Hrazdan",6.4,12.1,"Cold ❄️","2026-03-19 14:41:09.233477"
7397,"Abovyan",8.6,2.2,"Cold ❄️","2026-03-19 14:41:09.490134"
7398,"Kapan",8.9,8.6,"Cold ❄️","2026-03-19 14:41:09.739822"
7399,"Goris",6.1,7.6,"Cold ❄️","2026-03-19 14:41:10.021324"
7400,"Sevan",4.0,11.4,"Cold ❄️","2026-03-19 14:41:10.297715"
7401,"Ijevan",7.8,5.6,"Cold ❄️","2026-03-19 14:41:10.557179"
7402,"Armavir",14.4,3.5,"Mild 🌤","2026-03-19 14:41:10.813756"
7403,"Artashat",15.0,11.6,"Mild 🌤","2026-03-19 14:41:11.092813"
7404,"Sisian",6.4,10.4,"Cold ❄️","2026-03-19 14:41:11.680067"
7431,"Yerevan",13.6,3.4,"Mild 🌤","2026-03-19 14:41:41.930841"
7432,"Gyumri",6.4,3.4,"Cold ❄️","2026-03-19 14:41:42.95636"
7433,"Vanadzor",5.8,10.9,"Cold ❄️","2026-03-19 14:41:43.470483"
7434,"Dilijan",6.5,8.2,"Cold ❄️","2026-03-19 14:41:44.51545"
7435,"Hrazdan",6.4,12.1,"Cold ❄️","2026-03-19 14:41:44.77866"
7436,"Abovyan",8.6,2.2,"Cold ❄️","2026-03-19 14:41:45.111599"
7437,"Kapan",8.9,8.6,"Cold ❄️","2026-03-19 14:41:46.138274"
7438,"Goris",6.1,7.6,"Cold ❄️","2026-03-19 14:41:47.365479"
7439,"Sevan",4.0,11.4,"Cold ❄️","2026-03-19 14:41:48.323997"
7440,"Ijevan",7.8,5.6,"Cold ❄️","2026-03-19 14:41:49.310441"
7441,"Armavir",14.4,3.5,"Mild 🌤","2026-03-19 14:41:50.258042"
7442,"Artashat",15.0,11.6,"Mild 🌤","2026-03-19 14:41:50.508734"
7443,"Sisian",6.4,10.4,"Cold ❄️","2026-03-19 14:41:50.770885"
7453,"Ijevan",7.8,5.6,"Cold ❄️","2026-03-19 14:41:56.985243"
7454,"Armavir",14.4,3.5,"Mild 🌤","2026-03-19 14:41:58.220034"
7455,"Artashat",15.0,11.6,"Mild 🌤","2026-03-19 14:41:59.750009"
7456,"Sisian",6.4,10.4,"Cold ❄️","2026-03-19 14:42:01.085983"
7457,"Yerevan",13.6,3.4,"Mild 🌤","2026-03-19 14:42:02.519933"
7458,"Gyumri",6.4,3.4,"Cold ❄️","2026-03-19 14:42:03.339845"
7459,"Vanadzor",5.8,10.9,"Cold ❄️","2026-03-19 14:42:04.25602"
7460,"Dilijan",6.5,8.2,"Cold ❄️","2026-03-19 14:42:05.459607"
7461,"Hrazdan",6.4,12.1,"Cold ❄️","2026-03-19 14:42:06.303642"
7462,"Abovyan",8.6,2.2,"Cold ❄️","2026-03-19 14:42:06.552579"
7463,"Kapan",8.9,8.6,"Cold ❄️","2026-03-19 14:42:06.81409"
7464,"Goris",6.1,7.6,"Cold ❄️","2026-03-19 14:42:07.163081"
7465,"Sevan",4.0,11.4,"Cold ❄️","2026-03-19 14:42:08.179131"
7466,"Ijevan",7.8,5.6,"Cold ❄️","2026-03-19 14:42:08.993314"
7467,"Armavir",14.4,3.5,"Mild 🌤","2026-03-19 14:42:09.30019"
7468,"Artashat",15.0,11.6,"Mild 🌤","2026-03-19 14:42:09.561178"
7469,"Sisian",6.4,10.4,"Cold ❄️","2026-03-19 14:42:09.817303"
7470,"Yerevan",13.6,3.4,"Mild 🌤","2026-03-19 14:42:10.095008"
7471,"Gyumri",6.4,3.4,"Cold ❄️","2026-03-19 14:42:10.364437"
7472,"Vanadzor",5.8,10.9,"Cold ❄️","2026-03-19 14:42:10.618123"
7473,"Dilijan",6.5,8.2,"Cold ❄️","2026-03-19 14:42:10.881985"
7474,"Hrazdan",6.4,12.1,"Cold ❄️","2026-03-19 14:42:11.261479"
7475,"Abovyan",8.6,2.2,"Cold ❄️","2026-03-19 14:42:11.750503"
7476,"Kapan",8.9,8.6,"Cold ❄️","2026-03-19 14:42:12.017495"
7477,"Goris",6.1,7.6,"Cold ❄️","2026-03-19 14:42:12.286662"
7478,"Sevan",4.0,11.4,"Cold ❄️","2026-03-19 14:42:12.555162"
7479,"Ijevan",7.8,5.6,"Cold ❄️","2026-03-19 14:42:12.806765"
7480,"Armavir",14.4,3.5,"Mild 🌤","2026-03-19 14:42:13.065132"
7481,"Artashat",15.0,11.6,"Mild 🌤","2026-03-19 14:42:13.319949"
7482,"Sisian",6.4,10.4,"Cold ❄️","2026-03-19 14:42:13.582211"
7483,"Yerevan",13.3,2.6,"Mild 🌤","2026-03-19 14:46:16.678936"
7484,"Gyumri",6.1,2.6,"Cold ❄️","2026-03-19 14:46:17.142655"
7485,"Vanadzor",5.6,10.6,"Cold ❄️","2026-03-19 14:46:18.192062"
7486,"Dilijan",6.2,7.7,"Cold ❄️","2026-03-19 14:46:19.032165"
7487,"Hrazdan",5.9,11.5,"Cold ❄️","2026-03-19 14:46:19.292536"
7488,"Abovyan",8.3,1.1,"Cold ❄️","2026-03-19 14:46:19.550482"
7489,"Kapan",8.7,8.2,"Cold ❄️","2026-03-19 14:46:20.847528"
7490,"Goris",5.9,7.6,"Cold ❄️","2026-03-19 14:46:21.65954"
7491,"Sevan",3.5,10.9,"Cold ❄️","2026-03-19 14:46:22.824386"
7492,"Ijevan",7.7,5.9,"Cold ❄️","2026-03-19 14:46:24.011698"
7493,"Armavir",14.1,4.6,"Mild 🌤","2026-03-19 14:46:25.386602"
7494,"Artashat",14.8,9.5,"Mild 🌤","2026-03-19 14:46:26.969992"
7495,"Sisian",6.1,9.2,"Cold ❄️","2026-03-19 14:46:27.224173"
7496,"Yerevan",13.3,2.6,"Mild 🌤","2026-03-19 14:46:27.496653"
7497,"Gyumri",6.1,2.6,"Cold ❄️","2026-03-19 14:46:27.759377"
7498,"Vanadzor",5.6,10.6,"Cold ❄️","2026-03-19 14:46:28.019959"
7499,"Dilijan",6.2,7.7,"Cold ❄️","2026-03-19 14:46:28.281866"
7500,"Hrazdan",5.9,11.5,"Cold ❄️","2026-03-19 14:46:28.539955"
7501,"Abovyan",8.3,1.1,"Cold ❄️","2026-03-19 14:46:28.805828"
7502,"Kapan",8.7,8.2,"Cold ❄️","2026-03-19 14:46:29.060599"
7503,"Goris",5.9,7.6,"Cold ❄️","2026-03-19 14:46:29.311544"
7504,"Sevan",3.5,10.9,"Cold ❄️","2026-03-19 14:46:29.567621"
7505,"Ijevan",7.7,5.9,"Cold ❄️","2026-03-19 14:46:29.823895"
7506,"Armavir",14.1,4.6,"Mild 🌤","2026-03-19 14:46:30.081162"
7507,"Artashat",14.8,9.5,"Mild 🌤","2026-03-19 14:46:30.354152"
7508,"Sisian",6.1,9.2,"Cold ❄️","2026-03-19 14:46:30.615481"
7509,"Yerevan",13.3,2.6,"Mild 🌤","2026-03-19 14:46:34.888695"
7510,"Gyumri",6.1,2.6,"Cold ❄️","2026-03-19 14:46:35.458973"
7511,"Vanadzor",5.6,10.6,"Cold ❄️","2026-03-19 14:46:36.958287"
7512,"Dilijan",6.2,7.7,"Cold ❄️","2026-03-19 14:46:37.774701"
7513,"Hrazdan",5.9,11.5,"Cold ❄️","2026-03-19 14:46:38.805332"
7514,"Abovyan",8.3,1.1,"Cold ❄️","2026-03-19 14:46:39.275271"
7515,"Kapan",8.7,8.2,"Cold ❄️","2026-03-19 14:46:40.332032"
7516,"Goris",5.9,7.6,"Cold ❄️","2026-03-19 14:46:41.360895"
7517,"Sevan",3.5,10.9,"Cold ❄️","2026-03-19 14:46:42.958605"
7518,"Ijevan",7.7,5.9,"Cold ❄️","2026-03-19 14:46:43.209413"
7519,"Armavir",14.1,4.6,"Mild 🌤","2026-03-19 14:46:43.467956"
7520,"Artashat",14.8,9.5,"Mild 🌤","2026-03-19 14:46:43.727491"
7521,"Sisian",6.1,9.2,"Cold ❄️","2026-03-19 14:46:43.983178"
7522,"Yerevan",13.3,2.6,"Mild 🌤","2026-03-19 14:46:45.296942"
7523,"Gyumri",6.1,2.6,"Cold ❄️","2026-03-19 14:46:45.54586"
7524,"Vanadzor",5.6,10.6,"Cold ❄️","2026-03-19 14:46:45.808258"
7525,"Dilijan",6.2,7.7,"Cold ❄️","2026-03-19 14:46:46.062181"
7526,"Hrazdan",5.9,11.5,"Cold ❄️","2026-03-19 14:46:46.347109"
7527,"Abovyan",8.3,1.1,"Cold ❄️","2026-03-19 14:46:46.608919"
7528,"Kapan",8.7,8.2,"Cold ❄️","2026-03-19 14:46:46.867"
7529,"Goris",5.9,7.6,"Cold ❄️","2026-03-19 14:46:47.122962"
7530,"Sevan",3.5,10.9,"Cold ❄️","2026-03-19 14:46:47.372941"
7531,"Ijevan",7.7,5.9,"Cold ❄️","2026-03-19 14:46:47.626165"
7532,"Armavir",14.1,4.6,"Mild 🌤","2026-03-19 14:46:47.888173"
7533,"Artashat",14.8,9.5,"Mild 🌤","2026-03-19 14:46:48.141516"
7534,"Sisian",6.1,9.2,"Cold ❄️","2026-03-19 14:46:48.400881"
7535,"Yerevan",13.3,2.6,"Mild 🌤","2026-03-19 14:46:56.002868"
7536,"Gyumri",6.1,2.6,"Cold ❄️","2026-03-19 14:46:56.376054"
7537,"Vanadzor",5.6,10.6,"Cold ❄️","2026-03-19 14:46:56.626036"
7538,"Dilijan",6.2,7.7,"Cold ❄️","2026-03-19 14:46:56.875925"
7539,"Hrazdan",5.9,11.5,"Cold ❄️","2026-03-19 14:46:57.138705"
7540,"Abovyan",8.3,1.1,"Cold ❄️","2026-03-19 14:46:57.394658"
7541,"Kapan",8.7,8.2,"Cold ❄️","2026-03-19 14:46:57.644142"
7542,"Goris",5.9,7.6,"Cold ❄️","2026-03-19 14:46:57.893377"
7543,"Sevan",3.5,10.9,"Cold ❄️","2026-03-19 14:46:58.156027"
7544,"Ijevan",7.7,5.9,"Cold ❄️","2026-03-19 14:46:58.406791"
7545,"Armavir",14.1,4.6,"Mild 🌤","2026-03-19 14:46:58.671099"
7546,"Artashat",14.8,9.5,"Mild 🌤","2026-03-19 14:46:58.922829"
7547,"Sisian",6.1,9.2,"Cold ❄️","2026-03-19 14:46:59.183153"
7548,"Yerevan",13.3,2.6,"Mild 🌤","2026-03-19 14:47:05.82811"
7549,"Gyumri",6.1,2.6,"Cold ❄️","2026-03-19 14:47:06.937723"
7550,"Vanadzor",5.6,10.6,"Cold ❄️","2026-03-19 14:47:08.174225"
7551,"Dilijan",6.2,7.7,"Cold ❄️","2026-03-19 14:47:09.379429"
7552,"Hrazdan",5.9,11.5,"Cold ❄️","2026-03-19 14:47:10.748676"
7553,"Abovyan",8.3,1.1,"Cold ❄️","2026-03-19 14:47:11.156416"
7554,"Kapan",8.7,8.2,"Cold ❄️","2026-03-19 14:47:11.67577"
7555,"Goris",5.9,7.6,"Cold ❄️","2026-03-19 14:47:11.927697"
7556,"Sevan",3.5,10.9,"Cold ❄️","2026-03-19 14:47:12.179368"
7557,"Ijevan",7.7,5.9,"Cold ❄️","2026-03-19 14:47:12.439527"
7558,"Armavir",14.1,4.6,"Mild 🌤","2026-03-19 14:47:12.695015"
7559,"Artashat",14.8,9.5,"Mild 🌤","2026-03-19 14:47:12.948054"
7560,"Sisian",6.1,9.2,"Cold ❄️","2026-03-19 14:47:13.201604"
7561,"Yerevan",13.3,2.6,"Mild 🌤","2026-03-19 14:47:16.512886"
7562,"Gyumri",6.1,2.6,"Cold ❄️","2026-03-19 14:47:16.773782"
7563,"Vanadzor",5.6,10.6,"Cold ❄️","2026-03-19 14:47:17.094206"
7564,"Dilijan",6.2,7.7,"Cold ❄️","2026-03-19 14:47:17.715149"
7565,"Hrazdan",5.9,11.5,"Cold ❄️","2026-03-19 14:47:18.633243"
7566,"Abovyan",8.3,1.1,"Cold ❄️","2026-03-19 14:47:19.007594"
7567,"Kapan",8.7,8.2,"Cold ❄️","2026-03-19 14:47:19.260354"
7568,"Goris",5.9,7.6,"Cold ❄️","2026-03-19 14:47:19.509436"
7569,"Sevan",3.5,10.9,"Cold ❄️","2026-03-19 14:47:19.756875"
7570,"Ijevan",7.7,5.9,"Cold ❄️","2026-03-19 14:47:20.012932"
7571,"Armavir",14.1,4.6,"Mild 🌤","2026-03-19 14:47:20.26475"
7572,"Artashat",14.8,9.5,"Mild 🌤","2026-03-19 14:47:20.528029"
7573,"Sisian",6.1,9.2,"Cold ❄️","2026-03-19 14:47:20.777627"
7574,"Yerevan",13.3,2.6,"Mild 🌤","2026-03-19 14:47:26.820416"
7575,"Gyumri",6.1,2.6,"Cold ❄️","2026-03-19 14:47:27.787635"
7576,"Vanadzor",5.6,10.6,"Cold ❄️","2026-03-19 14:47:28.975275"
7577,"Dilijan",6.2,7.7,"Cold ❄️","2026-03-19 14:47:29.8512"
7578,"Hrazdan",5.9,11.5,"Cold ❄️","2026-03-19 14:47:30.723306"
7579,"Abovyan",8.3,1.1,"Cold ❄️","2026-03-19 14:47:31.840036"
7580,"Kapan",8.7,8.2,"Cold ❄️","2026-03-19 14:47:32.974175"
7581,"Goris",5.9,7.6,"Cold ❄️","2026-03-19 14:47:33.227681"
7582,"Sevan",3.5,10.9,"Cold ❄️","2026-03-19 14:47:33.484653"
7583,"Ijevan",7.7,5.9,"Cold ❄️","2026-03-19 14:47:33.744158"
7584,"Armavir",14.1,4.6,"Mild 🌤","2026-03-19 14:47:34.002449"
7585,"Artashat",14.8,9.5,"Mild 🌤","2026-03-19 14:47:34.253533"
7586,"Sisian",6.1,9.2,"Cold ❄️","2026-03-19 14:47:34.50944"
7587,"Yerevan",13.3,2.6,"Mild 🌤","2026-03-19 14:47:36.783682"
7588,"Gyumri",6.1,2.6,"Cold ❄️","2026-03-19 14:47:37.062756"
7589,"Vanadzor",5.6,10.6,"Cold ❄️","2026-03-19 14:47:37.984064"
7590,"Dilijan",6.2,7.7,"Cold ❄️","2026-03-19 14:47:39.110902"
7591,"Hrazdan",5.9,11.5,"Cold ❄️","2026-03-19 14:47:40.390868"
7592,"Abovyan",8.3,1.1,"Cold ❄️","2026-03-19 14:47:40.671214"
7593,"Kapan",8.7,8.2,"Cold ❄️","2026-03-19 14:47:40.933663"
7594,"Goris",5.9,7.6,"Cold ❄️","2026-03-19 14:47:41.879104"
7595,"Sevan",3.5,10.9,"Cold ❄️","2026-03-19 14:47:43.499438"
7596,"Ijevan",7.7,5.9,"Cold ❄️","2026-03-19 14:47:44.845411"
7597,"Armavir",14.1,4.6,"Mild 🌤","2026-03-19 14:47:45.459454"
7598,"Artashat",14.8,9.5,"Mild 🌤","2026-03-19 14:47:47.405183"
7599,"Sisian",6.1,9.2,"Cold ❄️","2026-03-19 14:47:48.675714"
7600,"Yerevan",13.3,2.6,"Mild 🌤","2026-03-19 14:47:50.376404"
7601,"Gyumri",6.1,2.6,"Cold ❄️","2026-03-19 14:47:51.243524"
7602,"Vanadzor",5.6,10.6,"Cold ❄️","2026-03-19 14:47:52.121064"
7603,"Dilijan",6.2,7.7,"Cold ❄️","2026-03-19 14:47:53.037182"
7604,"Hrazdan",5.9,11.5,"Cold ❄️","2026-03-19 14:47:54.271959"
7605,"Abovyan",8.3,1.1,"Cold ❄️","2026-03-19 14:47:56.019106"
7606,"Kapan",8.7,8.2,"Cold ❄️","2026-03-19 14:47:56.278764"
7607,"Goris",5.9,7.6,"Cold ❄️","2026-03-19 14:47:56.532934"
7608,"Sevan",3.5,10.9,"Cold ❄️","2026-03-19 14:47:56.808383"
7609,"Ijevan",7.7,5.9,"Cold ❄️","2026-03-19 14:47:57.082845"
7610,"Armavir",14.1,4.6,"Mild 🌤","2026-03-19 14:47:57.358338"
7611,"Artashat",14.8,9.5,"Mild 🌤","2026-03-19 14:47:57.641777"
7612,"Sisian",6.1,9.2,"Cold ❄️","2026-03-19 14:47:57.928266"
7613,"Yerevan",13.3,2.6,"Mild 🌤","2026-03-19 14:47:56.803644"
7614,"Gyumri",6.1,2.6,"Cold ❄️","2026-03-19 14:47:57.078344"
7615,"Vanadzor",5.6,10.6,"Cold ❄️","2026-03-19 14:47:57.362488"
7616,"Dilijan",6.2,7.7,"Cold ❄️","2026-03-19 14:47:57.645053"
7617,"Hrazdan",5.9,11.5,"Cold ❄️","2026-03-19 14:47:57.924813"
7618,"Abovyan",8.3,1.1,"Cold ❄️","2026-03-19 14:47:58.184918"
7619,"Kapan",8.7,8.2,"Cold ❄️","2026-03-19 14:47:58.439836"
7620,"Goris",5.9,7.6,"Cold ❄️","2026-03-19 14:47:58.685973"
7621,"Sevan",3.5,10.9,"Cold ❄️","2026-03-19 14:47:58.942982"
7622,"Ijevan",7.7,5.9,"Cold ❄️","2026-03-19 14:47:59.204797"
7623,"Armavir",14.1,4.6,"Mild 🌤","2026-03-19 14:47:59.460953"
7624,"Artashat",14.8,9.5,"Mild 🌤","2026-03-19 14:47:59.721431"
7625,"Sisian",6.1,9.2,"Cold ❄️","2026-03-19 14:47:59.981838"
7626,"Yerevan",13.3,2.6,"Mild 🌤","2026-03-19 14:48:07.781334"
7627,"Gyumri",6.1,2.6,"Cold ❄️","2026-03-19 14:48:08.602169"
7628,"Vanadzor",5.6,10.6,"Cold ❄️","2026-03-19 14:48:09.728722"
7629,"Dilijan",6.2,7.7,"Cold ❄️","2026-03-19 14:48:10.895236"
7630,"Hrazdan",5.9,11.5,"Cold ❄️","2026-03-19 14:48:12.619516"
7631,"Abovyan",8.3,1.1,"Cold ❄️","2026-03-19 14:48:14.164424"
7632,"Kapan",8.7,8.2,"Cold ❄️","2026-03-19 14:48:14.422442"
7633,"Goris",5.9,7.6,"Cold ❄️","2026-03-19 14:48:14.685959"
7634,"Sevan",3.5,10.9,"Cold ❄️","2026-03-19 14:48:14.963226"
7635,"Ijevan",7.7,5.9,"Cold ❄️","2026-03-19 14:48:15.773456"
7636,"Armavir",14.1,4.6,"Mild 🌤","2026-03-19 14:48:16.99934"
7637,"Artashat",14.8,9.5,"Mild 🌤","2026-03-19 14:48:18.642967"
7638,"Sisian",6.1,9.2,"Cold ❄️","2026-03-19 14:48:20.239279"
7639,"Yerevan",13.3,2.6,"Mild 🌤","2026-03-19 14:48:22.629916"
7640,"Gyumri",6.1,2.6,"Cold ❄️","2026-03-19 14:48:24.97196"
7641,"Vanadzor",5.6,10.6,"Cold ❄️","2026-03-19 14:48:25.910752"
7642,"Dilijan",6.2,7.7,"Cold ❄️","2026-03-19 14:48:27.344299"
7643,"Hrazdan",5.9,11.5,"Cold ❄️","2026-03-19 14:48:28.46823"
7644,"Abovyan",8.3,1.1,"Cold ❄️","2026-03-19 14:48:30.756671"
7645,"Kapan",8.7,8.2,"Cold ❄️","2026-03-19 14:48:31.012727"
7646,"Goris",5.9,7.6,"Cold ❄️","2026-03-19 14:48:32.46888"
7647,"Sevan",3.5,10.9,"Cold ❄️","2026-03-19 14:48:32.791845"
7648,"Ijevan",7.7,5.9,"Cold ❄️","2026-03-19 14:48:33.363106"
7649,"Armavir",14.1,4.6,"Mild 🌤","2026-03-19 14:48:34.311628"
7650,"Artashat",14.8,9.5,"Mild 🌤","2026-03-19 14:48:35.740158"
7651,"Sisian",6.1,9.2,"Cold ❄️","2026-03-19 14:48:36.950273"
7652,"Yerevan",13.3,2.6,"Mild 🌤","2026-03-19 14:48:38.516483"
7653,"Gyumri",6.1,2.6,"Cold ❄️","2026-03-19 14:48:38.793168"
7654,"Vanadzor",5.6,10.6,"Cold ❄️","2026-03-19 14:48:39.174267"
7655,"Dilijan",6.2,7.7,"Cold ❄️","2026-03-19 14:48:40.462185"
7656,"Hrazdan",5.9,11.5,"Cold ❄️","2026-03-19 14:48:40.917431"
7657,"Abovyan",8.3,1.1,"Cold ❄️","2026-03-19 14:48:41.740406"
7658,"Kapan",8.7,8.2,"Cold ❄️","2026-03-19 14:48:42.149087"
7659,"Goris",5.9,7.6,"Cold ❄️","2026-03-19 14:48:42.987335"
7660,"Sevan",3.5,10.9,"Cold ❄️","2026-03-19 14:48:43.243978"
7661,"Ijevan",7.7,5.9,"Cold ❄️","2026-03-19 14:48:43.497238"
7662,"Armavir",14.1,4.6,"Mild 🌤","2026-03-19 14:48:43.759596"
7663,"Artashat",14.8,9.5,"Mild 🌤","2026-03-19 14:48:44.019731"
7664,"Sisian",6.1,9.2,"Cold ❄️","2026-03-19 14:48:44.277064"
7665,"Yerevan",13.3,2.6,"Mild 🌤","2026-03-19 14:48:44.541312"
7666,"Gyumri",6.1,2.6,"Cold ❄️","2026-03-19 14:48:44.796909"
7667,"Vanadzor",5.6,10.6,"Cold ❄️","2026-03-19 14:48:45.045607"
7668,"Dilijan",6.2,7.7,"Cold ❄️","2026-03-19 14:48:45.295465"
7669,"Hrazdan",5.9,11.5,"Cold ❄️","2026-03-19 14:48:45.576675"
7670,"Abovyan",8.3,1.1,"Cold ❄️","2026-03-19 14:48:45.830572"
7671,"Kapan",8.7,8.2,"Cold ❄️","2026-03-19 14:48:46.082778"
7672,"Goris",5.9,7.6,"Cold ❄️","2026-03-19 14:48:46.337671"
7673,"Sevan",3.5,10.9,"Cold ❄️","2026-03-19 14:48:46.593338"
7674,"Ijevan",7.7,5.9,"Cold ❄️","2026-03-19 14:48:46.850603"
7675,"Armavir",14.1,4.6,"Mild 🌤","2026-03-19 14:48:47.109305"
7676,"Artashat",14.8,9.5,"Mild 🌤","2026-03-19 14:48:47.3648"
7677,"Sisian",6.1,9.2,"Cold ❄️","2026-03-19 14:48:47.627036"
7678,"Yerevan",13.3,2.6,"Mild 🌤","2026-03-19 14:48:47.892279"
7679,"Gyumri",6.1,2.6,"Cold ❄️","2026-03-19 14:48:48.147734"
7680,"Vanadzor",5.6,10.6,"Cold ❄️","2026-03-19 14:48:48.396705"
7681,"Dilijan",6.2,7.7,"Cold ❄️","2026-03-19 14:48:48.666941"
7682,"Hrazdan",5.9,11.5,"Cold ❄️","2026-03-19 14:48:48.92329"
7683,"Abovyan",8.3,1.1,"Cold ❄️","2026-03-19 14:48:49.182454"
7684,"Kapan",8.7,8.2,"Cold ❄️","2026-03-19 14:48:49.474034"
7685,"Goris",5.9,7.6,"Cold ❄️","2026-03-19 14:48:49.734681"
7686,"Sevan",3.5,10.9,"Cold ❄️","2026-03-19 14:48:50.006543"
7687,"Ijevan",7.7,5.9,"Cold ❄️","2026-03-19 14:48:50.275164"
7688,"Armavir",14.1,4.6,"Mild 🌤","2026-03-19 14:48:50.529655"
7689,"Artashat",14.8,9.5,"Mild 🌤","2026-03-19 14:48:50.804017"
7690,"Sisian",6.1,9.2,"Cold ❄️","2026-03-19 14:48:51.05315"
7691,"Yerevan",13.3,2.6,"Mild 🌤","2026-03-19 14:48:58.797904"
7692,"Gyumri",6.1,2.6,"Cold ❄️","2026-03-19 14:48:59.116134"
7693,"Vanadzor",5.6,10.6,"Cold ❄️","2026-03-19 14:48:59.587606"
7694,"Dilijan",6.2,7.7,"Cold ❄️","2026-03-19 14:49:00.417662"
7695,"Hrazdan",5.9,11.5,"Cold ❄️","2026-03-19 14:49:01.004102"
7696,"Abovyan",8.3,1.1,"Cold ❄️","2026-03-19 14:49:01.388345"
7697,"Kapan",8.7,8.2,"Cold ❄️","2026-03-19 14:49:01.803848"
7698,"Goris",5.9,7.6,"Cold ❄️","2026-03-19 14:49:02.061325"
7699,"Sevan",3.5,10.9,"Cold ❄️","2026-03-19 14:49:02.315865"
7700,"Ijevan",7.7,5.9,"Cold ❄️","2026-03-19 14:49:02.571473"
7701,"Armavir",14.1,4.6,"Mild 🌤","2026-03-19 14:49:02.835748"
7702,"Artashat",14.8,9.5,"Mild 🌤","2026-03-19 14:49:03.094644"
7703,"Sisian",6.1,9.2,"Cold ❄️","2026-03-19 14:49:03.344123"
7704,"Yerevan",13.3,2.6,"Mild 🌤","2026-03-19 14:49:09.002478"
7705,"Gyumri",6.1,2.6,"Cold ❄️","2026-03-19 14:49:10.263753"
7706,"Vanadzor",5.6,10.6,"Cold ❄️","2026-03-19 14:49:10.517834"
7707,"Dilijan",6.2,7.7,"Cold ❄️","2026-03-19 14:49:10.782202"
7708,"Hrazdan",5.9,11.5,"Cold ❄️","2026-03-19 14:49:11.06756"
7709,"Abovyan",8.3,1.1,"Cold ❄️","2026-03-19 14:49:12.651102"
7710,"Kapan",8.7,8.2,"Cold ❄️","2026-03-19 14:49:13.935072"
7711,"Goris",5.9,7.6,"Cold ❄️","2026-03-19 14:49:14.533148"
7712,"Sevan",3.5,10.9,"Cold ❄️","2026-03-19 14:49:14.789145"
7713,"Ijevan",7.7,5.9,"Cold ❄️","2026-03-19 14:49:15.228095"
7714,"Armavir",14.1,4.6,"Mild 🌤","2026-03-19 14:49:16.219089"
7715,"Artashat",14.8,9.5,"Mild 🌤","2026-03-19 14:49:17.00439"
7716,"Sisian",6.1,9.2,"Cold ❄️","2026-03-19 14:49:17.65275"
7717,"Yerevan",13.3,2.6,"Mild 🌤","2026-03-19 14:49:18.98698"
7718,"Gyumri",6.1,2.6,"Cold ❄️","2026-03-19 14:49:21.307544"
7719,"Vanadzor",5.6,10.6,"Cold ❄️","2026-03-19 14:49:22.566845"
7720,"Dilijan",6.2,7.7,"Cold ❄️","2026-03-19 14:49:22.820751"
7721,"Hrazdan",5.9,11.5,"Cold ❄️","2026-03-19 14:49:23.154211"
7722,"Abovyan",8.3,1.1,"Cold ❄️","2026-03-19 14:49:23.766077"
7723,"Kapan",8.7,8.2,"Cold ❄️","2026-03-19 14:49:24.708515"
7724,"Goris",5.9,7.6,"Cold ❄️","2026-03-19 14:49:25.409318"
7725,"Sevan",3.5,10.9,"Cold ❄️","2026-03-19 14:49:26.988275"
7726,"Armavir",14.1,4.6,"Mild 🌤","2026-03-19 14:49:33.494152"
7727,"Artashat",14.8,9.5,"Mild 🌤","2026-03-19 14:49:34.852684"
7728,"Sisian",6.1,9.2,"Cold ❄️","2026-03-19 14:49:35.114553"
7729,"Yerevan",13.3,2.6,"Mild 🌤","2026-03-19 14:49:35.382506"
7730,"Gyumri",6.1,2.6,"Cold ❄️","2026-03-19 14:49:35.649307"
7731,"Vanadzor",5.6,10.6,"Cold ❄️","2026-03-19 14:49:35.921388"
7732,"Dilijan",6.2,7.7,"Cold ❄️","2026-03-19 14:49:36.197881"
7733,"Hrazdan",5.9,11.5,"Cold ❄️","2026-03-19 14:49:36.511661"
7734,"Abovyan",8.3,1.1,"Cold ❄️","2026-03-19 14:49:36.809466"
7735,"Kapan",8.7,8.2,"Cold ❄️","2026-03-19 14:49:37.063947"
7736,"Goris",5.9,7.6,"Cold ❄️","2026-03-19 14:49:37.33985"
7737,"Sevan",3.5,10.9,"Cold ❄️","2026-03-19 14:49:37.615225"
7738,"Ijevan",7.7,5.9,"Cold ❄️","2026-03-19 14:49:37.882754"
7739,"Armavir",14.1,4.6,"Mild 🌤","2026-03-19 14:49:38.147273"
7740,"Artashat",14.8,9.5,"Mild 🌤","2026-03-19 14:49:38.408782"
7741,"Sisian",6.1,9.2,"Cold ❄️","2026-03-19 14:49:38.668186"
7742,"Yerevan",10.5,4.8,"Mild 🌤","2026-03-21 06:22:04.910431"
7743,"Gyumri",4.7,5.4,"Cold ❄️","2026-03-21 06:22:05.42467"
7744,"Vanadzor",8.3,8.8,"Cold ❄️","2026-03-21 06:22:05.93595"
7745,"Dilijan",9.7,9.0,"Cold ❄️","2026-03-21 06:22:06.345237"
7746,"Hrazdan",4.4,24.2,"Cold ❄️","2026-03-21 06:22:06.859716"
7747,"Abovyan",6.8,8.7,"Cold ❄️","2026-03-21 06:22:07.471721"
7748,"Kapan",13.1,5.2,"Mild 🌤","2026-03-21 06:22:07.832714"
7749,"Goris",9.9,6.0,"Cold ❄️","2026-03-21 06:22:08.171643"
7750,"Sevan",3.8,30.0,"Cold ❄️","2026-03-21 06:22:08.516208"
7751,"Ijevan",12.5,7.3,"Mild 🌤","2026-03-21 06:22:08.864466"
7752,"Armavir",10.3,1.8,"Mild 🌤","2026-03-21 06:22:09.222242"
7753,"Artashat",10.5,2.3,"Mild 🌤","2026-03-21 06:22:09.565833"
7754,"Sisian",7.7,10.6,"Cold ❄️","2026-03-21 06:22:09.904204"
7755,"Yerevan",10.5,4.8,"Mild 🌤","2026-03-21 06:22:14.949155"
7756,"Gyumri",4.7,5.4,"Cold ❄️","2026-03-21 06:22:15.357666"
7757,"Dilijan",9.7,9.0,"Cold ❄️","2026-03-21 06:22:20.989224"
7758,"Hrazdan",4.4,24.2,"Cold ❄️","2026-03-21 06:22:21.398801"
7759,"Abovyan",6.8,8.7,"Cold ❄️","2026-03-21 06:22:21.81158"
7760,"Kapan",13.1,5.2,"Mild 🌤","2026-03-21 06:22:22.320531"
7761,"Goris",9.9,6.0,"Cold ❄️","2026-03-21 06:22:23.139144"
7762,"Sevan",3.8,30.0,"Cold ❄️","2026-03-21 06:22:23.753587"
7763,"Ijevan",12.5,7.3,"Mild 🌤","2026-03-21 06:22:24.1631"
7764,"Armavir",10.3,1.8,"Mild 🌤","2026-03-21 06:22:24.57337"
7765,"Artashat",10.5,2.3,"Mild 🌤","2026-03-21 06:22:25.085558"
7766,"Sisian",7.7,10.6,"Cold ❄️","2026-03-21 06:22:25.495054"
7767,"Yerevan",10.5,4.8,"Mild 🌤","2026-03-21 06:22:25.864335"
7768,"Gyumri",4.7,5.4,"Cold ❄️","2026-03-21 06:22:26.236202"
7769,"Vanadzor",8.3,8.8,"Cold ❄️","2026-03-21 06:22:26.584111"
7770,"Dilijan",9.7,9.0,"Cold ❄️","2026-03-21 06:22:26.917799"
7771,"Hrazdan",4.4,24.2,"Cold ❄️","2026-03-21 06:22:27.684008"
7772,"Abovyan",6.8,8.7,"Cold ❄️","2026-03-21 06:22:28.047336"
7773,"Kapan",13.1,5.2,"Mild 🌤","2026-03-21 06:22:28.397628"
7774,"Goris",9.9,6.0,"Cold ❄️","2026-03-21 06:22:28.764521"
7775,"Sevan",3.8,30.0,"Cold ❄️","2026-03-21 06:22:29.116546"
7776,"Ijevan",12.5,7.3,"Mild 🌤","2026-03-21 06:22:29.469173"
7777,"Armavir",10.3,1.8,"Mild 🌤","2026-03-21 06:22:29.809075"
7778,"Artashat",10.5,2.3,"Mild 🌤","2026-03-21 06:22:30.166253"
7779,"Sisian",7.7,10.6,"Cold ❄️","2026-03-21 06:22:30.511498"
7780,"Yerevan",10.5,4.8,"Mild 🌤","2026-03-21 06:22:35.20656"
7781,"Gyumri",4.7,5.4,"Cold ❄️","2026-03-21 06:22:35.630995"
7782,"Vanadzor",8.3,8.8,"Cold ❄️","2026-03-21 06:22:36.040946"
7783,"Dilijan",9.7,9.0,"Cold ❄️","2026-03-21 06:22:36.65501"
7784,"Hrazdan",4.4,24.2,"Cold ❄️","2026-03-21 06:22:37.172456"
7785,"Abovyan",6.8,8.7,"Cold ❄️","2026-03-21 06:22:37.653152"
7786,"Kapan",13.1,5.2,"Mild 🌤","2026-03-21 06:22:38.009042"
7787,"Goris",9.9,6.0,"Cold ❄️","2026-03-21 06:22:38.361782"
7788,"Sevan",3.8,30.0,"Cold ❄️","2026-03-21 06:22:38.701335"
7789,"Ijevan",12.5,7.3,"Mild 🌤","2026-03-21 06:22:39.050784"
7790,"Armavir",10.3,1.8,"Mild 🌤","2026-03-21 06:22:39.399291"
7791,"Artashat",10.5,2.3,"Mild 🌤","2026-03-21 06:22:39.743751"
7792,"Sisian",7.7,10.6,"Cold ❄️","2026-03-21 06:22:40.104239"
7793,"Yerevan",10.5,4.8,"Mild 🌤","2026-03-21 06:22:45.357359"
7794,"Gyumri",4.7,5.4,"Cold ❄️","2026-03-21 06:22:45.767844"
7795,"Vanadzor",8.3,8.8,"Cold ❄️","2026-03-21 06:22:46.280148"
7796,"Dilijan",9.7,9.0,"Cold ❄️","2026-03-21 06:22:46.755216"
7797,"Hrazdan",4.4,24.2,"Cold ❄️","2026-03-21 06:22:47.200008"
7798,"Abovyan",6.8,8.7,"Cold ❄️","2026-03-21 06:22:47.596008"
7799,"Kapan",13.1,5.2,"Mild 🌤","2026-03-21 06:22:47.930433"
7800,"Goris",9.9,6.0,"Cold ❄️","2026-03-21 06:22:48.262915"
7801,"Sevan",3.8,30.0,"Cold ❄️","2026-03-21 06:22:48.628166"
7802,"Ijevan",12.5,7.3,"Mild 🌤","2026-03-21 06:22:48.96449"
7803,"Armavir",10.3,1.8,"Mild 🌤","2026-03-21 06:22:49.293131"
7804,"Artashat",10.5,2.3,"Mild 🌤","2026-03-21 06:22:49.637204"
7805,"Sisian",7.7,10.6,"Cold ❄️","2026-03-21 06:22:49.998506"
7806,"Yerevan",10.5,4.8,"Mild 🌤","2026-03-21 06:22:55.186149"
7807,"Gyumri",4.7,5.4,"Cold ❄️","2026-03-21 06:22:56.007395"
7808,"Vanadzor",8.3,8.8,"Cold ❄️","2026-03-21 06:22:56.417677"
7809,"Dilijan",9.7,9.0,"Cold ❄️","2026-03-21 06:22:57.030633"
7810,"Hrazdan",4.4,24.2,"Cold ❄️","2026-03-21 06:22:57.644925"
7811,"Abovyan",6.8,8.7,"Cold ❄️","2026-03-21 06:22:58.259416"
7812,"Kapan",13.1,5.2,"Mild 🌤","2026-03-21 06:22:58.669152"
7813,"Goris",9.9,6.0,"Cold ❄️","2026-03-21 06:22:59.078636"
7814,"Sevan",3.8,30.0,"Cold ❄️","2026-03-21 06:22:59.48821"
7815,"Ijevan",12.5,7.3,"Mild 🌤","2026-03-21 06:22:59.839274"
7816,"Armavir",10.3,1.8,"Mild 🌤","2026-03-21 06:23:00.183283"
7817,"Artashat",10.5,2.3,"Mild 🌤","2026-03-21 06:23:00.555943"
7818,"Sisian",7.7,10.6,"Cold ❄️","2026-03-21 06:23:00.918627"
7819,"Yerevan",10.5,4.8,"Mild 🌤","2026-03-21 06:23:05.940548"
7820,"Gyumri",4.7,5.4,"Cold ❄️","2026-03-21 06:23:06.35398"
7821,"Vanadzor",8.3,8.8,"Cold ❄️","2026-03-21 06:23:06.858543"
7822,"Dilijan",9.7,9.0,"Cold ❄️","2026-03-21 06:23:07.27537"
7823,"Hrazdan",4.4,24.2,"Cold ❄️","2026-03-21 06:23:07.770017"
7824,"Abovyan",6.8,8.7,"Cold ❄️","2026-03-21 06:23:08.120263"
7825,"Kapan",13.1,5.2,"Mild 🌤","2026-03-21 06:23:08.455844"
7826,"Goris",9.9,6.0,"Cold ❄️","2026-03-21 06:23:08.793176"
7827,"Sevan",3.8,30.0,"Cold ❄️","2026-03-21 06:23:09.134009"
7828,"Ijevan",12.5,7.3,"Mild 🌤","2026-03-21 06:23:09.481545"
7829,"Armavir",10.3,1.8,"Mild 🌤","2026-03-21 06:23:09.863203"
7830,"Artashat",10.5,2.3,"Mild 🌤","2026-03-21 06:23:10.20909"
7831,"Sisian",7.7,10.6,"Cold ❄️","2026-03-21 06:23:10.581446"
7832,"Yerevan",10.5,4.8,"Mild 🌤","2026-03-21 06:23:16.091469"
7833,"Gyumri",4.7,5.4,"Cold ❄️","2026-03-21 06:23:16.606181"
7834,"Vanadzor",8.3,8.8,"Cold ❄️","2026-03-21 06:23:17.118638"
7835,"Dilijan",9.7,9.0,"Cold ❄️","2026-03-21 06:23:17.62338"
7836,"Hrazdan",4.4,24.2,"Cold ❄️","2026-03-21 06:23:18.13014"
7837,"Abovyan",6.8,8.7,"Cold ❄️","2026-03-21 06:23:19.667579"
7838,"Kapan",13.1,5.2,"Mild 🌤","2026-03-21 06:23:20.603499"
7839,"Goris",9.9,6.0,"Cold ❄️","2026-03-21 06:23:21.116398"
7840,"Sevan",3.8,30.0,"Cold ❄️","2026-03-21 06:23:21.613346"
7841,"Ijevan",12.5,7.3,"Mild 🌤","2026-03-21 06:23:21.97929"
7842,"Armavir",10.3,1.8,"Mild 🌤","2026-03-21 06:23:22.32689"
7843,"Artashat",10.5,2.3,"Mild 🌤","2026-03-21 06:23:22.685744"
7844,"Sisian",7.7,10.6,"Cold ❄️","2026-03-21 06:23:23.079306"
7845,"Yerevan",10.5,4.8,"Mild 🌤","2026-03-21 06:23:26.546618"
7846,"Gyumri",4.7,5.4,"Cold ❄️","2026-03-21 06:23:26.958215"
7847,"Vanadzor",8.3,8.8,"Cold ❄️","2026-03-21 06:23:27.675736"
7848,"Dilijan",9.7,9.0,"Cold ❄️","2026-03-21 06:23:28.08595"
7849,"Hrazdan",4.4,24.2,"Cold ❄️","2026-03-21 06:23:28.495523"
7850,"Abovyan",6.8,8.7,"Cold ❄️","2026-03-21 06:23:29.93035"
7851,"Kapan",13.1,5.2,"Mild 🌤","2026-03-21 06:23:30.340306"
7852,"Goris",9.9,6.0,"Cold ❄️","2026-03-21 06:23:30.852769"
7853,"Sevan",3.8,30.0,"Cold ❄️","2026-03-21 06:23:31.467717"
7854,"Ijevan",12.5,7.3,"Mild 🌤","2026-03-21 06:23:31.98011"
7855,"Armavir",10.3,1.8,"Mild 🌤","2026-03-21 06:23:32.390151"
7856,"Sisian",7.7,10.6,"Cold ❄️","2026-03-21 06:23:38.127824"
7857,"Yerevan",10.5,4.8,"Mild 🌤","2026-03-21 06:23:38.722696"
7858,"Gyumri",4.7,5.4,"Cold ❄️","2026-03-21 06:23:39.161878"
7859,"Vanadzor",8.3,8.8,"Cold ❄️","2026-03-21 06:23:39.53418"
7860,"Dilijan",9.7,9.0,"Cold ❄️","2026-03-21 06:23:39.869421"
7861,"Hrazdan",4.4,24.2,"Cold ❄️","2026-03-21 06:23:40.216371"
7862,"Abovyan",6.8,8.7,"Cold ❄️","2026-03-21 06:23:40.562562"
7863,"Kapan",13.1,5.2,"Mild 🌤","2026-03-21 06:23:40.915767"
7864,"Goris",9.9,6.0,"Cold ❄️","2026-03-21 06:23:41.270578"
7865,"Sevan",3.8,30.0,"Cold ❄️","2026-03-21 06:23:41.621315"
7866,"Ijevan",12.5,7.3,"Mild 🌤","2026-03-21 06:23:41.957171"
7867,"Armavir",10.3,1.8,"Mild 🌤","2026-03-21 06:23:42.318424"
7868,"Artashat",10.5,2.3,"Mild 🌤","2026-03-21 06:23:42.660749"
7869,"Sisian",7.7,10.6,"Cold ❄️","2026-03-21 06:23:42.991122"
7870,"Yerevan",10.5,4.8,"Mild 🌤","2026-03-21 06:23:46.629818"
7871,"Gyumri",4.7,5.4,"Cold ❄️","2026-03-21 06:23:47.143762"
7872,"Vanadzor",8.3,8.8,"Cold ❄️","2026-03-21 06:23:47.537531"
7873,"Dilijan",9.7,9.0,"Cold ❄️","2026-03-21 06:23:47.963541"
7874,"Hrazdan",4.4,24.2,"Cold ❄️","2026-03-21 06:23:48.373371"
7875,"Abovyan",6.8,8.7,"Cold ❄️","2026-03-21 06:23:48.885448"
7876,"Kapan",13.1,5.2,"Mild 🌤","2026-03-21 06:23:49.500489"
7877,"Goris",9.9,6.0,"Cold ❄️","2026-03-21 06:23:49.841401"
7878,"Sevan",3.8,30.0,"Cold ❄️","2026-03-21 06:23:50.171711"
7879,"Ijevan",12.5,7.3,"Mild 🌤","2026-03-21 06:23:50.553262"
7880,"Armavir",10.3,1.8,"Mild 🌤","2026-03-21 06:23:50.904459"
7881,"Artashat",10.5,2.3,"Mild 🌤","2026-03-21 06:23:51.283966"
7882,"Sisian",7.7,10.6,"Cold ❄️","2026-03-21 06:23:52.66737"
7883,"Yerevan",10.5,4.8,"Mild 🌤","2026-03-21 06:23:56.771733"
7884,"Gyumri",4.7,5.4,"Cold ❄️","2026-03-21 06:23:57.285633"
7885,"Vanadzor",8.3,8.8,"Cold ❄️","2026-03-21 06:23:57.695779"
7886,"Dilijan",9.7,9.0,"Cold ❄️","2026-03-21 06:23:58.105106"
7887,"Hrazdan",4.4,24.2,"Cold ❄️","2026-03-21 06:23:58.515314"
7888,"Abovyan",6.8,8.7,"Cold ❄️","2026-03-21 06:23:59.026982"
7889,"Kapan",13.1,5.2,"Mild 🌤","2026-03-21 06:23:59.43697"
7890,"Goris",9.9,6.0,"Cold ❄️","2026-03-21 06:23:59.790551"
7891,"Sevan",3.8,30.0,"Cold ❄️","2026-03-21 06:24:00.133443"
7892,"Ijevan",12.5,7.3,"Mild 🌤","2026-03-21 06:24:01.690658"
7893,"Armavir",10.3,1.8,"Mild 🌤","2026-03-21 06:24:02.305077"
7894,"Artashat",10.5,2.3,"Mild 🌤","2026-03-21 06:24:02.714858"
7895,"Sisian",7.7,10.6,"Cold ❄️","2026-03-21 06:24:03.460747"
7896,"Yerevan",10.5,4.8,"Mild 🌤","2026-03-21 06:24:06.912666"
7897,"Gyumri",4.7,5.4,"Cold ❄️","2026-03-21 06:24:07.323891"
7898,"Vanadzor",8.3,8.8,"Cold ❄️","2026-03-21 06:24:07.733815"
7899,"Dilijan",9.7,9.0,"Cold ❄️","2026-03-21 06:24:08.143998"
7900,"Hrazdan",4.4,24.2,"Cold ❄️","2026-03-21 06:24:09.065216"
7901,"Abovyan",6.8,8.7,"Cold ❄️","2026-03-21 06:24:09.475812"
7902,"Kapan",13.1,5.2,"Mild 🌤","2026-03-21 06:24:09.885257"
7903,"Goris",9.9,6.0,"Cold ❄️","2026-03-21 06:24:10.397172"
7904,"Sevan",3.8,30.0,"Cold ❄️","2026-03-21 06:24:10.80707"
7905,"Ijevan",12.5,7.3,"Mild 🌤","2026-03-21 06:24:11.421488"
7906,"Armavir",10.3,1.8,"Mild 🌤","2026-03-21 06:24:11.781146"
7907,"Artashat",10.5,2.3,"Mild 🌤","2026-03-21 06:24:12.116808"
7908,"Sisian",7.7,10.6,"Cold ❄️","2026-03-21 06:24:12.473406"
7909,"Yerevan",10.5,4.8,"Mild 🌤","2026-03-21 06:24:17.155264"
7910,"Gyumri",4.7,5.4,"Cold ❄️","2026-03-21 06:24:17.566592"
7911,"Vanadzor",8.3,8.8,"Cold ❄️","2026-03-21 06:24:18.488516"
7912,"Dilijan",9.7,9.0,"Cold ❄️","2026-03-21 06:24:18.898402"
7913,"Hrazdan",4.4,24.2,"Cold ❄️","2026-03-21 06:24:19.307892"
7914,"Abovyan",6.8,8.7,"Cold ❄️","2026-03-21 06:24:19.718427"
7915,"Kapan",13.1,5.2,"Mild 🌤","2026-03-21 06:24:20.233135"
7916,"Goris",9.9,6.0,"Cold ❄️","2026-03-21 06:24:20.640944"
7917,"Sevan",3.8,30.0,"Cold ❄️","2026-03-21 06:24:21.253931"
7918,"Ijevan",12.5,7.3,"Mild 🌤","2026-03-21 06:24:21.651809"
7919,"Armavir",10.3,1.8,"Mild 🌤","2026-03-21 06:24:21.989364"
7920,"Artashat",10.5,2.3,"Mild 🌤","2026-03-21 06:24:22.321898"
7921,"Sisian",7.7,10.6,"Cold ❄️","2026-03-21 06:24:22.675626"
7922,"Yerevan",10.5,4.8,"Mild 🌤","2026-03-21 06:24:26.987907"
7923,"Gyumri",4.7,5.4,"Cold ❄️","2026-03-21 06:24:27.501529"
7924,"Vanadzor",8.3,8.8,"Cold ❄️","2026-03-21 06:24:27.911353"
7925,"Dilijan",9.7,9.0,"Cold ❄️","2026-03-21 06:24:28.526514"
7926,"Hrazdan",4.4,24.2,"Cold ❄️","2026-03-21 06:24:29.038211"
7927,"Abovyan",6.8,8.7,"Cold ❄️","2026-03-21 06:24:29.448311"
7928,"Kapan",13.1,5.2,"Mild 🌤","2026-03-21 06:24:29.789812"
7929,"Goris",9.9,6.0,"Cold ❄️","2026-03-21 06:24:30.156389"
7930,"Sevan",3.8,30.0,"Cold ❄️","2026-03-21 06:24:30.512192"
7931,"Ijevan",12.5,7.3,"Mild 🌤","2026-03-21 06:24:30.856723"
7932,"Armavir",10.3,1.8,"Mild 🌤","2026-03-21 06:24:31.188928"
7933,"Artashat",10.5,2.3,"Mild 🌤","2026-03-21 06:24:31.524248"
7934,"Sisian",7.7,10.6,"Cold ❄️","2026-03-21 06:24:31.938024"
7935,"Yerevan",10.5,4.8,"Mild 🌤","2026-03-21 06:24:36.922365"
7936,"Gyumri",4.7,5.4,"Cold ❄️","2026-03-21 06:24:37.332537"
7937,"Vanadzor",8.3,8.8,"Cold ❄️","2026-03-21 06:24:37.743543"
7938,"Dilijan",9.7,9.0,"Cold ❄️","2026-03-21 06:24:38.255534"
7939,"Hrazdan",4.4,24.2,"Cold ❄️","2026-03-21 06:24:38.767451"
7940,"Abovyan",6.8,8.7,"Cold ❄️","2026-03-21 06:24:39.279791"
7941,"Kapan",13.1,5.2,"Mild 🌤","2026-03-21 06:24:39.791808"
7942,"Goris",9.9,6.0,"Cold ❄️","2026-03-21 06:24:40.40632"
7943,"Sevan",3.8,30.0,"Cold ❄️","2026-03-21 06:24:40.816091"
7944,"Ijevan",12.5,7.3,"Mild 🌤","2026-03-21 06:24:41.525699"
7945,"Armavir",10.3,1.8,"Mild 🌤","2026-03-21 06:24:42.147409"
7946,"Artashat",10.5,2.3,"Mild 🌤","2026-03-21 06:24:42.557069"
7947,"Sisian",7.7,10.6,"Cold ❄️","2026-03-21 06:24:43.171889"
7948,"Yerevan",10.5,4.8,"Mild 🌤","2026-03-21 06:24:47.266729"
7949,"Gyumri",4.7,5.4,"Cold ❄️","2026-03-21 06:24:47.882854"
7950,"Vanadzor",8.3,8.8,"Cold ❄️","2026-03-21 06:24:48.394523"
7951,"Dilijan",9.7,9.0,"Cold ❄️","2026-03-21 06:24:49.008816"
7952,"Hrazdan",4.4,24.2,"Cold ❄️","2026-03-21 06:24:49.521037"
7953,"Abovyan",6.8,8.7,"Cold ❄️","2026-03-21 06:24:49.93094"
7954,"Kapan",13.1,5.2,"Mild 🌤","2026-03-21 06:24:50.443205"
7955,"Goris",9.9,6.0,"Cold ❄️","2026-03-21 06:24:50.956335"
7956,"Sevan",3.8,30.0,"Cold ❄️","2026-03-21 06:24:51.466997"
7957,"Ijevan",12.5,7.3,"Mild 🌤","2026-03-21 06:24:51.805896"
7958,"Armavir",10.3,1.8,"Mild 🌤","2026-03-21 06:24:52.155234"
7959,"Artashat",10.5,2.3,"Mild 🌤","2026-03-21 06:24:52.517702"
7960,"Sisian",7.7,10.6,"Cold ❄️","2026-03-21 06:24:52.843122"
7961,"Yerevan",10.5,4.8,"Mild 🌤","2026-03-21 06:24:57.200628"
7962,"Gyumri",4.7,5.4,"Cold ❄️","2026-03-21 06:24:57.61204"
7963,"Vanadzor",8.3,8.8,"Cold ❄️","2026-03-21 06:24:58.124209"
7964,"Dilijan",9.7,9.0,"Cold ❄️","2026-03-21 06:24:58.533568"
7965,"Hrazdan",4.4,24.2,"Cold ❄️","2026-03-21 06:24:58.943578"
7966,"Abovyan",6.8,8.7,"Cold ❄️","2026-03-21 06:24:59.353036"
7967,"Kapan",13.1,5.2,"Mild 🌤","2026-03-21 06:24:59.704656"
7968,"Goris",9.9,6.0,"Cold ❄️","2026-03-21 06:25:00.073095"
7969,"Sevan",3.8,30.0,"Cold ❄️","2026-03-21 06:25:00.479312"
7970,"Ijevan",12.5,7.3,"Mild 🌤","2026-03-21 06:25:00.844732"
7971,"Armavir",10.3,1.8,"Mild 🌤","2026-03-21 06:25:01.183267"
7972,"Artashat",10.5,2.3,"Mild 🌤","2026-03-21 06:25:01.54889"
7973,"Sisian",7.7,10.6,"Cold ❄️","2026-03-21 06:25:01.916299"
7974,"Yerevan",10.5,4.8,"Mild 🌤","2026-03-21 06:25:07.646332"
7975,"Gyumri",4.7,5.4,"Cold ❄️","2026-03-21 06:25:08.160497"
7976,"Vanadzor",8.3,8.8,"Cold ❄️","2026-03-21 06:25:08.877029"
7977,"Dilijan",9.7,9.0,"Cold ❄️","2026-03-21 06:25:09.389245"
7978,"Hrazdan",4.4,24.2,"Cold ❄️","2026-03-21 06:25:09.901216"
7979,"Abovyan",6.8,8.7,"Cold ❄️","2026-03-21 06:25:10.413373"
7980,"Kapan",13.1,5.2,"Mild 🌤","2026-03-21 06:25:10.824605"
7981,"Goris",9.9,6.0,"Cold ❄️","2026-03-21 06:25:11.233533"
7982,"Sevan",3.8,30.0,"Cold ❄️","2026-03-21 06:25:11.628973"
7983,"Ijevan",12.5,7.3,"Mild 🌤","2026-03-21 06:25:11.978682"
7984,"Armavir",10.3,1.8,"Mild 🌤","2026-03-21 06:25:12.350781"
7985,"Artashat",10.5,2.3,"Mild 🌤","2026-03-21 06:25:12.737655"
7986,"Sisian",7.7,10.6,"Cold ❄️","2026-03-21 06:25:13.074971"
7987,"Yerevan",10.5,4.8,"Mild 🌤","2026-03-21 06:25:17.32025"
7988,"Gyumri",4.7,5.4,"Cold ❄️","2026-03-21 06:25:17.696278"
7989,"Vanadzor",8.3,8.8,"Cold ❄️","2026-03-21 06:25:18.052813"
7990,"Dilijan",9.7,9.0,"Cold ❄️","2026-03-21 06:25:18.385542"
7991,"Hrazdan",4.4,24.2,"Cold ❄️","2026-03-21 06:25:19.988663"
7992,"Abovyan",6.8,8.7,"Cold ❄️","2026-03-21 06:25:20.339314"
7993,"Kapan",13.1,5.2,"Mild 🌤","2026-03-21 06:25:20.683117"
7994,"Goris",9.9,6.0,"Cold ❄️","2026-03-21 06:25:21.033823"
7995,"Sevan",3.8,30.0,"Cold ❄️","2026-03-21 06:25:21.377492"
7996,"Ijevan",12.5,7.3,"Mild 🌤","2026-03-21 06:25:21.735114"
7997,"Armavir",10.3,1.8,"Mild 🌤","2026-03-21 06:25:22.07401"
7998,"Artashat",10.5,2.3,"Mild 🌤","2026-03-21 06:25:22.418074"
7999,"Sisian",7.7,10.6,"Cold ❄️","2026-03-21 06:25:22.757718"
8000,"Yerevan",10.5,4.8,"Mild 🌤","2026-03-21 06:25:27.539063"
8001,"Gyumri",4.7,5.4,"Cold ❄️","2026-03-21 06:25:28.018145"
8002,"Vanadzor",8.3,8.8,"Cold ❄️","2026-03-21 06:25:28.635908"
8003,"Dilijan",9.7,9.0,"Cold ❄️","2026-03-21 06:25:29.24693"
8004,"Hrazdan",4.4,24.2,"Cold ❄️","2026-03-21 06:25:29.711384"
8005,"Abovyan",6.8,8.7,"Cold ❄️","2026-03-21 06:25:30.065932"
8006,"Kapan",13.1,5.2,"Mild 🌤","2026-03-21 06:25:30.446973"
8007,"Goris",9.9,6.0,"Cold ❄️","2026-03-21 06:25:31.156167"
8008,"Sevan",3.8,30.0,"Cold ❄️","2026-03-21 06:25:31.517227"
8009,"Ijevan",12.5,7.3,"Mild 🌤","2026-03-21 06:25:31.871285"
8010,"Armavir",10.3,1.8,"Mild 🌤","2026-03-21 06:25:32.235074"
8011,"Artashat",10.5,2.3,"Mild 🌤","2026-03-21 06:25:32.574626"
8012,"Sisian",7.7,10.6,"Cold ❄️","2026-03-21 06:25:32.914605"
8013,"Yerevan",10.5,4.8,"Mild 🌤","2026-03-21 06:25:37.523744"
8014,"Gyumri",4.7,5.4,"Cold ❄️","2026-03-21 06:25:38.356675"
8015,"Vanadzor",8.3,8.8,"Cold ❄️","2026-03-21 06:25:38.766033"
8016,"Dilijan",9.7,9.0,"Cold ❄️","2026-03-21 06:25:39.175482"
8017,"Hrazdan",4.4,24.2,"Cold ❄️","2026-03-21 06:25:39.571384"
8018,"Abovyan",6.8,8.7,"Cold ❄️","2026-03-21 06:25:39.931825"
8019,"Kapan",13.1,5.2,"Mild 🌤","2026-03-21 06:25:40.301719"
8020,"Goris",9.9,6.0,"Cold ❄️","2026-03-21 06:25:40.675639"
8021,"Sevan",3.8,30.0,"Cold ❄️","2026-03-21 06:25:41.045892"
8022,"Ijevan",12.5,7.3,"Mild 🌤","2026-03-21 06:25:41.406088"
8023,"Armavir",10.3,1.8,"Mild 🌤","2026-03-21 06:25:41.746323"
8024,"Artashat",10.5,2.3,"Mild 🌤","2026-03-21 06:25:42.066354"
8025,"Sisian",7.7,10.6,"Cold ❄️","2026-03-21 06:25:42.411621"
8026,"Yerevan",10.5,4.8,"Mild 🌤","2026-03-21 06:25:47.465549"
8027,"Gyumri",4.7,5.4,"Cold ❄️","2026-03-21 06:25:48.081255"
8028,"Vanadzor",8.3,8.8,"Cold ❄️","2026-03-21 06:25:48.491293"
8029,"Dilijan",9.7,9.0,"Cold ❄️","2026-03-21 06:25:49.104903"
8030,"Hrazdan",4.4,24.2,"Cold ❄️","2026-03-21 06:25:49.620302"
8031,"Abovyan",6.8,8.7,"Cold ❄️","2026-03-21 06:25:50.026803"
8032,"Kapan",13.1,5.2,"Mild 🌤","2026-03-21 06:25:50.435832"
8033,"Goris",9.9,6.0,"Cold ❄️","2026-03-21 06:25:50.948097"
8034,"Sevan",3.8,30.0,"Cold ❄️","2026-03-21 06:25:51.460235"
8035,"Ijevan",12.5,7.3,"Mild 🌤","2026-03-21 06:25:51.79645"
8036,"Armavir",10.3,1.8,"Mild 🌤","2026-03-21 06:25:52.112442"
8037,"Artashat",10.5,2.3,"Mild 🌤","2026-03-21 06:25:52.455757"
8038,"Sisian",7.7,10.6,"Cold ❄️","2026-03-21 06:25:52.789594"
8039,"Yerevan",10.5,4.8,"Mild 🌤","2026-03-21 06:25:57.395142"
8040,"Gyumri",4.7,5.4,"Cold ❄️","2026-03-21 06:25:58.011285"
8041,"Vanadzor",8.3,8.8,"Cold ❄️","2026-03-21 06:25:58.42117"
8042,"Dilijan",9.7,9.0,"Cold ❄️","2026-03-21 06:25:58.830476"
8043,"Hrazdan",4.4,24.2,"Cold ❄️","2026-03-21 06:25:59.239706"
8044,"Abovyan",6.8,8.7,"Cold ❄️","2026-03-21 06:25:59.643318"
8045,"Kapan",13.1,5.2,"Mild 🌤","2026-03-21 06:25:59.976556"
8046,"Goris",9.9,6.0,"Cold ❄️","2026-03-21 06:26:00.356058"
8047,"Sevan",3.8,30.0,"Cold ❄️","2026-03-21 06:26:00.691232"
8048,"Ijevan",12.5,7.3,"Mild 🌤","2026-03-21 06:26:01.026078"
8049,"Armavir",10.3,1.8,"Mild 🌤","2026-03-21 06:26:01.351711"
8050,"Artashat",10.5,2.3,"Mild 🌤","2026-03-21 06:26:01.67524"
8051,"Sisian",7.7,10.6,"Cold ❄️","2026-03-21 06:26:02.017819"
8052,"Yerevan",10.5,4.8,"Mild 🌤","2026-03-21 06:26:07.42824"
8053,"Gyumri",4.7,5.4,"Cold ❄️","2026-03-21 06:26:07.839348"
8054,"Vanadzor",8.3,8.8,"Cold ❄️","2026-03-21 06:26:08.454374"
8055,"Dilijan",9.7,9.0,"Cold ❄️","2026-03-21 06:26:08.863046"
8056,"Hrazdan",4.4,24.2,"Cold ❄️","2026-03-21 06:26:09.272939"
8057,"Abovyan",6.8,8.7,"Cold ❄️","2026-03-21 06:26:09.651472"
8058,"Kapan",13.1,5.2,"Mild 🌤","2026-03-21 06:26:09.988737"
8059,"Goris",9.9,6.0,"Cold ❄️","2026-03-21 06:26:10.362389"
8060,"Sevan",3.8,30.0,"Cold ❄️","2026-03-21 06:26:10.706094"
8061,"Ijevan",12.5,7.3,"Mild 🌤","2026-03-21 06:26:11.049991"
8062,"Armavir",10.3,1.8,"Mild 🌤","2026-03-21 06:26:11.403316"
8063,"Artashat",10.5,2.3,"Mild 🌤","2026-03-21 06:26:11.749612"
8064,"Sisian",7.7,10.6,"Cold ❄️","2026-03-21 06:26:12.070145"
8065,"Yerevan",10.5,4.8,"Mild 🌤","2026-03-21 06:26:17.461372"
8066,"Gyumri",4.7,5.4,"Cold ❄️","2026-03-21 06:26:17.872378"
8067,"Vanadzor",8.3,8.8,"Cold ❄️","2026-03-21 06:26:18.282231"
8068,"Dilijan",9.7,9.0,"Cold ❄️","2026-03-21 06:26:18.691474"
8069,"Hrazdan",4.4,24.2,"Cold ❄️","2026-03-21 06:26:19.101337"
8070,"Abovyan",6.8,8.7,"Cold ❄️","2026-03-21 06:26:19.597338"
8071,"Kapan",13.1,5.2,"Mild 🌤","2026-03-21 06:26:19.923083"
8072,"Goris",9.9,6.0,"Cold ❄️","2026-03-21 06:26:20.271644"
8073,"Sevan",3.8,30.0,"Cold ❄️","2026-03-21 06:26:20.630019"
8074,"Ijevan",12.5,7.3,"Mild 🌤","2026-03-21 06:26:20.962352"
8075,"Armavir",10.3,1.8,"Mild 🌤","2026-03-21 06:26:21.297406"
8076,"Artashat",10.5,2.3,"Mild 🌤","2026-03-21 06:26:21.637735"
8077,"Sisian",7.7,10.6,"Cold ❄️","2026-03-21 06:26:21.96332"
8078,"Yerevan",10.5,4.8,"Mild 🌤","2026-03-21 06:26:27.5972"
8079,"Gyumri",4.7,5.4,"Cold ❄️","2026-03-21 06:26:28.008395"
8080,"Vanadzor",8.3,8.8,"Cold ❄️","2026-03-21 06:26:28.622912"
8081,"Dilijan",9.7,9.0,"Cold ❄️","2026-03-21 06:26:29.030779"
8082,"Hrazdan",4.4,24.2,"Cold ❄️","2026-03-21 06:26:29.441639"
8083,"Abovyan",6.8,8.7,"Cold ❄️","2026-03-21 06:26:29.78877"
8084,"Kapan",13.1,5.2,"Mild 🌤","2026-03-21 06:26:30.106726"
8085,"Goris",9.9,6.0,"Cold ❄️","2026-03-21 06:26:30.425147"
8086,"Sevan",3.8,30.0,"Cold ❄️","2026-03-21 06:26:30.745741"
8087,"Ijevan",12.5,7.3,"Mild 🌤","2026-03-21 06:26:31.093313"
8088,"Armavir",10.3,1.8,"Mild 🌤","2026-03-21 06:26:31.427091"
8089,"Artashat",10.5,2.3,"Mild 🌤","2026-03-21 06:26:31.766294"
8090,"Sisian",7.7,10.6,"Cold ❄️","2026-03-21 06:26:32.092108"
8091,"Yerevan",10.5,4.8,"Mild 🌤","2026-03-21 06:26:37.425864"
8092,"Gyumri",4.7,5.4,"Cold ❄️","2026-03-21 06:26:37.83605"
8093,"Vanadzor",8.3,8.8,"Cold ❄️","2026-03-21 06:26:38.246623"
8094,"Dilijan",9.7,9.0,"Cold ❄️","2026-03-21 06:26:38.656169"
8095,"Hrazdan",4.4,24.2,"Cold ❄️","2026-03-21 06:26:39.172361"
8096,"Abovyan",6.8,8.7,"Cold ❄️","2026-03-21 06:26:39.637545"
8097,"Kapan",13.1,5.2,"Mild 🌤","2026-03-21 06:26:39.967078"
8098,"Goris",9.9,6.0,"Cold ❄️","2026-03-21 06:26:40.285132"
8099,"Sevan",3.8,30.0,"Cold ❄️","2026-03-21 06:26:40.601337"
8100,"Ijevan",12.5,7.3,"Mild 🌤","2026-03-21 06:26:40.925517"
8101,"Armavir",10.3,1.8,"Mild 🌤","2026-03-21 06:26:41.274387"
8102,"Artashat",10.5,2.3,"Mild 🌤","2026-03-21 06:26:41.611362"
8103,"Sisian",7.7,10.6,"Cold ❄️","2026-03-21 06:26:41.937857"
8104,"Yerevan",10.5,4.8,"Mild 🌤","2026-03-21 06:26:47.357399"
8105,"Gyumri",4.7,5.4,"Cold ❄️","2026-03-21 06:26:47.768591"
8106,"Vanadzor",8.3,8.8,"Cold ❄️","2026-03-21 06:26:48.178216"
8107,"Dilijan",9.7,9.0,"Cold ❄️","2026-03-21 06:26:48.792697"
8108,"Hrazdan",4.4,24.2,"Cold ❄️","2026-03-21 06:26:49.184907"
8109,"Abovyan",6.8,8.7,"Cold ❄️","2026-03-21 06:26:49.597637"
8110,"Kapan",13.1,5.2,"Mild 🌤","2026-03-21 06:26:49.917616"
8111,"Goris",9.9,6.0,"Cold ❄️","2026-03-21 06:26:50.255893"
8112,"Sevan",3.8,30.0,"Cold ❄️","2026-03-21 06:26:50.583068"
8113,"Ijevan",12.5,7.3,"Mild 🌤","2026-03-21 06:26:50.926373"
8114,"Armavir",10.3,1.8,"Mild 🌤","2026-03-21 06:26:51.274739"
8115,"Artashat",10.5,2.3,"Mild 🌤","2026-03-21 06:26:51.620087"
8116,"Sisian",7.7,10.6,"Cold ❄️","2026-03-21 06:26:51.951319"
8117,"Yerevan",10.5,4.8,"Mild 🌤","2026-03-21 06:26:57.391431"
8118,"Gyumri",4.7,5.4,"Cold ❄️","2026-03-21 06:26:57.802682"
8119,"Vanadzor",8.3,8.8,"Cold ❄️","2026-03-21 06:26:58.315132"
8120,"Dilijan",9.7,9.0,"Cold ❄️","2026-03-21 06:26:58.724762"
8121,"Hrazdan",4.4,24.2,"Cold ❄️","2026-03-21 06:26:59.441702"
8122,"Abovyan",6.8,8.7,"Cold ❄️","2026-03-21 06:26:59.95321"
8123,"Kapan",13.1,5.2,"Mild 🌤","2026-03-21 06:27:00.567532"
8124,"Goris",9.9,6.0,"Cold ❄️","2026-03-21 06:27:01.181659"
8125,"Sevan",3.8,30.0,"Cold ❄️","2026-03-21 06:27:01.693725"
8126,"Ijevan",12.5,7.3,"Mild 🌤","2026-03-21 06:27:02.103348"
8127,"Armavir",10.3,1.8,"Mild 🌤","2026-03-21 06:27:02.615894"
8128,"Artashat",10.5,2.3,"Mild 🌤","2026-03-21 06:27:03.127426"
8129,"Sisian",7.7,10.6,"Cold ❄️","2026-03-21 06:27:03.536796"
8130,"Yerevan",10.5,4.8,"Mild 🌤","2026-03-21 06:27:07.508536"
8131,"Gyumri",4.7,5.4,"Cold ❄️","2026-03-21 06:27:08.042093"
8132,"Vanadzor",8.3,8.8,"Cold ❄️","2026-03-21 06:27:08.451068"
8133,"Dilijan",9.7,9.0,"Cold ❄️","2026-03-21 06:27:08.861147"
8134,"Hrazdan",4.4,24.2,"Cold ❄️","2026-03-21 06:27:09.271001"
8135,"Abovyan",6.8,8.7,"Cold ❄️","2026-03-21 06:27:09.724753"
8136,"Kapan",13.1,5.2,"Mild 🌤","2026-03-21 06:27:10.063996"
8137,"Goris",9.9,6.0,"Cold ❄️","2026-03-21 06:27:10.429205"
8138,"Sevan",3.8,30.0,"Cold ❄️","2026-03-21 06:27:10.76685"
8139,"Ijevan",12.5,7.3,"Mild 🌤","2026-03-21 06:27:11.10414"
8140,"Armavir",10.3,1.8,"Mild 🌤","2026-03-21 06:27:11.441061"
8141,"Artashat",10.5,2.3,"Mild 🌤","2026-03-21 06:27:11.789135"
8142,"Sisian",7.7,10.6,"Cold ❄️","2026-03-21 06:27:12.167406"
8143,"Yerevan",10.5,4.8,"Mild 🌤","2026-03-21 06:27:17.460291"
8144,"Gyumri",4.7,5.4,"Cold ❄️","2026-03-21 06:27:17.871699"
8145,"Vanadzor",8.3,8.8,"Cold ❄️","2026-03-21 06:27:18.281043"
8146,"Dilijan",9.7,9.0,"Cold ❄️","2026-03-21 06:27:18.793157"
8147,"Hrazdan",4.4,24.2,"Cold ❄️","2026-03-21 06:27:19.408183"
8148,"Abovyan",6.8,8.7,"Cold ❄️","2026-03-21 06:27:19.760747"
8149,"Kapan",13.1,5.2,"Mild 🌤","2026-03-21 06:27:20.110094"
8150,"Goris",9.9,6.0,"Cold ❄️","2026-03-21 06:27:20.458535"
8151,"Sevan",3.8,30.0,"Cold ❄️","2026-03-21 06:27:20.801363"
8152,"Ijevan",12.5,7.3,"Mild 🌤","2026-03-21 06:27:21.179785"
8153,"Armavir",10.3,1.8,"Mild 🌤","2026-03-21 06:27:21.557625"
8154,"Artashat",10.5,2.3,"Mild 🌤","2026-03-21 06:27:21.893687"
8155,"Sisian",7.7,10.6,"Cold ❄️","2026-03-21 06:27:22.254862"
8156,"Yerevan",10.5,4.8,"Mild 🌤","2026-03-21 06:27:27.49527"
8157,"Gyumri",4.7,5.4,"Cold ❄️","2026-03-21 06:27:27.906373"
8158,"Vanadzor",8.3,8.8,"Cold ❄️","2026-03-21 06:27:28.316609"
8159,"Dilijan",9.7,9.0,"Cold ❄️","2026-03-21 06:27:28.725324"
8160,"Hrazdan",4.4,24.2,"Cold ❄️","2026-03-21 06:27:30.10019"
8161,"Abovyan",6.8,8.7,"Cold ❄️","2026-03-21 06:27:30.427189"
8162,"Kapan",13.1,5.2,"Mild 🌤","2026-03-21 06:27:30.765118"
8163,"Goris",9.9,6.0,"Cold ❄️","2026-03-21 06:27:31.096626"
8164,"Sevan",3.8,30.0,"Cold ❄️","2026-03-21 06:27:31.435614"
8165,"Ijevan",12.5,7.3,"Mild 🌤","2026-03-21 06:27:31.797213"
8166,"Armavir",10.3,1.8,"Mild 🌤","2026-03-21 06:27:32.136587"
8167,"Artashat",10.5,2.3,"Mild 🌤","2026-03-21 06:27:32.465473"
8168,"Sisian",7.7,10.6,"Cold ❄️","2026-03-21 06:27:32.811519"
8169,"Yerevan",10.5,4.8,"Mild 🌤","2026-03-21 06:27:37.42741"
8170,"Gyumri",4.7,5.4,"Cold ❄️","2026-03-21 06:27:37.838313"
8171,"Vanadzor",8.3,8.8,"Cold ❄️","2026-03-21 06:27:38.356238"
8172,"Dilijan",9.7,9.0,"Cold ❄️","2026-03-21 06:27:39.272047"
8173,"Hrazdan",4.4,24.2,"Cold ❄️","2026-03-21 06:27:39.886567"
8174,"Abovyan",6.8,8.7,"Cold ❄️","2026-03-21 06:27:40.39823"
8175,"Kapan",13.1,5.2,"Mild 🌤","2026-03-21 06:27:40.807929"
8176,"Goris",9.9,6.0,"Cold ❄️","2026-03-21 06:27:41.220883"
8177,"Sevan",3.8,30.0,"Cold ❄️","2026-03-21 06:27:41.612139"
8178,"Ijevan",12.5,7.3,"Mild 🌤","2026-03-21 06:27:42.986883"
8179,"Armavir",10.3,1.8,"Mild 🌤","2026-03-21 06:27:43.314352"
8180,"Artashat",10.5,2.3,"Mild 🌤","2026-03-21 06:27:43.777614"
8181,"Sisian",7.7,10.6,"Cold ❄️","2026-03-21 06:27:44.187014"
8182,"Yerevan",10.5,4.8,"Mild 🌤","2026-03-21 06:27:47.461866"
8183,"Vanadzor",8.3,8.8,"Cold ❄️","2026-03-21 06:27:53.30338"
8184,"Dilijan",9.7,9.0,"Cold ❄️","2026-03-21 06:27:53.710151"
8185,"Hrazdan",4.4,24.2,"Cold ❄️","2026-03-21 06:27:54.119341"
8186,"Abovyan",6.8,8.7,"Cold ❄️","2026-03-21 06:27:54.631825"
8187,"Kapan",13.1,5.2,"Mild 🌤","2026-03-21 06:27:55.041072"
8188,"Goris",9.9,6.0,"Cold ❄️","2026-03-21 06:27:55.450444"
8189,"Sevan",3.8,30.0,"Cold ❄️","2026-03-21 06:27:55.805801"
8190,"Ijevan",12.5,7.3,"Mild 🌤","2026-03-21 06:27:56.166167"
8191,"Armavir",10.3,1.8,"Mild 🌤","2026-03-21 06:27:56.507973"
8192,"Artashat",10.5,2.3,"Mild 🌤","2026-03-21 06:27:56.871218"
8193,"Sisian",7.7,10.6,"Cold ❄️","2026-03-21 06:27:57.228396"
8194,"Yerevan",10.5,4.8,"Mild 🌤","2026-03-21 06:27:57.603448"
8195,"Gyumri",4.7,5.4,"Cold ❄️","2026-03-21 06:27:57.951573"
8196,"Vanadzor",8.3,8.8,"Cold ❄️","2026-03-21 06:27:58.293724"
8197,"Dilijan",9.7,9.0,"Cold ❄️","2026-03-21 06:27:58.634928"
8198,"Hrazdan",4.4,24.2,"Cold ❄️","2026-03-21 06:27:58.995943"
8199,"Abovyan",6.8,8.7,"Cold ❄️","2026-03-21 06:27:59.347279"
8200,"Kapan",13.1,5.2,"Mild 🌤","2026-03-21 06:27:59.698651"
8201,"Goris",9.9,6.0,"Cold ❄️","2026-03-21 06:28:00.04568"
8202,"Sevan",3.8,30.0,"Cold ❄️","2026-03-21 06:28:00.720287"
8203,"Ijevan",12.5,7.3,"Mild 🌤","2026-03-21 06:28:01.072383"
8204,"Armavir",10.3,1.8,"Mild 🌤","2026-03-21 06:28:01.415092"
8205,"Artashat",10.5,2.3,"Mild 🌤","2026-03-21 06:28:01.764418"
8206,"Sisian",7.7,10.6,"Cold ❄️","2026-03-21 06:28:02.120252"
8207,"Yerevan",10.5,4.8,"Mild 🌤","2026-03-21 06:28:07.736559"
8208,"Gyumri",4.7,5.4,"Cold ❄️","2026-03-21 06:28:08.147816"
8209,"Vanadzor",8.3,8.8,"Cold ❄️","2026-03-21 06:28:09.684097"
8210,"Dilijan",9.7,9.0,"Cold ❄️","2026-03-21 06:28:10.093568"
8211,"Hrazdan",4.4,24.2,"Cold ❄️","2026-03-21 06:28:10.517682"
8212,"Abovyan",6.8,8.7,"Cold ❄️","2026-03-21 06:28:11.225999"
8213,"Kapan",13.1,5.2,"Mild 🌤","2026-03-21 06:28:11.688349"
8214,"Goris",9.9,6.0,"Cold ❄️","2026-03-21 06:28:12.028272"
8215,"Sevan",3.8,30.0,"Cold ❄️","2026-03-21 06:28:12.368294"
8216,"Ijevan",12.5,7.3,"Mild 🌤","2026-03-21 06:28:12.703527"
8217,"Armavir",10.3,1.8,"Mild 🌤","2026-03-21 06:28:13.051284"
8218,"Artashat",10.5,2.3,"Mild 🌤","2026-03-21 06:28:13.415656"
8219,"Sisian",7.7,10.6,"Cold ❄️","2026-03-21 06:28:13.786904"
8220,"Yerevan",10.5,4.8,"Mild 🌤","2026-03-21 06:28:17.771308"
8221,"Gyumri",4.7,5.4,"Cold ❄️","2026-03-21 06:28:18.489779"
8222,"Vanadzor",8.3,8.8,"Cold ❄️","2026-03-21 06:28:19.001921"
8223,"Dilijan",9.7,9.0,"Cold ❄️","2026-03-21 06:28:19.411631"
8224,"Hrazdan",4.4,24.2,"Cold ❄️","2026-03-21 06:28:20.128716"
8225,"Abovyan",6.8,8.7,"Cold ❄️","2026-03-21 06:28:20.538084"
8226,"Kapan",13.1,5.2,"Mild 🌤","2026-03-21 06:28:20.947616"
8227,"Goris",9.9,6.0,"Cold ❄️","2026-03-21 06:28:21.459366"
8228,"Sevan",3.8,30.0,"Cold ❄️","2026-03-21 06:28:21.81466"
8229,"Ijevan",12.5,7.3,"Mild 🌤","2026-03-21 06:28:22.166188"
8230,"Armavir",10.3,1.8,"Mild 🌤","2026-03-21 06:28:22.55078"
8231,"Artashat",10.5,2.3,"Mild 🌤","2026-03-21 06:28:22.920802"
8232,"Sisian",7.7,10.6,"Cold ❄️","2026-03-21 06:28:23.27996"
8233,"Yerevan",10.5,4.8,"Mild 🌤","2026-03-21 06:28:27.707163"
8234,"Gyumri",4.7,5.4,"Cold ❄️","2026-03-21 06:28:28.217713"
8235,"Vanadzor",8.3,8.8,"Cold ❄️","2026-03-21 06:28:28.62711"
8236,"Dilijan",9.7,9.0,"Cold ❄️","2026-03-21 06:28:29.037841"
8237,"Hrazdan",4.4,24.2,"Cold ❄️","2026-03-21 06:28:29.446819"
8238,"Abovyan",6.8,8.7,"Cold ❄️","2026-03-21 06:28:29.787976"
8239,"Kapan",13.1,5.2,"Mild 🌤","2026-03-21 06:28:30.145024"
8240,"Goris",9.9,6.0,"Cold ❄️","2026-03-21 06:28:30.480593"
8241,"Sevan",3.8,30.0,"Cold ❄️","2026-03-21 06:28:30.834035"
8242,"Ijevan",12.5,7.3,"Mild 🌤","2026-03-21 06:28:31.169916"
8243,"Armavir",10.3,1.8,"Mild 🌤","2026-03-21 06:28:31.510317"
8244,"Artashat",10.5,2.3,"Mild 🌤","2026-03-21 06:28:31.858847"
8245,"Sisian",7.7,10.6,"Cold ❄️","2026-03-21 06:28:32.209841"
8246,"Yerevan",10.5,4.8,"Mild 🌤","2026-03-21 06:28:38.148996"
8247,"Gyumri",4.7,5.4,"Cold ❄️","2026-03-21 06:28:38.970022"
8248,"Vanadzor",8.3,8.8,"Cold ❄️","2026-03-21 06:28:39.481562"
8249,"Dilijan",9.7,9.0,"Cold ❄️","2026-03-21 06:28:40.160945"
8250,"Hrazdan",4.4,24.2,"Cold ❄️","2026-03-21 06:28:40.611257"
8251,"Abovyan",6.8,8.7,"Cold ❄️","2026-03-21 06:28:41.120043"
8252,"Kapan",13.1,5.2,"Mild 🌤","2026-03-21 06:28:41.529504"
8253,"Goris",9.9,6.0,"Cold ❄️","2026-03-21 06:28:42.963836"
8254,"Sevan",3.8,30.0,"Cold ❄️","2026-03-21 06:28:43.4752"
8255,"Ijevan",12.5,7.3,"Mild 🌤","2026-03-21 06:28:43.987755"
8256,"Armavir",10.3,1.8,"Mild 🌤","2026-03-21 06:28:44.707483"
8257,"Artashat",10.5,2.3,"Mild 🌤","2026-03-21 06:28:45.318303"
8258,"Sisian",7.7,10.6,"Cold ❄️","2026-03-21 06:28:45.8303"
8259,"Yerevan",10.5,4.8,"Mild 🌤","2026-03-21 06:28:48.286106"
8260,"Gyumri",4.7,5.4,"Cold ❄️","2026-03-21 06:28:48.902144"
8261,"Vanadzor",8.3,8.8,"Cold ❄️","2026-03-21 06:28:49.414193"
8262,"Dilijan",9.7,9.0,"Cold ❄️","2026-03-21 06:28:51.055952"
8263,"Hrazdan",4.4,24.2,"Cold ❄️","2026-03-21 06:28:51.567732"
8264,"Abovyan",6.8,8.7,"Cold ❄️","2026-03-21 06:28:51.974542"
8265,"Kapan",13.1,5.2,"Mild 🌤","2026-03-21 06:28:52.486627"
8266,"Goris",9.9,6.0,"Cold ❄️","2026-03-21 06:28:52.99881"
8267,"Sevan",3.8,30.0,"Cold ❄️","2026-03-21 06:28:53.408277"
8268,"Ijevan",12.5,7.3,"Mild 🌤","2026-03-21 06:28:53.784106"
8269,"Armavir",10.3,1.8,"Mild 🌤","2026-03-21 06:28:54.159476"
8270,"Artashat",10.5,2.3,"Mild 🌤","2026-03-21 06:28:54.538405"
8271,"Sisian",7.7,10.6,"Cold ❄️","2026-03-21 06:28:54.887597"
8272,"Yerevan",10.5,4.8,"Mild 🌤","2026-03-21 06:28:58.321196"
8273,"Gyumri",4.7,5.4,"Cold ❄️","2026-03-21 06:28:59.042751"
8274,"Vanadzor",8.3,8.8,"Cold ❄️","2026-03-21 06:28:59.551776"
8275,"Dilijan",9.7,9.0,"Cold ❄️","2026-03-21 06:28:59.961337"
8276,"Hrazdan",4.4,24.2,"Cold ❄️","2026-03-21 06:29:00.473126"
8277,"Abovyan",6.8,8.7,"Cold ❄️","2026-03-21 06:29:00.886125"
8278,"Kapan",13.1,5.2,"Mild 🌤","2026-03-21 06:29:01.292443"
8279,"Goris",9.9,6.0,"Cold ❄️","2026-03-21 06:29:01.667206"
8280,"Sevan",3.8,30.0,"Cold ❄️","2026-03-21 06:29:02.026318"
8281,"Ijevan",12.5,7.3,"Mild 🌤","2026-03-21 06:29:02.379759"
8282,"Armavir",10.3,1.8,"Mild 🌤","2026-03-21 06:29:02.71498"
8283,"Artashat",10.5,2.3,"Mild 🌤","2026-03-21 06:29:03.074049"
8284,"Sisian",7.7,10.6,"Cold ❄️","2026-03-21 06:29:03.42245"
8285,"Yerevan",10.5,4.8,"Mild 🌤","2026-03-21 06:29:08.35797"
8286,"Gyumri",4.7,5.4,"Cold ❄️","2026-03-21 06:29:08.767597"
8287,"Vanadzor",8.3,8.8,"Cold ❄️","2026-03-21 06:29:09.177586"
8288,"Dilijan",9.7,9.0,"Cold ❄️","2026-03-21 06:29:09.587071"
8289,"Hrazdan",4.4,24.2,"Cold ❄️","2026-03-21 06:29:10.201242"
8290,"Abovyan",6.8,8.7,"Cold ❄️","2026-03-21 06:29:10.701846"
8291,"Kapan",13.1,5.2,"Mild 🌤","2026-03-21 06:29:11.327793"
8292,"Goris",9.9,6.0,"Cold ❄️","2026-03-21 06:29:11.839926"
8293,"Sevan",3.8,30.0,"Cold ❄️","2026-03-21 06:29:12.249683"
8294,"Ijevan",12.5,7.3,"Mild 🌤","2026-03-21 06:29:12.863913"
8295,"Armavir",10.3,1.8,"Mild 🌤","2026-03-21 06:29:13.478781"
8296,"Artashat",10.5,2.3,"Mild 🌤","2026-03-21 06:29:13.887756"
8297,"Sisian",7.7,10.6,"Cold ❄️","2026-03-21 06:29:14.297221"
8298,"Yerevan",10.5,4.8,"Mild 🌤","2026-03-21 06:29:18.801584"
8299,"Gyumri",4.7,5.4,"Cold ❄️","2026-03-21 06:29:19.31465"
8300,"Vanadzor",8.3,8.8,"Cold ❄️","2026-03-21 06:29:19.827028"
8301,"Dilijan",9.7,9.0,"Cold ❄️","2026-03-21 06:29:20.23636"
8302,"Hrazdan",4.4,24.2,"Cold ❄️","2026-03-21 06:29:20.748581"
8303,"Abovyan",6.8,8.7,"Cold ❄️","2026-03-21 06:29:21.158102"
8304,"Kapan",13.1,5.2,"Mild 🌤","2026-03-21 06:29:21.559273"
8305,"Goris",9.9,6.0,"Cold ❄️","2026-03-21 06:29:21.908558"
8306,"Sevan",3.8,30.0,"Cold ❄️","2026-03-21 06:29:22.309854"
8307,"Ijevan",12.5,7.3,"Mild 🌤","2026-03-21 06:29:22.649455"
8308,"Armavir",10.3,1.8,"Mild 🌤","2026-03-21 06:29:23.010574"
8309,"Artashat",10.5,2.3,"Mild 🌤","2026-03-21 06:29:23.35978"
8310,"Sisian",7.7,10.6,"Cold ❄️","2026-03-21 06:29:23.732446"
8311,"Yerevan",10.5,4.8,"Mild 🌤","2026-03-21 06:29:28.631468"
8312,"Gyumri",4.7,5.4,"Cold ❄️","2026-03-21 06:29:29.145001"
8313,"Vanadzor",8.3,8.8,"Cold ❄️","2026-03-21 06:29:29.759563"
8314,"Dilijan",9.7,9.0,"Cold ❄️","2026-03-21 06:29:30.271632"
8315,"Hrazdan",4.4,24.2,"Cold ❄️","2026-03-21 06:29:30.885794"
8316,"Abovyan",6.8,8.7,"Cold ❄️","2026-03-21 06:29:31.397747"
8317,"Kapan",13.1,5.2,"Mild 🌤","2026-03-21 06:29:31.742785"
8318,"Goris",9.9,6.0,"Cold ❄️","2026-03-21 06:29:32.093343"
8319,"Sevan",3.8,30.0,"Cold ❄️","2026-03-21 06:29:32.453152"
8320,"Ijevan",12.5,7.3,"Mild 🌤","2026-03-21 06:29:32.837331"
8321,"Armavir",10.3,1.8,"Mild 🌤","2026-03-21 06:29:34.22411"
8322,"Artashat",10.5,2.3,"Mild 🌤","2026-03-21 06:29:34.575932"
8323,"Sisian",7.7,10.6,"Cold ❄️","2026-03-21 06:29:34.921588"
8324,"Yerevan",10.5,4.8,"Mild 🌤","2026-03-21 06:29:38.771797"
8325,"Gyumri",4.7,5.4,"Cold ❄️","2026-03-21 06:29:39.282594"
8326,"Vanadzor",8.3,8.8,"Cold ❄️","2026-03-21 06:29:39.691699"
8327,"Dilijan",9.7,9.0,"Cold ❄️","2026-03-21 06:29:40.213439"
8328,"Hrazdan",4.4,24.2,"Cold ❄️","2026-03-21 06:29:40.920689"
8329,"Abovyan",6.8,8.7,"Cold ❄️","2026-03-21 06:29:41.33047"
8330,"Kapan",13.1,5.2,"Mild 🌤","2026-03-21 06:29:41.695378"
8331,"Goris",9.9,6.0,"Cold ❄️","2026-03-21 06:29:42.045071"
8332,"Sevan",3.8,30.0,"Cold ❄️","2026-03-21 06:29:42.380539"
8333,"Ijevan",12.5,7.3,"Mild 🌤","2026-03-21 06:29:42.808769"
8334,"Armavir",10.3,1.8,"Mild 🌤","2026-03-21 06:29:43.149966"
8335,"Artashat",10.5,2.3,"Mild 🌤","2026-03-21 06:29:43.89016"
8336,"Sisian",7.7,10.6,"Cold ❄️","2026-03-21 06:29:44.238976"
8337,"Yerevan",10.5,4.8,"Mild 🌤","2026-03-21 06:29:48.598536"
8338,"Gyumri",4.7,5.4,"Cold ❄️","2026-03-21 06:29:49.320748"
8339,"Vanadzor",8.3,8.8,"Cold ❄️","2026-03-21 06:29:49.829195"
8340,"Dilijan",9.7,9.0,"Cold ❄️","2026-03-21 06:29:50.341123"
8341,"Hrazdan",4.4,24.2,"Cold ❄️","2026-03-21 06:29:50.956851"
8342,"Abovyan",6.8,8.7,"Cold ❄️","2026-03-21 06:29:51.467391"
8343,"Kapan",13.1,5.2,"Mild 🌤","2026-03-21 06:29:51.877006"
8344,"Goris",9.9,6.0,"Cold ❄️","2026-03-21 06:29:52.286693"
8345,"Sevan",3.8,30.0,"Cold ❄️","2026-03-21 06:29:52.696487"
8346,"Ijevan",12.5,7.3,"Mild 🌤","2026-03-21 06:29:53.106122"
8347,"Armavir",10.3,1.8,"Mild 🌤","2026-03-21 06:29:53.516054"
8348,"Artashat",10.5,2.3,"Mild 🌤","2026-03-21 06:29:53.837567"
8349,"Sisian",7.7,10.6,"Cold ❄️","2026-03-21 06:29:54.182423"
8350,"Yerevan",10.5,4.8,"Mild 🌤","2026-03-21 06:29:58.633473"
8351,"Gyumri",4.7,5.4,"Cold ❄️","2026-03-21 06:29:59.044742"
8352,"Vanadzor",8.3,8.8,"Cold ❄️","2026-03-21 06:29:59.455571"
8353,"Dilijan",10.1,10.7,"Mild 🌤","2026-03-21 06:30:00.069149"
8354,"Abovyan",7.0,9.4,"Cold ❄️","2026-03-21 06:30:08.055764"
8355,"Kapan",13.5,5.4,"Mild 🌤","2026-03-21 06:30:10.719762"
8356,"Sevan",4.1,30.9,"Cold ❄️","2026-03-21 06:30:17.168769"
8357,"Ijevan",12.9,8.1,"Mild 🌤","2026-03-21 06:30:17.749442"
8358,"Armavir",10.8,1.9,"Mild 🌤","2026-03-21 06:30:18.397616"
8359,"Artashat",11.0,2.6,"Mild 🌤","2026-03-21 06:30:18.823781"
8360,"Sisian",8.0,12.7,"Cold ❄️","2026-03-21 06:30:19.422371"
8361,"Yerevan",10.7,6.2,"Mild 🌤","2026-03-21 06:30:20.13686"
8362,"Gyumri",4.9,6.6,"Cold ❄️","2026-03-21 06:30:20.666729"
8363,"Vanadzor",8.7,10.8,"Cold ❄️","2026-03-21 06:30:21.814298"
8364,"Dilijan",10.1,10.7,"Mild 🌤","2026-03-21 06:30:22.15882"
8365,"Hrazdan",4.7,25.0,"Cold ❄️","2026-03-21 06:30:22.52746"
8366,"Abovyan",7.0,9.4,"Cold ❄️","2026-03-21 06:30:22.888239"
8367,"Kapan",13.5,5.4,"Mild 🌤","2026-03-21 06:30:23.231196"
8368,"Goris",10.5,6.6,"Mild 🌤","2026-03-21 06:30:23.596584"
8369,"Sevan",4.1,30.9,"Cold ❄️","2026-03-21 06:30:23.949581"
8370,"Ijevan",12.9,8.1,"Mild 🌤","2026-03-21 06:30:24.304475"
8371,"Armavir",10.8,1.9,"Mild 🌤","2026-03-21 06:30:24.660506"
8372,"Artashat",11.0,2.6,"Mild 🌤","2026-03-21 06:30:25.017335"
8373,"Sisian",8.0,12.7,"Cold ❄️","2026-03-21 06:30:25.360617"
8374,"Yerevan",10.7,6.2,"Mild 🌤","2026-03-21 06:30:20.138831"
8375,"Gyumri",4.9,6.6,"Cold ❄️","2026-03-21 06:30:20.671964"
8376,"Vanadzor",8.7,10.8,"Cold ❄️","2026-03-21 06:30:21.801357"
8377,"Dilijan",10.1,10.7,"Mild 🌤","2026-03-21 06:30:22.152758"
8378,"Hrazdan",4.7,25.0,"Cold ❄️","2026-03-21 06:30:22.523736"
8379,"Abovyan",7.0,9.4,"Cold ❄️","2026-03-21 06:30:22.900816"
8380,"Kapan",13.5,5.4,"Mild 🌤","2026-03-21 06:30:24.261932"
8381,"Goris",10.5,6.6,"Mild 🌤","2026-03-21 06:30:24.605861"
8382,"Sevan",4.1,30.9,"Cold ❄️","2026-03-21 06:30:24.949099"
8383,"Ijevan",12.9,8.1,"Mild 🌤","2026-03-21 06:30:25.289028"
8384,"Armavir",10.8,1.9,"Mild 🌤","2026-03-21 06:30:25.650812"
8385,"Artashat",11.0,2.6,"Mild 🌤","2026-03-21 06:30:26.009974"
8386,"Sisian",8.0,12.7,"Cold ❄️","2026-03-21 06:30:26.356397"
8387,"Yerevan",10.7,6.2,"Mild 🌤","2026-03-21 06:30:28.840532"
8388,"Gyumri",4.9,6.6,"Cold ❄️","2026-03-21 06:30:29.468397"
8389,"Vanadzor",8.7,10.8,"Cold ❄️","2026-03-21 06:30:30.004528"
8390,"Dilijan",10.1,10.7,"Mild 🌤","2026-03-21 06:30:30.480903"
8391,"Hrazdan",4.7,25.0,"Cold ❄️","2026-03-21 06:30:30.992621"
8392,"Abovyan",7.0,9.4,"Cold ❄️","2026-03-21 06:30:31.508721"
8393,"Kapan",13.5,5.4,"Mild 🌤","2026-03-21 06:30:31.914801"
8394,"Goris",10.5,6.6,"Mild 🌤","2026-03-21 06:30:32.426065"
8395,"Sevan",4.1,30.9,"Cold ❄️","2026-03-21 06:30:32.836707"
8396,"Ijevan",12.9,8.1,"Mild 🌤","2026-03-21 06:30:33.246681"
8397,"Armavir",10.8,1.9,"Mild 🌤","2026-03-21 06:30:33.715272"
8398,"Artashat",11.0,2.6,"Mild 🌤","2026-03-21 06:30:35.070765"
8399,"Sisian",8.0,12.7,"Cold ❄️","2026-03-21 06:30:35.463696"
8400,"Yerevan",10.7,6.2,"Mild 🌤","2026-03-21 06:30:38.977776"
8401,"Gyumri",4.9,6.6,"Cold ❄️","2026-03-21 06:30:39.491569"
8402,"Vanadzor",8.7,10.8,"Cold ❄️","2026-03-21 06:30:39.90108"
8403,"Dilijan",10.1,10.7,"Mild 🌤","2026-03-21 06:30:40.3138"
8404,"Hrazdan",4.7,25.0,"Cold ❄️","2026-03-21 06:30:40.92541"
8405,"Abovyan",7.0,9.4,"Cold ❄️","2026-03-21 06:30:41.449162"
8406,"Kapan",13.5,5.4,"Mild 🌤","2026-03-21 06:30:42.845562"
8407,"Goris",10.5,6.6,"Mild 🌤","2026-03-21 06:30:43.206821"
8408,"Sevan",4.1,30.9,"Cold ❄️","2026-03-21 06:30:43.587555"
8409,"Ijevan",12.9,8.1,"Mild 🌤","2026-03-21 06:30:43.997011"
8410,"Armavir",10.8,1.9,"Mild 🌤","2026-03-21 06:30:44.5092"
8411,"Artashat",11.0,2.6,"Mild 🌤","2026-03-21 06:30:44.918609"
8412,"Sisian",8.0,12.7,"Cold ❄️","2026-03-21 06:30:45.431087"
8413,"Yerevan",10.7,6.2,"Mild 🌤","2026-03-21 06:30:48.910657"
8414,"Gyumri",4.9,6.6,"Cold ❄️","2026-03-21 06:30:49.424151"
8415,"Vanadzor",8.7,10.8,"Cold ❄️","2026-03-21 06:30:49.834217"
8416,"Dilijan",10.1,10.7,"Mild 🌤","2026-03-21 06:30:50.243212"
8417,"Hrazdan",4.7,25.0,"Cold ❄️","2026-03-21 06:30:50.755242"
8418,"Abovyan",7.0,9.4,"Cold ❄️","2026-03-21 06:30:51.164837"
8419,"Kapan",13.5,5.4,"Mild 🌤","2026-03-21 06:30:51.646695"
8420,"Goris",10.5,6.6,"Mild 🌤","2026-03-21 06:30:51.996269"
8421,"Sevan",4.1,30.9,"Cold ❄️","2026-03-21 06:30:52.376441"
8422,"Ijevan",12.9,8.1,"Mild 🌤","2026-03-21 06:30:52.724805"
8423,"Armavir",10.8,1.9,"Mild 🌤","2026-03-21 06:30:53.0694"
8424,"Artashat",11.0,2.6,"Mild 🌤","2026-03-21 06:30:53.431362"
8425,"Sisian",8.0,12.7,"Cold ❄️","2026-03-21 06:30:53.785424"
8426,"Yerevan",10.7,6.2,"Mild 🌤","2026-03-21 06:30:58.945348"
8427,"Gyumri",4.9,6.6,"Cold ❄️","2026-03-21 06:30:59.357003"
8428,"Vanadzor",8.7,10.8,"Cold ❄️","2026-03-21 06:30:59.766885"
8429,"Dilijan",10.1,10.7,"Mild 🌤","2026-03-21 06:31:00.176098"
8430,"Hrazdan",4.7,25.0,"Cold ❄️","2026-03-21 06:31:00.687822"
8431,"Abovyan",7.0,9.4,"Cold ❄️","2026-03-21 06:31:01.302412"
8432,"Kapan",13.5,5.4,"Mild 🌤","2026-03-21 06:31:01.732237"
8433,"Goris",10.5,6.6,"Mild 🌤","2026-03-21 06:31:02.480836"
8434,"Sevan",4.1,30.9,"Cold ❄️","2026-03-21 06:31:02.829634"
8435,"Ijevan",12.9,8.1,"Mild 🌤","2026-03-21 06:31:03.183512"
8436,"Armavir",10.8,1.9,"Mild 🌤","2026-03-21 06:31:03.566216"
8437,"Artashat",11.0,2.6,"Mild 🌤","2026-03-21 06:31:03.93202"
8438,"Sisian",8.0,12.7,"Cold ❄️","2026-03-21 06:31:04.288721"
8439,"Yerevan",10.7,6.2,"Mild 🌤","2026-03-21 06:31:08.981306"
8440,"Gyumri",4.9,6.6,"Cold ❄️","2026-03-21 06:31:09.584661"
8441,"Vanadzor",8.7,10.8,"Cold ❄️","2026-03-21 06:31:09.954817"
8442,"Dilijan",10.1,10.7,"Mild 🌤","2026-03-21 06:31:10.682344"
8443,"Hrazdan",4.7,25.0,"Cold ❄️","2026-03-21 06:31:11.027951"
8444,"Abovyan",7.0,9.4,"Cold ❄️","2026-03-21 06:31:11.496491"
8445,"Kapan",13.5,5.4,"Mild 🌤","2026-03-21 06:31:12.194254"
8446,"Goris",10.5,6.6,"Mild 🌤","2026-03-21 06:31:12.947014"
8447,"Sevan",4.1,30.9,"Cold ❄️","2026-03-21 06:31:13.299602"
8448,"Ijevan",12.9,8.1,"Mild 🌤","2026-03-21 06:31:13.692723"
8449,"Armavir",10.8,1.9,"Mild 🌤","2026-03-21 06:31:14.102327"
8450,"Artashat",11.0,2.6,"Mild 🌤","2026-03-21 06:31:14.51161"
8451,"Yerevan",10.7,6.2,"Mild 🌤","2026-03-21 06:31:20.961027"
8452,"Gyumri",4.9,6.6,"Cold ❄️","2026-03-21 06:31:21.474553"
8453,"Vanadzor",8.7,10.8,"Cold ❄️","2026-03-21 06:31:21.989175"
8454,"Dilijan",10.1,10.7,"Mild 🌤","2026-03-21 06:31:22.498622"
8455,"Hrazdan",4.7,25.0,"Cold ❄️","2026-03-21 06:31:23.215463"
8456,"Abovyan",7.0,9.4,"Cold ❄️","2026-03-21 06:31:25.775898"
8457,"Kapan",13.5,5.4,"Mild 🌤","2026-03-21 06:31:26.184933"
8458,"Goris",10.5,6.6,"Mild 🌤","2026-03-21 06:31:26.697087"
8459,"Sevan",4.1,30.9,"Cold ❄️","2026-03-21 06:31:27.106894"
8460,"Ijevan",12.9,8.1,"Mild 🌤","2026-03-21 06:31:27.54115"
8461,"Artashat",11.0,2.6,"Mild 🌤","2026-03-21 06:31:33.148545"
8462,"Sisian",8.0,12.7,"Cold ❄️","2026-03-21 06:31:33.557504"
8463,"Yerevan",10.7,6.2,"Mild 🌤","2026-03-21 06:31:34.002781"
8464,"Gyumri",4.9,6.6,"Cold ❄️","2026-03-21 06:31:34.479543"
8465,"Vanadzor",8.7,10.8,"Cold ❄️","2026-03-21 06:31:35.096702"
8466,"Dilijan",10.1,10.7,"Mild 🌤","2026-03-21 06:31:35.541585"
8467,"Hrazdan",4.7,25.0,"Cold ❄️","2026-03-21 06:31:35.879768"
8468,"Abovyan",7.0,9.4,"Cold ❄️","2026-03-21 06:31:36.231915"
8469,"Kapan",13.5,5.4,"Mild 🌤","2026-03-21 06:31:36.58911"
8470,"Goris",10.5,6.6,"Mild 🌤","2026-03-21 06:31:36.971561"
8471,"Sevan",4.1,30.9,"Cold ❄️","2026-03-21 06:31:37.331688"
8472,"Ijevan",12.9,8.1,"Mild 🌤","2026-03-21 06:31:37.702369"
8473,"Armavir",10.8,1.9,"Mild 🌤","2026-03-21 06:31:38.036976"
8474,"Artashat",11.0,2.6,"Mild 🌤","2026-03-21 06:31:38.383711"
8475,"Sisian",8.0,12.7,"Cold ❄️","2026-03-21 06:31:38.759934"
8476,"Yerevan",10.7,6.2,"Mild 🌤","2026-03-21 06:31:39.4085"
8477,"Gyumri",4.9,6.6,"Cold ❄️","2026-03-21 06:31:39.752665"
8478,"Vanadzor",8.7,10.8,"Cold ❄️","2026-03-21 06:31:40.110854"
8479,"Dilijan",10.1,10.7,"Mild 🌤","2026-03-21 06:31:40.473548"
8480,"Hrazdan",4.7,25.0,"Cold ❄️","2026-03-21 06:31:40.825237"
8481,"Abovyan",7.0,9.4,"Cold ❄️","2026-03-21 06:31:41.168835"
8482,"Kapan",13.5,5.4,"Mild 🌤","2026-03-21 06:31:41.549248"
8483,"Goris",10.5,6.6,"Mild 🌤","2026-03-21 06:31:41.902161"
8484,"Sevan",4.1,30.9,"Cold ❄️","2026-03-21 06:31:42.265111"
8485,"Ijevan",12.9,8.1,"Mild 🌤","2026-03-21 06:31:42.626554"
8486,"Armavir",10.8,1.9,"Mild 🌤","2026-03-21 06:31:42.97369"
8487,"Artashat",11.0,2.6,"Mild 🌤","2026-03-21 06:31:43.322333"
8488,"Sisian",8.0,12.7,"Cold ❄️","2026-03-21 06:31:43.686399"
8489,"Yerevan",10.7,6.2,"Mild 🌤","2026-03-21 06:31:49.530073"
8490,"Gyumri",4.9,6.6,"Cold ❄️","2026-03-21 06:31:50.146225"
8491,"Vanadzor",8.7,10.8,"Cold ❄️","2026-03-21 06:31:50.659145"
8492,"Dilijan",10.1,10.7,"Mild 🌤","2026-03-21 06:31:51.276187"
8493,"Hrazdan",4.7,25.0,"Cold ❄️","2026-03-21 06:31:51.683514"
8494,"Abovyan",7.0,9.4,"Cold ❄️","2026-03-21 06:31:52.092073"
8495,"Kapan",13.5,5.4,"Mild 🌤","2026-03-21 06:31:52.501394"
8496,"Goris",10.5,6.6,"Mild 🌤","2026-03-21 06:31:52.910981"
8497,"Sevan",4.1,30.9,"Cold ❄️","2026-03-21 06:31:53.422908"
8498,"Ijevan",12.9,8.1,"Mild 🌤","2026-03-21 06:31:53.789731"
8499,"Armavir",10.8,1.9,"Mild 🌤","2026-03-21 06:31:54.168047"
8500,"Artashat",11.0,2.6,"Mild 🌤","2026-03-21 06:31:54.519744"
8501,"Sisian",8.0,12.7,"Cold ❄️","2026-03-21 06:31:54.879474"
8502,"Yerevan",10.7,6.2,"Mild 🌤","2026-03-21 06:31:59.462916"
8503,"Gyumri",4.9,6.6,"Cold ❄️","2026-03-21 06:31:59.874507"
8504,"Vanadzor",8.7,10.8,"Cold ❄️","2026-03-21 06:32:00.594644"
8505,"Dilijan",10.1,10.7,"Mild 🌤","2026-03-21 06:32:01.340214"
8506,"Hrazdan",4.7,25.0,"Cold ❄️","2026-03-21 06:32:01.819837"
8507,"Abovyan",7.0,9.4,"Cold ❄️","2026-03-21 06:32:02.229468"
8508,"Kapan",13.5,5.4,"Mild 🌤","2026-03-21 06:32:02.639116"
8509,"Goris",10.5,6.6,"Mild 🌤","2026-03-21 06:32:03.150943"
8510,"Sevan",4.1,30.9,"Cold ❄️","2026-03-21 06:32:03.544687"
8511,"Ijevan",12.9,8.1,"Mild 🌤","2026-03-21 06:32:03.882076"
8512,"Armavir",10.8,1.9,"Mild 🌤","2026-03-21 06:32:04.229225"
8513,"Artashat",11.0,2.6,"Mild 🌤","2026-03-21 06:32:04.589952"
8514,"Sisian",8.0,12.7,"Cold ❄️","2026-03-21 06:32:04.941731"
8515,"Yerevan",10.7,6.2,"Mild 🌤","2026-03-21 06:32:10.624161"
8516,"Gyumri",4.9,6.6,"Cold ❄️","2026-03-21 06:32:11.138017"
8517,"Vanadzor",8.7,10.8,"Cold ❄️","2026-03-21 06:32:11.548024"
8518,"Dilijan",10.1,10.7,"Mild 🌤","2026-03-21 06:32:12.365773"
8519,"Hrazdan",4.7,25.0,"Cold ❄️","2026-03-21 06:32:12.878914"
8520,"Abovyan",7.0,9.4,"Cold ❄️","2026-03-21 06:32:13.493344"
8521,"Kapan",13.5,5.4,"Mild 🌤","2026-03-21 06:32:13.902797"
8522,"Goris",10.5,6.6,"Mild 🌤","2026-03-21 06:32:14.517359"
8523,"Sevan",4.1,30.9,"Cold ❄️","2026-03-21 06:32:15.131324"
8524,"Ijevan",12.9,8.1,"Mild 🌤","2026-03-21 06:32:15.540596"
8525,"Armavir",10.8,1.9,"Mild 🌤","2026-03-21 06:32:15.950764"
8526,"Artashat",11.0,2.6,"Mild 🌤","2026-03-21 06:32:16.462832"
8527,"Sisian",8.0,12.7,"Cold ❄️","2026-03-21 06:32:16.974711"
8528,"Yerevan",10.7,6.2,"Mild 🌤","2026-03-21 06:32:19.532921"
8529,"Gyumri",4.9,6.6,"Cold ❄️","2026-03-21 06:32:20.032641"
8530,"Vanadzor",8.7,10.8,"Cold ❄️","2026-03-21 06:32:20.571488"
8531,"Dilijan",10.1,10.7,"Mild 🌤","2026-03-21 06:32:20.968545"
8532,"Hrazdan",4.7,25.0,"Cold ❄️","2026-03-21 06:32:21.492587"
8533,"Abovyan",7.0,9.4,"Cold ❄️","2026-03-21 06:32:21.836158"
8534,"Kapan",13.5,5.4,"Mild 🌤","2026-03-21 06:32:22.212966"
8535,"Goris",10.5,6.6,"Mild 🌤","2026-03-21 06:32:22.560217"
8536,"Ijevan",12.9,8.1,"Mild 🌤","2026-03-21 06:32:28.243679"
8537,"Armavir",10.8,1.9,"Mild 🌤","2026-03-21 06:32:28.75124"
8538,"Artashat",11.0,2.6,"Mild 🌤","2026-03-21 06:32:29.160582"
8539,"Sisian",8.0,12.7,"Cold ❄️","2026-03-21 06:32:29.573019"
8540,"Yerevan",10.7,6.2,"Mild 🌤","2026-03-21 06:32:30.080651"
8541,"Gyumri",4.9,6.6,"Cold ❄️","2026-03-21 06:32:30.594103"
8542,"Vanadzor",8.7,10.8,"Cold ❄️","2026-03-21 06:32:31.105664"
8543,"Dilijan",10.1,10.7,"Mild 🌤","2026-03-21 06:32:31.515693"
8544,"Hrazdan",4.7,25.0,"Cold ❄️","2026-03-21 06:32:31.860746"
8545,"Abovyan",7.0,9.4,"Cold ❄️","2026-03-21 06:32:32.230328"
8546,"Kapan",13.5,5.4,"Mild 🌤","2026-03-21 06:32:32.597215"
8547,"Goris",10.5,6.6,"Mild 🌤","2026-03-21 06:32:32.949221"
8548,"Sevan",4.1,30.9,"Cold ❄️","2026-03-21 06:32:33.301993"
8549,"Ijevan",12.9,8.1,"Mild 🌤","2026-03-21 06:32:33.659347"
8550,"Armavir",10.8,1.9,"Mild 🌤","2026-03-21 06:32:34.382855"
8551,"Artashat",11.0,2.6,"Mild 🌤","2026-03-21 06:32:34.726961"
8552,"Sisian",8.0,12.7,"Cold ❄️","2026-03-21 06:32:35.07007"
8553,"Yerevan",10.7,6.2,"Mild 🌤","2026-03-21 06:32:39.683192"
8554,"Gyumri",4.9,6.6,"Cold ❄️","2026-03-21 06:32:40.936267"
8555,"Vanadzor",8.7,10.8,"Cold ❄️","2026-03-21 06:32:41.448363"
8556,"Dilijan",10.1,10.7,"Mild 🌤","2026-03-21 06:32:41.857679"
8557,"Hrazdan",4.7,25.0,"Cold ❄️","2026-03-21 06:32:42.267178"
8558,"Abovyan",7.0,9.4,"Cold ❄️","2026-03-21 06:32:42.676863"
8559,"Kapan",13.5,5.4,"Mild 🌤","2026-03-21 06:32:43.188813"
8560,"Goris",10.5,6.6,"Mild 🌤","2026-03-21 06:32:43.587445"
8561,"Sevan",4.1,30.9,"Cold ❄️","2026-03-21 06:32:43.941241"
8562,"Ijevan",12.9,8.1,"Mild 🌤","2026-03-21 06:32:44.294283"
8563,"Armavir",10.8,1.9,"Mild 🌤","2026-03-21 06:32:44.63772"
8564,"Artashat",11.0,2.6,"Mild 🌤","2026-03-21 06:32:44.980287"
8565,"Sisian",8.0,12.7,"Cold ❄️","2026-03-21 06:32:45.361305"
8566,"Yerevan",10.7,6.2,"Mild 🌤","2026-03-21 06:32:49.638513"
8567,"Gyumri",4.9,6.6,"Cold ❄️","2026-03-21 06:32:50.049556"
8568,"Vanadzor",8.7,10.8,"Cold ❄️","2026-03-21 06:32:50.459517"
8569,"Dilijan",10.1,10.7,"Mild 🌤","2026-03-21 06:32:50.868885"
8570,"Hrazdan",4.7,25.0,"Cold ❄️","2026-03-21 06:32:51.382093"
8571,"Abovyan",7.0,9.4,"Cold ❄️","2026-03-21 06:32:51.751129"
8572,"Kapan",13.5,5.4,"Mild 🌤","2026-03-21 06:32:52.116879"
8573,"Goris",10.5,6.6,"Mild 🌤","2026-03-21 06:32:52.48496"
8574,"Sevan",4.1,30.9,"Cold ❄️","2026-03-21 06:32:52.851023"
8575,"Ijevan",12.9,8.1,"Mild 🌤","2026-03-21 06:32:53.187559"
8576,"Armavir",10.8,1.9,"Mild 🌤","2026-03-21 06:32:53.531482"
8577,"Artashat",11.0,2.6,"Mild 🌤","2026-03-21 06:32:53.901406"
8578,"Sisian",8.0,12.7,"Cold ❄️","2026-03-21 06:32:54.244632"
8579,"Yerevan",13.1,11.8,"Mild 🌤","2026-03-22 09:54:39.100859"
8580,"Gyumri",8.6,10.7,"Cold ❄️","2026-03-22 09:54:39.511322"
8581,"Vanadzor",9.9,6.8,"Cold ❄️","2026-03-22 09:54:39.905451"
8582,"Dilijan",11.3,8.6,"Mild 🌤","2026-03-22 09:54:40.331511"
8583,"Hrazdan",6.9,15.4,"Cold ❄️","2026-03-22 09:54:40.740436"
8584,"Abovyan",8.3,7.7,"Cold ❄️","2026-03-22 09:54:41.154161"
8585,"Kapan",14.0,9.1,"Mild 🌤","2026-03-22 09:54:41.868129"
8586,"Goris",10.9,9.7,"Mild 🌤","2026-03-22 09:54:42.185319"
8587,"Sevan",6.9,9.2,"Cold ❄️","2026-03-22 09:54:42.519062"
8588,"Ijevan",10.7,9.2,"Mild 🌤","2026-03-22 09:54:42.845701"
8589,"Armavir",12.9,7.4,"Mild 🌤","2026-03-22 09:54:43.187789"
8590,"Artashat",15.1,19.0,"Mild 🌤","2026-03-22 09:54:43.522395"
8591,"Sisian",10.4,2.9,"Mild 🌤","2026-03-22 09:54:43.847657"
8592,"Yerevan",13.1,11.8,"Mild 🌤","2026-03-22 09:54:49.75047"
8593,"Gyumri",8.6,10.7,"Cold ❄️","2026-03-22 09:54:50.26432"
8594,"Vanadzor",9.9,6.8,"Cold ❄️","2026-03-22 09:54:50.878335"
8595,"Dilijan",11.3,8.6,"Mild 🌤","2026-03-22 09:54:51.287932"
8596,"Hrazdan",6.9,15.4,"Cold ❄️","2026-03-22 09:54:51.800003"
8597,"Abovyan",8.3,7.7,"Cold ❄️","2026-03-22 09:54:52.148547"
8598,"Kapan",14.0,9.1,"Mild 🌤","2026-03-22 09:54:52.474902"
8599,"Goris",10.9,9.7,"Mild 🌤","2026-03-22 09:54:52.834782"
8600,"Sevan",6.9,9.2,"Cold ❄️","2026-03-22 09:54:53.157629"
8601,"Ijevan",10.7,9.2,"Mild 🌤","2026-03-22 09:54:53.501566"
8602,"Armavir",12.9,7.4,"Mild 🌤","2026-03-22 09:54:53.850565"
8603,"Artashat",15.1,19.0,"Mild 🌤","2026-03-22 09:54:54.173863"
8604,"Sisian",10.4,2.9,"Mild 🌤","2026-03-22 09:54:54.493903"
8605,"Yerevan",13.1,11.8,"Mild 🌤","2026-03-22 09:54:59.581367"
8606,"Gyumri",8.6,10.7,"Cold ❄️","2026-03-22 09:54:59.992395"
8607,"Vanadzor",9.9,6.8,"Cold ❄️","2026-03-22 09:55:00.51706"
8608,"Dilijan",11.3,8.6,"Mild 🌤","2026-03-22 09:55:00.915045"
8609,"Hrazdan",6.9,15.4,"Cold ❄️","2026-03-22 09:55:01.733696"
8610,"Abovyan",8.3,7.7,"Cold ❄️","2026-03-22 09:55:02.143703"
8611,"Kapan",14.0,9.1,"Mild 🌤","2026-03-22 09:55:02.757568"
8612,"Goris",10.9,9.7,"Mild 🌤","2026-03-22 09:55:03.167694"
8613,"Sevan",6.9,9.2,"Cold ❄️","2026-03-22 09:55:03.782363"
8614,"Ijevan",10.7,9.2,"Mild 🌤","2026-03-22 09:55:04.293609"
8615,"Armavir",12.9,7.4,"Mild 🌤","2026-03-22 09:55:04.703532"
8616,"Artashat",15.1,19.0,"Mild 🌤","2026-03-22 09:55:05.21538"
8617,"Sisian",10.4,2.9,"Mild 🌤","2026-03-22 09:55:05.624861"
8618,"Yerevan",13.1,11.8,"Mild 🌤","2026-03-22 09:55:09.719441"
8619,"Gyumri",8.6,10.7,"Cold ❄️","2026-03-22 09:55:10.130814"
8620,"Vanadzor",9.9,6.8,"Cold ❄️","2026-03-22 09:55:10.540153"
8621,"Dilijan",11.3,8.6,"Mild 🌤","2026-03-22 09:55:10.950207"
8622,"Hrazdan",6.9,15.4,"Cold ❄️","2026-03-22 09:55:11.360173"
8623,"Abovyan",8.3,7.7,"Cold ❄️","2026-03-22 09:55:11.774646"
8624,"Kapan",14.0,9.1,"Mild 🌤","2026-03-22 09:55:12.131602"
8625,"Goris",10.9,9.7,"Mild 🌤","2026-03-22 09:55:12.464433"
8626,"Sevan",6.9,9.2,"Cold ❄️","2026-03-22 09:55:12.810363"
8627,"Ijevan",10.7,9.2,"Mild 🌤","2026-03-22 09:55:13.136808"
8628,"Armavir",12.9,7.4,"Mild 🌤","2026-03-22 09:55:13.484989"
8629,"Artashat",15.1,19.0,"Mild 🌤","2026-03-22 09:55:13.830552"
8630,"Sisian",10.4,2.9,"Mild 🌤","2026-03-22 09:55:14.167902"
8631,"Yerevan",13.1,11.8,"Mild 🌤","2026-03-22 09:55:19.652762"
8632,"Gyumri",8.6,10.7,"Cold ❄️","2026-03-22 09:55:20.064387"
8633,"Vanadzor",9.9,6.8,"Cold ❄️","2026-03-22 09:55:20.576138"
8634,"Dilijan",11.3,8.6,"Mild 🌤","2026-03-22 09:55:21.190601"
8635,"Hrazdan",6.9,15.4,"Cold ❄️","2026-03-22 09:55:21.702658"
8636,"Abovyan",8.3,7.7,"Cold ❄️","2026-03-22 09:55:22.105933"
8637,"Kapan",14.0,9.1,"Mild 🌤","2026-03-22 09:55:22.429842"
8638,"Goris",10.9,9.7,"Mild 🌤","2026-03-22 09:55:22.753711"
8639,"Sevan",6.9,9.2,"Cold ❄️","2026-03-22 09:55:23.082721"
8640,"Ijevan",10.7,9.2,"Mild 🌤","2026-03-22 09:55:23.397199"
8641,"Armavir",12.9,7.4,"Mild 🌤","2026-03-22 09:55:23.74983"
8642,"Artashat",15.1,19.0,"Mild 🌤","2026-03-22 09:55:24.089806"
8643,"Sisian",10.4,2.9,"Mild 🌤","2026-03-22 09:55:24.434301"
8644,"Yerevan",13.1,11.8,"Mild 🌤","2026-03-22 09:55:29.794558"
8645,"Gyumri",8.6,10.7,"Cold ❄️","2026-03-22 09:55:30.205724"
8646,"Vanadzor",9.9,6.8,"Cold ❄️","2026-03-22 09:55:31.228203"
8647,"Dilijan",11.3,8.6,"Mild 🌤","2026-03-22 09:55:31.63632"
8648,"Hrazdan",6.9,15.4,"Cold ❄️","2026-03-22 09:55:32.045829"
8649,"Abovyan",8.3,7.7,"Cold ❄️","2026-03-22 09:55:32.456884"
8650,"Kapan",14.0,9.1,"Mild 🌤","2026-03-22 09:55:32.865052"
8651,"Goris",10.9,9.7,"Mild 🌤","2026-03-22 09:55:33.276506"
8652,"Sevan",6.9,9.2,"Cold ❄️","2026-03-22 09:55:34.045582"
8653,"Ijevan",10.7,9.2,"Mild 🌤","2026-03-22 09:55:34.388989"
8654,"Armavir",12.9,7.4,"Mild 🌤","2026-03-22 09:55:34.76317"
8655,"Artashat",15.1,19.0,"Mild 🌤","2026-03-22 09:55:35.204173"
8656,"Sisian",10.4,2.9,"Mild 🌤","2026-03-22 09:55:35.560193"
8657,"Yerevan",13.1,11.8,"Mild 🌤","2026-03-22 09:55:39.742052"
8658,"Gyumri",8.6,10.7,"Cold ❄️","2026-03-22 09:55:40.242069"
8659,"Dilijan",11.3,8.6,"Mild 🌤","2026-03-22 09:55:45.871221"
8660,"Hrazdan",6.9,15.4,"Cold ❄️","2026-03-22 09:55:46.286077"
8661,"Abovyan",8.3,7.7,"Cold ❄️","2026-03-22 09:55:46.792225"
8662,"Kapan",14.0,9.1,"Mild 🌤","2026-03-22 09:55:47.30533"
8663,"Goris",10.9,9.7,"Mild 🌤","2026-03-22 09:55:47.815821"
8664,"Sevan",6.9,9.2,"Cold ❄️","2026-03-22 09:55:48.160216"
8665,"Ijevan",10.7,9.2,"Mild 🌤","2026-03-22 09:55:48.479331"
8666,"Armavir",12.9,7.4,"Mild 🌤","2026-03-22 09:55:48.809299"
8667,"Artashat",15.1,19.0,"Mild 🌤","2026-03-22 09:55:49.133181"
8668,"Sisian",10.4,2.9,"Mild 🌤","2026-03-22 09:55:49.469328"
8669,"Yerevan",13.1,11.8,"Mild 🌤","2026-03-22 09:55:49.812073"
8670,"Gyumri",8.6,10.7,"Cold ❄️","2026-03-22 09:55:50.152486"
8671,"Vanadzor",9.9,6.8,"Cold ❄️","2026-03-22 09:55:50.483636"
8672,"Dilijan",11.3,8.6,"Mild 🌤","2026-03-22 09:55:50.831507"
8673,"Hrazdan",6.9,15.4,"Cold ❄️","2026-03-22 09:55:51.187473"
8674,"Abovyan",8.3,7.7,"Cold ❄️","2026-03-22 09:55:51.536558"
8675,"Kapan",14.0,9.1,"Mild 🌤","2026-03-22 09:55:51.884146"
8676,"Goris",10.9,9.7,"Mild 🌤","2026-03-22 09:55:52.207527"
8677,"Sevan",6.9,9.2,"Cold ❄️","2026-03-22 09:55:52.530231"
8678,"Ijevan",10.7,9.2,"Mild 🌤","2026-03-22 09:55:52.86081"
8679,"Armavir",12.9,7.4,"Mild 🌤","2026-03-22 09:55:53.189779"
8680,"Artashat",15.1,19.0,"Mild 🌤","2026-03-22 09:55:53.525571"
8681,"Sisian",10.4,2.9,"Mild 🌤","2026-03-22 09:55:53.852465"
8682,"Yerevan",13.1,11.8,"Mild 🌤","2026-03-22 09:55:59.89859"
8683,"Gyumri",8.6,10.7,"Cold ❄️","2026-03-22 09:56:00.647005"
8684,"Vanadzor",9.9,6.8,"Cold ❄️","2026-03-22 09:56:01.231738"
8685,"Dilijan",11.3,8.6,"Mild 🌤","2026-03-22 09:56:01.743674"
8686,"Hrazdan",6.9,15.4,"Cold ❄️","2026-03-22 09:56:02.260744"
8687,"Abovyan",8.3,7.7,"Cold ❄️","2026-03-22 09:56:02.767625"
8688,"Kapan",14.0,9.1,"Mild 🌤","2026-03-22 09:56:03.177046"
8689,"Goris",10.9,9.7,"Mild 🌤","2026-03-22 09:56:03.586662"
8690,"Sevan",6.9,9.2,"Cold ❄️","2026-03-22 09:56:03.980831"
8691,"Ijevan",10.7,9.2,"Mild 🌤","2026-03-22 09:56:04.326596"
8692,"Armavir",12.9,7.4,"Mild 🌤","2026-03-22 09:56:04.670891"
8693,"Artashat",15.1,19.0,"Mild 🌤","2026-03-22 09:56:04.994569"
8694,"Sisian",10.4,2.9,"Mild 🌤","2026-03-22 09:56:05.32019"
8695,"Yerevan",13.1,11.8,"Mild 🌤","2026-03-22 09:56:10.036756"
8696,"Gyumri",8.6,10.7,"Cold ❄️","2026-03-22 09:56:10.448982"
8697,"Vanadzor",9.9,6.8,"Cold ❄️","2026-03-22 09:56:10.858289"
8698,"Dilijan",11.3,8.6,"Mild 🌤","2026-03-22 09:56:11.369594"
8699,"Hrazdan",6.9,15.4,"Cold ❄️","2026-03-22 09:56:11.882598"
8700,"Abovyan",8.3,7.7,"Cold ❄️","2026-03-22 09:56:12.226753"
8701,"Kapan",14.0,9.1,"Mild 🌤","2026-03-22 09:56:12.55113"
8702,"Goris",10.9,9.7,"Mild 🌤","2026-03-22 09:56:12.886161"
8703,"Sevan",6.9,9.2,"Cold ❄️","2026-03-22 09:56:13.225636"
8704,"Ijevan",10.7,9.2,"Mild 🌤","2026-03-22 09:56:13.608456"
8705,"Armavir",12.9,7.4,"Mild 🌤","2026-03-22 09:56:13.957091"
8706,"Artashat",15.1,19.0,"Mild 🌤","2026-03-22 09:56:14.291768"
8707,"Sisian",10.4,2.9,"Mild 🌤","2026-03-22 09:56:14.614909"
8708,"Yerevan",13.1,11.8,"Mild 🌤","2026-03-22 09:56:20.072364"
8709,"Gyumri",8.6,10.7,"Cold ❄️","2026-03-22 09:56:20.483708"
8710,"Vanadzor",9.9,6.8,"Cold ❄️","2026-03-22 09:56:20.893532"
8711,"Dilijan",11.3,8.6,"Mild 🌤","2026-03-22 09:56:21.303745"
8712,"Hrazdan",6.9,15.4,"Cold ❄️","2026-03-22 09:56:21.815258"
8713,"Abovyan",8.3,7.7,"Cold ❄️","2026-03-22 09:56:22.160202"
8714,"Kapan",14.0,9.1,"Mild 🌤","2026-03-22 09:56:22.503411"
8715,"Goris",10.9,9.7,"Mild 🌤","2026-03-22 09:56:22.826398"
8716,"Sevan",6.9,9.2,"Cold ❄️","2026-03-22 09:56:23.163049"
8717,"Ijevan",10.7,9.2,"Mild 🌤","2026-03-22 09:56:23.498591"
8718,"Armavir",12.9,7.4,"Mild 🌤","2026-03-22 09:56:23.815368"
8719,"Artashat",15.1,19.0,"Mild 🌤","2026-03-22 09:56:24.161406"
8720,"Sisian",10.4,2.9,"Mild 🌤","2026-03-22 09:56:24.509012"
8721,"Yerevan",13.1,11.8,"Mild 🌤","2026-03-22 09:56:30.108383"
8722,"Gyumri",8.6,10.7,"Cold ❄️","2026-03-22 09:56:30.622516"
8723,"Vanadzor",9.9,6.8,"Cold ❄️","2026-03-22 09:56:31.031679"
8724,"Dilijan",11.3,8.6,"Mild 🌤","2026-03-22 09:56:31.552785"
8725,"Hrazdan",6.9,15.4,"Cold ❄️","2026-03-22 09:56:31.959134"
8726,"Abovyan",8.3,7.7,"Cold ❄️","2026-03-22 09:56:32.290465"
8727,"Kapan",14.0,9.1,"Mild 🌤","2026-03-22 09:56:32.61934"
8728,"Goris",10.9,9.7,"Mild 🌤","2026-03-22 09:56:32.984482"
8729,"Sevan",6.9,9.2,"Cold ❄️","2026-03-22 09:56:33.320485"
8730,"Ijevan",10.7,9.2,"Mild 🌤","2026-03-22 09:56:33.644873"
8731,"Armavir",12.9,7.4,"Mild 🌤","2026-03-22 09:56:33.98976"
8732,"Artashat",15.1,19.0,"Mild 🌤","2026-03-22 09:56:34.306579"
8733,"Sisian",10.4,2.9,"Mild 🌤","2026-03-22 09:56:34.652393"
8734,"Yerevan",13.1,11.8,"Mild 🌤","2026-03-22 09:56:39.839994"
8735,"Gyumri",8.6,10.7,"Cold ❄️","2026-03-22 09:56:40.161298"
8736,"Vanadzor",9.9,6.8,"Cold ❄️","2026-03-22 09:56:40.541879"
8737,"Dilijan",11.3,8.6,"Mild 🌤","2026-03-22 09:56:40.882723"
8738,"Hrazdan",6.9,15.4,"Cold ❄️","2026-03-22 09:56:41.21484"
8739,"Abovyan",8.3,7.7,"Cold ❄️","2026-03-22 09:56:41.560288"
8740,"Kapan",14.0,9.1,"Mild 🌤","2026-03-22 09:56:41.912361"
8741,"Goris",10.9,9.7,"Mild 🌤","2026-03-22 09:56:42.234023"
8742,"Sevan",6.9,9.2,"Cold ❄️","2026-03-22 09:56:42.564135"
8743,"Ijevan",10.7,9.2,"Mild 🌤","2026-03-22 09:56:42.895953"
8744,"Armavir",12.9,7.4,"Mild 🌤","2026-03-22 09:56:43.23038"
8745,"Artashat",15.1,19.0,"Mild 🌤","2026-03-22 09:56:43.554414"
8746,"Sisian",10.4,2.9,"Mild 🌤","2026-03-22 09:56:43.897222"
8747,"Yerevan",13.1,11.8,"Mild 🌤","2026-03-22 09:56:49.824996"
8748,"Gyumri",8.6,10.7,"Cold ❄️","2026-03-22 09:56:50.173798"
8749,"Vanadzor",9.9,6.8,"Cold ❄️","2026-03-22 09:56:50.519097"
8750,"Dilijan",11.3,8.6,"Mild 🌤","2026-03-22 09:56:50.839344"
8751,"Hrazdan",6.9,15.4,"Cold ❄️","2026-03-22 09:56:51.15937"
8752,"Abovyan",8.3,7.7,"Cold ❄️","2026-03-22 09:56:51.491224"
8753,"Kapan",14.0,9.1,"Mild 🌤","2026-03-22 09:56:51.838934"
8754,"Goris",10.9,9.7,"Mild 🌤","2026-03-22 09:56:52.151001"
8755,"Sevan",6.9,9.2,"Cold ❄️","2026-03-22 09:56:52.510852"
8756,"Ijevan",10.7,9.2,"Mild 🌤","2026-03-22 09:56:52.993835"
8757,"Armavir",12.9,7.4,"Mild 🌤","2026-03-22 09:56:53.331021"
8758,"Artashat",15.1,19.0,"Mild 🌤","2026-03-22 09:56:53.668783"
8759,"Sisian",10.4,2.9,"Mild 🌤","2026-03-22 09:56:54.017215"
8760,"Yerevan",13.1,11.8,"Mild 🌤","2026-03-22 09:57:00.112915"
8761,"Gyumri",8.6,10.7,"Cold ❄️","2026-03-22 09:57:00.729102"
8762,"Vanadzor",9.9,6.8,"Cold ❄️","2026-03-22 09:57:01.138916"
8763,"Dilijan",11.3,8.6,"Mild 🌤","2026-03-22 09:57:01.753244"
8764,"Hrazdan",6.9,15.4,"Cold ❄️","2026-03-22 09:57:02.137045"
8765,"Abovyan",8.3,7.7,"Cold ❄️","2026-03-22 09:57:02.455761"
8766,"Kapan",14.0,9.1,"Mild 🌤","2026-03-22 09:57:02.794612"
8767,"Goris",10.9,9.7,"Mild 🌤","2026-03-22 09:57:03.121195"
8768,"Sevan",6.9,9.2,"Cold ❄️","2026-03-22 09:57:03.448147"
8769,"Ijevan",10.7,9.2,"Mild 🌤","2026-03-22 09:57:03.763902"
8770,"Armavir",12.9,7.4,"Mild 🌤","2026-03-22 09:57:04.107162"
8771,"Artashat",15.1,19.0,"Mild 🌤","2026-03-22 09:57:04.440762"
8772,"Sisian",10.4,2.9,"Mild 🌤","2026-03-22 09:57:04.787333"
8773,"Yerevan",13.1,11.8,"Mild 🌤","2026-03-22 09:57:09.943644"
8774,"Gyumri",8.6,10.7,"Cold ❄️","2026-03-22 09:57:10.359236"
8775,"Vanadzor",9.9,6.8,"Cold ❄️","2026-03-22 09:57:10.76509"
8776,"Dilijan",11.3,8.6,"Mild 🌤","2026-03-22 09:57:11.174892"
8777,"Hrazdan",6.9,15.4,"Cold ❄️","2026-03-22 09:57:11.583956"
8778,"Abovyan",8.3,7.7,"Cold ❄️","2026-03-22 09:57:12.062143"
8779,"Kapan",14.0,9.1,"Mild 🌤","2026-03-22 09:57:12.397471"
8780,"Goris",10.9,9.7,"Mild 🌤","2026-03-22 09:57:12.723921"
8781,"Sevan",6.9,9.2,"Cold ❄️","2026-03-22 09:57:13.062305"
8782,"Ijevan",10.7,9.2,"Mild 🌤","2026-03-22 09:57:13.379723"
8783,"Armavir",12.9,7.4,"Mild 🌤","2026-03-22 09:57:13.724792"
8784,"Artashat",15.1,19.0,"Mild 🌤","2026-03-22 09:57:14.069272"
8785,"Sisian",10.4,2.9,"Mild 🌤","2026-03-22 09:57:14.424478"
8786,"Yerevan",13.1,11.8,"Mild 🌤","2026-03-22 09:57:20.185605"
8787,"Gyumri",8.6,10.7,"Cold ❄️","2026-03-22 09:57:20.801345"
8788,"Vanadzor",9.9,6.8,"Cold ❄️","2026-03-22 09:57:21.210477"
8789,"Dilijan",11.3,8.6,"Mild 🌤","2026-03-22 09:57:21.72275"
8790,"Hrazdan",6.9,15.4,"Cold ❄️","2026-03-22 09:57:22.0904"
8791,"Abovyan",8.3,7.7,"Cold ❄️","2026-03-22 09:57:22.425667"
8792,"Kapan",14.0,9.1,"Mild 🌤","2026-03-22 09:57:22.754714"
8793,"Goris",10.9,9.7,"Mild 🌤","2026-03-22 09:57:23.082545"
8794,"Sevan",6.9,9.2,"Cold ❄️","2026-03-22 09:57:23.414603"
8795,"Ijevan",10.7,9.2,"Mild 🌤","2026-03-22 09:57:23.761582"
8796,"Armavir",12.9,7.4,"Mild 🌤","2026-03-22 09:57:24.104735"
8797,"Artashat",15.1,19.0,"Mild 🌤","2026-03-22 09:57:24.43176"
8798,"Sisian",10.4,2.9,"Mild 🌤","2026-03-22 09:57:24.770499"
8799,"Yerevan",13.1,11.8,"Mild 🌤","2026-03-22 09:57:30.016362"
8800,"Gyumri",8.6,10.7,"Cold ❄️","2026-03-22 09:57:30.43159"
8801,"Vanadzor",9.9,6.8,"Cold ❄️","2026-03-22 09:57:30.836087"
8802,"Dilijan",11.3,8.6,"Mild 🌤","2026-03-22 09:57:31.246291"
8803,"Hrazdan",6.9,15.4,"Cold ❄️","2026-03-22 09:57:31.655564"
8804,"Abovyan",8.3,7.7,"Cold ❄️","2026-03-22 09:57:32.072714"
8805,"Kapan",14.0,9.1,"Mild 🌤","2026-03-22 09:57:32.408479"
8806,"Goris",10.9,9.7,"Mild 🌤","2026-03-22 09:57:32.726476"
8807,"Sevan",6.9,9.2,"Cold ❄️","2026-03-22 09:57:33.066038"
8808,"Ijevan",10.7,9.2,"Mild 🌤","2026-03-22 09:57:33.398119"
8809,"Armavir",12.9,7.4,"Mild 🌤","2026-03-22 09:57:33.746209"
8810,"Artashat",15.1,19.0,"Mild 🌤","2026-03-22 09:57:34.111817"
8811,"Sisian",10.4,2.9,"Mild 🌤","2026-03-22 09:57:34.445905"
8812,"Yerevan",13.1,11.8,"Mild 🌤","2026-03-22 09:57:39.930014"
8813,"Gyumri",8.6,10.7,"Cold ❄️","2026-03-22 09:57:40.359967"
8814,"Vanadzor",9.9,6.8,"Cold ❄️","2026-03-22 09:57:40.769984"
8815,"Dilijan",11.3,8.6,"Mild 🌤","2026-03-22 09:57:41.495112"
8816,"Hrazdan",6.9,15.4,"Cold ❄️","2026-03-22 09:57:41.981009"
8817,"Abovyan",8.3,7.7,"Cold ❄️","2026-03-22 09:57:42.309834"
8818,"Kapan",14.0,9.1,"Mild 🌤","2026-03-22 09:57:42.647764"
8819,"Goris",10.9,9.7,"Mild 🌤","2026-03-22 09:57:42.985452"
8820,"Sevan",6.9,9.2,"Cold ❄️","2026-03-22 09:57:43.301986"
8821,"Ijevan",10.7,9.2,"Mild 🌤","2026-03-22 09:57:43.632696"
8822,"Armavir",12.9,7.4,"Mild 🌤","2026-03-22 09:57:43.966454"
8823,"Artashat",15.1,19.0,"Mild 🌤","2026-03-22 09:57:44.298115"
8824,"Sisian",10.4,2.9,"Mild 🌤","2026-03-22 09:57:44.626317"
8825,"Yerevan",13.1,11.8,"Mild 🌤","2026-03-22 09:57:49.978737"
8826,"Gyumri",8.6,10.7,"Cold ❄️","2026-03-22 09:57:50.498015"
8827,"Vanadzor",9.9,6.8,"Cold ❄️","2026-03-22 09:57:51.009749"
8828,"Dilijan",11.3,8.6,"Mild 🌤","2026-03-22 09:57:51.420274"
8829,"Hrazdan",6.9,15.4,"Cold ❄️","2026-03-22 09:57:51.931962"
8830,"Abovyan",8.3,7.7,"Cold ❄️","2026-03-22 09:57:52.289324"
8831,"Kapan",14.0,9.1,"Mild 🌤","2026-03-22 09:57:52.629712"
8832,"Goris",10.9,9.7,"Mild 🌤","2026-03-22 09:57:52.957202"
8833,"Sevan",6.9,9.2,"Cold ❄️","2026-03-22 09:57:53.288278"
8834,"Ijevan",10.7,9.2,"Mild 🌤","2026-03-22 09:57:53.623678"
8835,"Armavir",12.9,7.4,"Mild 🌤","2026-03-22 09:57:53.964232"
8836,"Artashat",15.1,19.0,"Mild 🌤","2026-03-22 09:57:54.32026"
8837,"Sisian",10.4,2.9,"Mild 🌤","2026-03-22 09:57:54.658546"
8838,"Yerevan",13.1,11.8,"Mild 🌤","2026-03-22 09:58:00.224657"
8839,"Gyumri",8.6,10.7,"Cold ❄️","2026-03-22 09:58:00.64039"
8840,"Vanadzor",9.9,6.8,"Cold ❄️","2026-03-22 09:58:01.045971"
8841,"Dilijan",11.3,8.6,"Mild 🌤","2026-03-22 09:58:01.45535"
8842,"Hrazdan",6.9,15.4,"Cold ❄️","2026-03-22 09:58:01.865278"
8843,"Abovyan",8.3,7.7,"Cold ❄️","2026-03-22 09:58:02.2145"
8844,"Kapan",14.0,9.1,"Mild 🌤","2026-03-22 09:58:02.535805"
8845,"Goris",10.9,9.7,"Mild 🌤","2026-03-22 09:58:02.895577"
8846,"Sevan",6.9,9.2,"Cold ❄️","2026-03-22 09:58:03.23398"
8847,"Ijevan",10.7,9.2,"Mild 🌤","2026-03-22 09:58:03.566568"
8848,"Armavir",12.9,7.4,"Mild 🌤","2026-03-22 09:58:03.908265"
8849,"Artashat",15.1,19.0,"Mild 🌤","2026-03-22 09:58:04.246626"
8850,"Sisian",10.4,2.9,"Mild 🌤","2026-03-22 09:58:04.599123"
8851,"Yerevan",13.1,12.4,"Mild 🌤","2026-03-22 10:04:11.097698"
8852,"Gyumri",8.5,12.5,"Cold ❄️","2026-03-22 10:04:11.712893"
8853,"Vanadzor",10.0,7.4,"Cold ❄️","2026-03-22 10:04:12.122038"
8854,"Dilijan",11.2,9.2,"Mild 🌤","2026-03-22 10:04:12.53152"
8855,"Hrazdan",6.9,15.3,"Cold ❄️","2026-03-22 10:04:13.132622"
8856,"Abovyan",8.3,6.9,"Cold ❄️","2026-03-22 10:04:13.661319"
8857,"Kapan",13.8,9.1,"Mild 🌤","2026-03-22 10:04:14.018075"
8858,"Goris",10.8,8.4,"Mild 🌤","2026-03-22 10:04:14.337796"
8859,"Sevan",6.9,9.4,"Cold ❄️","2026-03-22 10:04:14.679626"
8860,"Ijevan",10.7,9.2,"Mild 🌤","2026-03-22 10:04:15.004586"
8861,"Armavir",13.0,7.8,"Mild 🌤","2026-03-22 10:04:15.33409"
8862,"Artashat",15.3,21.7,"Mild 🌤","2026-03-22 10:04:15.661254"
8863,"Sisian",10.4,3.4,"Mild 🌤","2026-03-22 10:04:15.997056"
8864,"Yerevan",13.1,12.4,"Mild 🌤","2026-03-22 10:04:20.927116"
8865,"Gyumri",8.5,12.5,"Cold ❄️","2026-03-22 10:04:21.338384"
8866,"Vanadzor",10.0,7.4,"Cold ❄️","2026-03-22 10:04:21.750884"
8867,"Dilijan",11.2,9.2,"Mild 🌤","2026-03-22 10:04:22.157319"
8868,"Hrazdan",6.9,15.3,"Cold ❄️","2026-03-22 10:04:22.566546"
8869,"Abovyan",8.3,6.9,"Cold ❄️","2026-03-22 10:04:23.079001"
8870,"Kapan",13.8,9.1,"Mild 🌤","2026-03-22 10:04:23.488617"
8871,"Goris",10.8,8.4,"Mild 🌤","2026-03-22 10:04:23.897623"
8872,"Sevan",6.9,9.4,"Cold ❄️","2026-03-22 10:04:24.215051"
8873,"Ijevan",10.7,9.2,"Mild 🌤","2026-03-22 10:04:24.55299"
8874,"Armavir",13.0,7.8,"Mild 🌤","2026-03-22 10:04:24.87482"
8875,"Artashat",15.3,21.7,"Mild 🌤","2026-03-22 10:04:25.203908"
8876,"Sisian",10.4,3.4,"Mild 🌤","2026-03-22 10:04:25.529969"
8877,"Yerevan",13.1,12.4,"Mild 🌤","2026-03-22 10:04:25.881928"
8878,"Gyumri",8.5,12.5,"Cold ❄️","2026-03-22 10:04:26.224958"
8879,"Vanadzor",10.0,7.4,"Cold ❄️","2026-03-22 10:04:26.538414"
8880,"Dilijan",11.2,9.2,"Mild 🌤","2026-03-22 10:04:26.862903"
8881,"Hrazdan",6.9,15.3,"Cold ❄️","2026-03-22 10:04:27.197375"
8882,"Abovyan",8.3,6.9,"Cold ❄️","2026-03-22 10:04:27.517914"
8883,"Kapan",13.8,9.1,"Mild 🌤","2026-03-22 10:04:27.846924"
8884,"Goris",10.8,8.4,"Mild 🌤","2026-03-22 10:04:28.172089"
8885,"Sevan",6.9,9.4,"Cold ❄️","2026-03-22 10:04:28.518784"
8886,"Ijevan",10.7,9.2,"Mild 🌤","2026-03-22 10:04:28.852383"
8887,"Armavir",13.0,7.8,"Mild 🌤","2026-03-22 10:04:29.185646"
8888,"Artashat",15.3,21.7,"Mild 🌤","2026-03-22 10:04:29.513862"
8889,"Sisian",10.4,3.4,"Mild 🌤","2026-03-22 10:04:29.855272"
8890,"Yerevan",13.1,12.4,"Mild 🌤","2026-03-22 10:04:30.852439"
8891,"Gyumri",8.5,12.5,"Cold ❄️","2026-03-22 10:04:31.207616"
8892,"Vanadzor",10.0,7.4,"Cold ❄️","2026-03-22 10:04:31.554357"
8893,"Dilijan",11.2,9.2,"Mild 🌤","2026-03-22 10:04:31.878151"
8894,"Hrazdan",6.9,15.3,"Cold ❄️","2026-03-22 10:04:32.216096"
8895,"Abovyan",8.3,6.9,"Cold ❄️","2026-03-22 10:04:32.537796"
8896,"Kapan",13.8,9.1,"Mild 🌤","2026-03-22 10:04:32.888311"
8897,"Goris",10.8,8.4,"Mild 🌤","2026-03-22 10:04:33.228977"
8898,"Sevan",6.9,9.4,"Cold ❄️","2026-03-22 10:04:33.548372"
8899,"Ijevan",10.7,9.2,"Mild 🌤","2026-03-22 10:04:33.884294"
8900,"Armavir",13.0,7.8,"Mild 🌤","2026-03-22 10:04:34.207035"
8901,"Artashat",15.3,21.7,"Mild 🌤","2026-03-22 10:04:34.529247"
8902,"Sisian",10.4,3.4,"Mild 🌤","2026-03-22 10:04:34.848256"
8903,"Yerevan",13.1,12.4,"Mild 🌤","2026-03-22 10:04:35.200413"
8904,"Gyumri",8.5,12.5,"Cold ❄️","2026-03-22 10:04:35.525378"
8905,"Vanadzor",10.0,7.4,"Cold ❄️","2026-03-22 10:04:35.859131"
8906,"Dilijan",11.2,9.2,"Mild 🌤","2026-03-22 10:04:36.195995"
8907,"Hrazdan",6.9,15.3,"Cold ❄️","2026-03-22 10:04:36.521725"
8908,"Abovyan",8.3,6.9,"Cold ❄️","2026-03-22 10:04:36.852745"
8909,"Kapan",13.8,9.1,"Mild 🌤","2026-03-22 10:04:37.168954"
8910,"Goris",10.8,8.4,"Mild 🌤","2026-03-22 10:04:37.49953"
8911,"Sevan",6.9,9.4,"Cold ❄️","2026-03-22 10:04:37.8359"
8912,"Ijevan",10.7,9.2,"Mild 🌤","2026-03-22 10:04:38.173967"
8913,"Armavir",13.0,7.8,"Mild 🌤","2026-03-22 10:04:38.49891"
8914,"Artashat",15.3,21.7,"Mild 🌤","2026-03-22 10:04:38.826487"
8915,"Sisian",10.4,3.4,"Mild 🌤","2026-03-22 10:04:39.156858"
8916,"Yerevan",13.1,12.4,"Mild 🌤","2026-03-22 10:04:40.903751"
8917,"Gyumri",8.5,12.5,"Cold ❄️","2026-03-22 10:04:41.230938"
8918,"Vanadzor",10.0,7.4,"Cold ❄️","2026-03-22 10:04:41.575915"
8919,"Dilijan",11.2,9.2,"Mild 🌤","2026-03-22 10:04:41.89997"
8920,"Hrazdan",6.9,15.3,"Cold ❄️","2026-03-22 10:04:42.241276"
8921,"Abovyan",8.3,6.9,"Cold ❄️","2026-03-22 10:04:42.570488"
8922,"Kapan",13.8,9.1,"Mild 🌤","2026-03-22 10:04:42.908841"
8923,"Goris",10.8,8.4,"Mild 🌤","2026-03-22 10:04:43.249002"
8924,"Sevan",6.9,9.4,"Cold ❄️","2026-03-22 10:04:43.565014"
8925,"Ijevan",10.7,9.2,"Mild 🌤","2026-03-22 10:04:43.905787"
8926,"Armavir",13.0,7.8,"Mild 🌤","2026-03-22 10:04:44.240649"
8927,"Artashat",15.3,21.7,"Mild 🌤","2026-03-22 10:04:44.576327"
8928,"Sisian",10.4,3.4,"Mild 🌤","2026-03-22 10:04:44.894802"
8929,"Yerevan",13.1,12.4,"Mild 🌤","2026-03-22 10:04:45.226908"
8930,"Gyumri",8.5,12.5,"Cold ❄️","2026-03-22 10:04:45.5436"
8931,"Vanadzor",10.0,7.4,"Cold ❄️","2026-03-22 10:04:45.867677"
8932,"Dilijan",11.2,9.2,"Mild 🌤","2026-03-22 10:04:46.20388"
8933,"Hrazdan",6.9,15.3,"Cold ❄️","2026-03-22 10:04:46.545248"
8934,"Abovyan",8.3,6.9,"Cold ❄️","2026-03-22 10:04:46.886845"
8935,"Kapan",13.8,9.1,"Mild 🌤","2026-03-22 10:04:47.220121"
8936,"Goris",10.8,8.4,"Mild 🌤","2026-03-22 10:04:47.568119"
8937,"Sevan",6.9,9.4,"Cold ❄️","2026-03-22 10:04:47.907976"
8938,"Ijevan",10.7,9.2,"Mild 🌤","2026-03-22 10:04:48.248657"
8939,"Armavir",13.0,7.8,"Mild 🌤","2026-03-22 10:04:48.5881"
8940,"Artashat",15.3,21.7,"Mild 🌤","2026-03-22 10:04:48.929798"
8941,"Sisian",10.4,3.4,"Mild 🌤","2026-03-22 10:04:49.280684"
8942,"Yerevan",13.1,12.4,"Mild 🌤","2026-03-22 10:04:50.870531"
8943,"Gyumri",8.5,12.5,"Cold ❄️","2026-03-22 10:04:51.197663"
8944,"Vanadzor",10.0,7.4,"Cold ❄️","2026-03-22 10:04:51.550484"
8945,"Dilijan",11.2,9.2,"Mild 🌤","2026-03-22 10:04:51.894451"
8946,"Hrazdan",6.9,15.3,"Cold ❄️","2026-03-22 10:04:52.230444"
8947,"Abovyan",8.3,6.9,"Cold ❄️","2026-03-22 10:04:52.553097"
8948,"Kapan",13.8,9.1,"Mild 🌤","2026-03-22 10:04:52.900148"
8949,"Goris",10.8,8.4,"Mild 🌤","2026-03-22 10:04:53.227502"
8950,"Sevan",6.9,9.4,"Cold ❄️","2026-03-22 10:04:53.558624"
8951,"Ijevan",10.7,9.2,"Mild 🌤","2026-03-22 10:04:53.906974"
8952,"Armavir",13.0,7.8,"Mild 🌤","2026-03-22 10:04:54.262172"
8953,"Artashat",15.3,21.7,"Mild 🌤","2026-03-22 10:04:54.597377"
8954,"Sisian",10.4,3.4,"Mild 🌤","2026-03-22 10:04:55.021184"
8955,"Yerevan",13.1,12.4,"Mild 🌤","2026-03-22 10:04:55.378787"
8956,"Gyumri",8.5,12.5,"Cold ❄️","2026-03-22 10:04:55.724611"
8957,"Vanadzor",10.0,7.4,"Cold ❄️","2026-03-22 10:04:56.059395"
8958,"Dilijan",11.2,9.2,"Mild 🌤","2026-03-22 10:04:56.422555"
8959,"Hrazdan",6.9,15.3,"Cold ❄️","2026-03-22 10:04:56.754791"
8960,"Abovyan",8.3,6.9,"Cold ❄️","2026-03-22 10:04:57.099497"
8961,"Kapan",13.8,9.1,"Mild 🌤","2026-03-22 10:04:57.420096"
8962,"Goris",10.8,8.4,"Mild 🌤","2026-03-22 10:04:57.742495"
8963,"Sevan",6.9,9.4,"Cold ❄️","2026-03-22 10:04:58.072371"
8964,"Ijevan",10.7,9.2,"Mild 🌤","2026-03-22 10:04:58.427076"
8965,"Armavir",13.0,7.8,"Mild 🌤","2026-03-22 10:04:58.773712"
8966,"Artashat",15.3,21.7,"Mild 🌤","2026-03-22 10:04:59.119545"
8967,"Sisian",10.4,3.4,"Mild 🌤","2026-03-22 10:04:59.456858"
8968,"Yerevan",13.1,12.4,"Mild 🌤","2026-03-22 10:05:00.892345"
8969,"Gyumri",8.5,12.5,"Cold ❄️","2026-03-22 10:05:01.219809"
8970,"Vanadzor",10.0,7.4,"Cold ❄️","2026-03-22 10:05:01.546604"
8971,"Dilijan",11.2,9.2,"Mild 🌤","2026-03-22 10:05:01.879533"
8972,"Hrazdan",6.9,15.3,"Cold ❄️","2026-03-22 10:05:02.232128"
8973,"Abovyan",8.3,6.9,"Cold ❄️","2026-03-22 10:05:02.557041"
8974,"Kapan",13.8,9.1,"Mild 🌤","2026-03-22 10:05:02.890721"
8975,"Goris",10.8,8.4,"Mild 🌤","2026-03-22 10:05:03.2253"
8976,"Sevan",6.9,9.4,"Cold ❄️","2026-03-22 10:05:03.55509"
8977,"Ijevan",10.7,9.2,"Mild 🌤","2026-03-22 10:05:03.881771"
8978,"Armavir",13.0,7.8,"Mild 🌤","2026-03-22 10:05:04.252711"
8979,"Artashat",15.3,21.7,"Mild 🌤","2026-03-22 10:05:04.575375"
8980,"Sisian",10.4,3.4,"Mild 🌤","2026-03-22 10:05:04.897964"
8981,"Yerevan",13.1,12.4,"Mild 🌤","2026-03-22 10:05:05.221666"
8982,"Gyumri",8.5,12.5,"Cold ❄️","2026-03-22 10:05:05.539589"
8983,"Vanadzor",10.0,7.4,"Cold ❄️","2026-03-22 10:05:05.878976"
8984,"Dilijan",11.2,9.2,"Mild 🌤","2026-03-22 10:05:06.219571"
8985,"Hrazdan",6.9,15.3,"Cold ❄️","2026-03-22 10:05:06.543806"
8986,"Abovyan",8.3,6.9,"Cold ❄️","2026-03-22 10:05:06.885334"
8987,"Kapan",13.8,9.1,"Mild 🌤","2026-03-22 10:05:07.213901"
8988,"Goris",10.8,8.4,"Mild 🌤","2026-03-22 10:05:07.534146"
8989,"Sevan",6.9,9.4,"Cold ❄️","2026-03-22 10:05:07.860401"
8990,"Ijevan",10.7,9.2,"Mild 🌤","2026-03-22 10:05:08.211086"
8991,"Armavir",13.0,7.8,"Mild 🌤","2026-03-22 10:05:08.555222"
8992,"Artashat",15.3,21.7,"Mild 🌤","2026-03-22 10:05:08.898408"
8993,"Sisian",10.4,3.4,"Mild 🌤","2026-03-22 10:05:09.235754"
8994,"Yerevan",13.1,12.4,"Mild 🌤","2026-03-22 10:05:10.844542"
8995,"Gyumri",8.5,12.5,"Cold ❄️","2026-03-22 10:05:11.172563"
8996,"Vanadzor",10.0,7.4,"Cold ❄️","2026-03-22 10:05:11.517934"
8997,"Dilijan",11.2,9.2,"Mild 🌤","2026-03-22 10:05:11.861459"
8998,"Hrazdan",6.9,15.3,"Cold ❄️","2026-03-22 10:05:12.198993"
8999,"Abovyan",8.3,6.9,"Cold ❄️","2026-03-22 10:05:12.532251"
9000,"Kapan",13.8,9.1,"Mild 🌤","2026-03-22 10:05:12.876304"
9001,"Goris",10.8,8.4,"Mild 🌤","2026-03-22 10:05:13.218705"
9002,"Sevan",6.9,9.4,"Cold ❄️","2026-03-22 10:05:13.555524"
9003,"Ijevan",10.7,9.2,"Mild 🌤","2026-03-22 10:05:13.894858"
9004,"Armavir",13.0,7.8,"Mild 🌤","2026-03-22 10:05:14.241629"
9005,"Artashat",15.3,21.7,"Mild 🌤","2026-03-22 10:05:14.564897"
9006,"Sisian",10.4,3.4,"Mild 🌤","2026-03-22 10:05:14.894022"
9007,"Yerevan",13.1,12.4,"Mild 🌤","2026-03-22 10:05:15.234473"
9008,"Gyumri",8.5,12.5,"Cold ❄️","2026-03-22 10:05:15.574937"
9009,"Vanadzor",10.0,7.4,"Cold ❄️","2026-03-22 10:05:15.901567"
9010,"Dilijan",11.2,9.2,"Mild 🌤","2026-03-22 10:05:16.240314"
9011,"Hrazdan",6.9,15.3,"Cold ❄️","2026-03-22 10:05:16.561886"
9012,"Abovyan",8.3,6.9,"Cold ❄️","2026-03-22 10:05:16.896304"
9013,"Kapan",13.8,9.1,"Mild 🌤","2026-03-22 10:05:17.227548"
9014,"Goris",10.8,8.4,"Mild 🌤","2026-03-22 10:05:17.552158"
9015,"Sevan",6.9,9.4,"Cold ❄️","2026-03-22 10:05:17.891314"
9016,"Ijevan",10.7,9.2,"Mild 🌤","2026-03-22 10:05:18.219674"
9017,"Armavir",13.0,7.8,"Mild 🌤","2026-03-22 10:05:18.55492"
9018,"Artashat",15.3,21.7,"Mild 🌤","2026-03-22 10:05:18.872353"
9019,"Sisian",10.4,3.4,"Mild 🌤","2026-03-22 10:05:19.202507"
9020,"Yerevan",13.1,12.4,"Mild 🌤","2026-03-22 10:05:20.832888"
9021,"Gyumri",8.5,12.5,"Cold ❄️","2026-03-22 10:05:21.188618"
9022,"Vanadzor",10.0,7.4,"Cold ❄️","2026-03-22 10:05:21.548862"
9023,"Dilijan",11.2,9.2,"Mild 🌤","2026-03-22 10:05:21.88928"
9024,"Hrazdan",6.9,15.3,"Cold ❄️","2026-03-22 10:05:22.367448"
9025,"Abovyan",8.3,6.9,"Cold ❄️","2026-03-22 10:05:22.776424"
9026,"Kapan",13.8,9.1,"Mild 🌤","2026-03-22 10:05:23.185781"
9027,"Goris",10.8,8.4,"Mild 🌤","2026-03-22 10:05:23.799956"
9028,"Sevan",6.9,9.4,"Cold ❄️","2026-03-22 10:05:24.143604"
9029,"Ijevan",10.7,9.2,"Mild 🌤","2026-03-22 10:05:24.488838"
9030,"Armavir",13.0,7.8,"Mild 🌤","2026-03-22 10:05:24.860109"
9031,"Artashat",15.3,21.7,"Mild 🌤","2026-03-22 10:05:25.194656"
9032,"Sisian",10.4,3.4,"Mild 🌤","2026-03-22 10:05:25.567989"
9033,"Yerevan",13.1,12.4,"Mild 🌤","2026-03-22 10:05:25.891536"
9034,"Gyumri",8.5,12.5,"Cold ❄️","2026-03-22 10:05:26.23538"
9035,"Vanadzor",10.0,7.4,"Cold ❄️","2026-03-22 10:05:26.583245"
9036,"Dilijan",11.2,9.2,"Mild 🌤","2026-03-22 10:05:26.914722"
9037,"Hrazdan",6.9,15.3,"Cold ❄️","2026-03-22 10:05:27.256508"
9038,"Abovyan",8.3,6.9,"Cold ❄️","2026-03-22 10:05:27.597312"
9039,"Kapan",13.8,9.1,"Mild 🌤","2026-03-22 10:05:27.937967"
9040,"Goris",10.8,8.4,"Mild 🌤","2026-03-22 10:05:28.256639"
9041,"Sevan",6.9,9.4,"Cold ❄️","2026-03-22 10:05:28.601554"
9042,"Ijevan",10.7,9.2,"Mild 🌤","2026-03-22 10:05:28.931238"
9043,"Armavir",13.0,7.8,"Mild 🌤","2026-03-22 10:05:29.263117"
9044,"Artashat",15.3,21.7,"Mild 🌤","2026-03-22 10:05:29.602633"
9045,"Sisian",10.4,3.4,"Mild 🌤","2026-03-22 10:05:29.956788"
9046,"Yerevan",13.1,12.4,"Mild 🌤","2026-03-22 10:05:30.838843"
9047,"Gyumri",8.5,12.5,"Cold ❄️","2026-03-22 10:05:31.176434"
9048,"Vanadzor",10.0,7.4,"Cold ❄️","2026-03-22 10:05:31.514547"
9049,"Dilijan",11.2,9.2,"Mild 🌤","2026-03-22 10:05:31.827663"
9050,"Hrazdan",6.9,15.3,"Cold ❄️","2026-03-22 10:05:32.158441"
9051,"Abovyan",8.3,6.9,"Cold ❄️","2026-03-22 10:05:32.481981"
9052,"Kapan",13.8,9.1,"Mild 🌤","2026-03-22 10:05:32.798625"
9053,"Goris",10.8,8.4,"Mild 🌤","2026-03-22 10:05:33.13597"
9054,"Sevan",6.9,9.4,"Cold ❄️","2026-03-22 10:05:33.467307"
9055,"Ijevan",10.7,9.2,"Mild 🌤","2026-03-22 10:05:33.786076"
9056,"Armavir",13.0,7.8,"Mild 🌤","2026-03-22 10:05:34.122228"
9057,"Artashat",15.3,21.7,"Mild 🌤","2026-03-22 10:05:34.448503"
9058,"Sisian",10.4,3.4,"Mild 🌤","2026-03-22 10:05:34.820784"
9059,"Yerevan",13.1,12.4,"Mild 🌤","2026-03-22 10:05:35.167831"
9060,"Gyumri",8.5,12.5,"Cold ❄️","2026-03-22 10:05:35.561336"
9061,"Vanadzor",10.0,7.4,"Cold ❄️","2026-03-22 10:05:35.903469"
9062,"Dilijan",11.2,9.2,"Mild 🌤","2026-03-22 10:05:36.244914"
9063,"Hrazdan",6.9,15.3,"Cold ❄️","2026-03-22 10:05:36.576965"
9064,"Abovyan",8.3,6.9,"Cold ❄️","2026-03-22 10:05:36.917078"
9065,"Kapan",13.8,9.1,"Mild 🌤","2026-03-22 10:05:37.241849"
9066,"Goris",10.8,8.4,"Mild 🌤","2026-03-22 10:05:37.669997"
9067,"Sevan",6.9,9.4,"Cold ❄️","2026-03-22 10:05:37.982519"
9068,"Ijevan",10.7,9.2,"Mild 🌤","2026-03-22 10:05:38.315382"
9069,"Armavir",13.0,7.8,"Mild 🌤","2026-03-22 10:05:38.654663"
9070,"Artashat",15.3,21.7,"Mild 🌤","2026-03-22 10:05:38.989783"
9071,"Sisian",10.4,3.4,"Mild 🌤","2026-03-22 10:05:39.307033"
9072,"Yerevan",13.1,12.4,"Mild 🌤","2026-03-22 10:05:40.856399"
9073,"Gyumri",8.5,12.5,"Cold ❄️","2026-03-22 10:05:41.185978"
9074,"Vanadzor",10.0,7.4,"Cold ❄️","2026-03-22 10:05:41.537875"
9075,"Dilijan",11.2,9.2,"Mild 🌤","2026-03-22 10:05:41.888074"
9076,"Hrazdan",6.9,15.3,"Cold ❄️","2026-03-22 10:05:42.335589"
9077,"Abovyan",8.3,6.9,"Cold ❄️","2026-03-22 10:05:42.744993"
9078,"Kapan",13.8,9.1,"Mild 🌤","2026-03-22 10:05:43.359827"
9079,"Goris",10.8,8.4,"Mild 🌤","2026-03-22 10:05:43.769304"
9080,"Sevan",6.9,9.4,"Cold ❄️","2026-03-22 10:05:44.245938"
9081,"Ijevan",10.7,9.2,"Mild 🌤","2026-03-22 10:05:44.613234"
9082,"Armavir",13.0,7.8,"Mild 🌤","2026-03-22 10:05:44.954022"
9083,"Artashat",15.3,21.7,"Mild 🌤","2026-03-22 10:05:45.273507"
9084,"Sisian",10.4,3.4,"Mild 🌤","2026-03-22 10:05:45.61405"
9085,"Yerevan",13.1,12.4,"Mild 🌤","2026-03-22 10:05:45.954377"
9086,"Gyumri",8.5,12.5,"Cold ❄️","2026-03-22 10:05:46.284769"
9087,"Vanadzor",10.0,7.4,"Cold ❄️","2026-03-22 10:05:46.619716"
9088,"Dilijan",11.2,9.2,"Mild 🌤","2026-03-22 10:05:46.951446"
9089,"Hrazdan",6.9,15.3,"Cold ❄️","2026-03-22 10:05:47.27881"
9090,"Abovyan",8.3,6.9,"Cold ❄️","2026-03-22 10:05:47.619977"
9091,"Kapan",13.8,9.1,"Mild 🌤","2026-03-22 10:05:47.940496"
9092,"Goris",10.8,8.4,"Mild 🌤","2026-03-22 10:05:48.25389"
9093,"Sevan",6.9,9.4,"Cold ❄️","2026-03-22 10:05:48.576758"
9094,"Ijevan",10.7,9.2,"Mild 🌤","2026-03-22 10:05:48.906629"
9095,"Armavir",13.0,7.8,"Mild 🌤","2026-03-22 10:05:49.243609"
9096,"Artashat",15.3,21.7,"Mild 🌤","2026-03-22 10:05:49.571804"
9097,"Sisian",10.4,3.4,"Mild 🌤","2026-03-22 10:05:49.910664"
9098,"Yerevan",13.1,12.4,"Mild 🌤","2026-03-22 10:05:50.851268"
9099,"Gyumri",8.5,12.5,"Cold ❄️","2026-03-22 10:05:51.183581"
9100,"Vanadzor",10.0,7.4,"Cold ❄️","2026-03-22 10:05:51.534122"
9101,"Dilijan",11.2,9.2,"Mild 🌤","2026-03-22 10:05:51.86458"
9102,"Hrazdan",6.9,15.3,"Cold ❄️","2026-03-22 10:05:52.201735"
9103,"Abovyan",8.3,6.9,"Cold ❄️","2026-03-22 10:05:52.540544"
9104,"Kapan",13.8,9.1,"Mild 🌤","2026-03-22 10:05:52.876772"
9105,"Goris",10.8,8.4,"Mild 🌤","2026-03-22 10:05:53.248776"
9106,"Sevan",6.9,9.4,"Cold ❄️","2026-03-22 10:05:53.571631"
9107,"Ijevan",10.7,9.2,"Mild 🌤","2026-03-22 10:05:53.913642"
9108,"Armavir",13.0,7.8,"Mild 🌤","2026-03-22 10:05:54.242187"
9109,"Artashat",15.3,21.7,"Mild 🌤","2026-03-22 10:05:54.579981"
9110,"Sisian",10.4,3.4,"Mild 🌤","2026-03-22 10:05:54.948796"
9111,"Yerevan",13.1,12.4,"Mild 🌤","2026-03-22 10:05:55.335616"
9112,"Gyumri",8.5,12.5,"Cold ❄️","2026-03-22 10:05:55.687557"
9113,"Vanadzor",10.0,7.4,"Cold ❄️","2026-03-22 10:05:56.02894"
9114,"Dilijan",11.2,9.2,"Mild 🌤","2026-03-22 10:05:56.357526"
9115,"Hrazdan",6.9,15.3,"Cold ❄️","2026-03-22 10:05:56.691462"
9116,"Abovyan",8.3,6.9,"Cold ❄️","2026-03-22 10:05:57.028347"
9117,"Kapan",13.8,9.1,"Mild 🌤","2026-03-22 10:05:57.367895"
9118,"Goris",10.8,8.4,"Mild 🌤","2026-03-22 10:05:57.70931"
9119,"Sevan",6.9,9.4,"Cold ❄️","2026-03-22 10:05:58.054096"
9120,"Ijevan",10.7,9.2,"Mild 🌤","2026-03-22 10:05:58.384077"
9121,"Armavir",13.0,7.8,"Mild 🌤","2026-03-22 10:05:58.715556"
9122,"Artashat",15.3,21.7,"Mild 🌤","2026-03-22 10:05:59.039805"
9123,"Sisian",10.4,3.4,"Mild 🌤","2026-03-22 10:05:59.364821"
9124,"Yerevan",13.1,12.4,"Mild 🌤","2026-03-22 10:06:00.914702"
9125,"Gyumri",8.5,12.5,"Cold ❄️","2026-03-22 10:06:01.261442"
9126,"Vanadzor",10.0,7.4,"Cold ❄️","2026-03-22 10:06:01.610557"
9127,"Dilijan",11.2,9.2,"Mild 🌤","2026-03-22 10:06:01.995878"
9128,"Hrazdan",6.9,15.3,"Cold ❄️","2026-03-22 10:06:02.405972"
9129,"Abovyan",8.3,6.9,"Cold ❄️","2026-03-22 10:06:02.917079"
9130,"Kapan",13.8,9.1,"Mild 🌤","2026-03-22 10:06:03.531963"
9131,"Goris",10.8,8.4,"Mild 🌤","2026-03-22 10:06:04.044303"
9132,"Sevan",6.9,9.4,"Cold ❄️","2026-03-22 10:06:04.657958"
9133,"Ijevan",10.7,9.2,"Mild 🌤","2026-03-22 10:06:05.068301"
9134,"Armavir",13.0,7.8,"Mild 🌤","2026-03-22 10:06:05.89225"
9135,"Artashat",15.3,21.7,"Mild 🌤","2026-03-22 10:06:06.45066"
9136,"Sisian",10.4,3.4,"Mild 🌤","2026-03-22 10:06:06.773432"
9137,"Yerevan",13.1,12.4,"Mild 🌤","2026-03-22 10:06:07.107468"
9138,"Gyumri",8.5,12.5,"Cold ❄️","2026-03-22 10:06:07.441913"
9139,"Vanadzor",10.0,7.4,"Cold ❄️","2026-03-22 10:06:07.761092"
9140,"Dilijan",11.2,9.2,"Mild 🌤","2026-03-22 10:06:08.080756"
9141,"Hrazdan",6.9,15.3,"Cold ❄️","2026-03-22 10:06:08.416957"
9142,"Abovyan",8.3,6.9,"Cold ❄️","2026-03-22 10:06:08.747573"
9143,"Kapan",13.8,9.1,"Mild 🌤","2026-03-22 10:06:09.069709"
9144,"Goris",10.8,8.4,"Mild 🌤","2026-03-22 10:06:09.397845"
9145,"Sevan",6.9,9.4,"Cold ❄️","2026-03-22 10:06:09.739101"
9146,"Ijevan",10.7,9.2,"Mild 🌤","2026-03-22 10:06:10.077637"
9147,"Armavir",13.0,7.8,"Mild 🌤","2026-03-22 10:06:10.429495"
9148,"Artashat",15.3,21.7,"Mild 🌤","2026-03-22 10:06:10.762873"
9149,"Sisian",10.4,3.4,"Mild 🌤","2026-03-22 10:06:11.113007"
9150,"Yerevan",13.1,12.4,"Mild 🌤","2026-03-22 10:06:11.468249"
9151,"Gyumri",8.5,12.5,"Cold ❄️","2026-03-22 10:06:11.810858"
9152,"Vanadzor",10.0,7.4,"Cold ❄️","2026-03-22 10:06:12.139716"
9153,"Dilijan",11.2,9.2,"Mild 🌤","2026-03-22 10:06:12.478347"
9154,"Hrazdan",6.9,15.3,"Cold ❄️","2026-03-22 10:06:12.823246"
9155,"Abovyan",8.3,6.9,"Cold ❄️","2026-03-22 10:06:13.164991"
9156,"Kapan",13.8,9.1,"Mild 🌤","2026-03-22 10:06:13.500473"
9157,"Goris",10.8,8.4,"Mild 🌤","2026-03-22 10:06:13.829437"
9158,"Sevan",6.9,9.4,"Cold ❄️","2026-03-22 10:06:14.158661"
9159,"Ijevan",10.7,9.2,"Mild 🌤","2026-03-22 10:06:14.490966"
9160,"Armavir",13.0,7.8,"Mild 🌤","2026-03-22 10:06:14.828521"
9161,"Sisian",10.4,3.4,"Mild 🌤","2026-03-22 10:06:20.530352"
9162,"Yerevan",13.1,12.4,"Mild 🌤","2026-03-22 10:06:21.143575"
9163,"Gyumri",8.5,12.5,"Cold ❄️","2026-03-22 10:06:21.656481"
9164,"Vanadzor",10.0,7.4,"Cold ❄️","2026-03-22 10:06:22.064891"
9165,"Dilijan",11.2,9.2,"Mild 🌤","2026-03-22 10:06:22.680711"
9166,"Hrazdan",6.9,15.3,"Cold ❄️","2026-03-22 10:06:23.396423"
9167,"Abovyan",8.3,6.9,"Cold ❄️","2026-03-22 10:06:24.831127"
9168,"Kapan",13.8,9.1,"Mild 🌤","2026-03-22 10:06:25.240613"
9169,"Goris",10.8,8.4,"Mild 🌤","2026-03-22 10:06:25.854537"
9170,"Sevan",6.9,9.4,"Cold ❄️","2026-03-22 10:06:26.264562"
9171,"Ijevan",10.7,9.2,"Mild 🌤","2026-03-22 10:06:26.674568"
9172,"Armavir",13.0,7.8,"Mild 🌤","2026-03-22 10:06:27.08377"
9173,"Artashat",15.3,21.7,"Mild 🌤","2026-03-22 10:06:27.494083"
9174,"Sisian",10.4,3.4,"Mild 🌤","2026-03-22 10:06:27.90273"
9175,"Yerevan",13.1,12.4,"Mild 🌤","2026-03-22 10:06:28.257871"
9176,"Gyumri",8.5,12.5,"Cold ❄️","2026-03-22 10:06:28.592692"
9177,"Vanadzor",10.0,7.4,"Cold ❄️","2026-03-22 10:06:28.915527"
9178,"Dilijan",11.2,9.2,"Mild 🌤","2026-03-22 10:06:29.248717"
9179,"Hrazdan",6.9,15.3,"Cold ❄️","2026-03-22 10:06:29.57096"
9180,"Abovyan",8.3,6.9,"Cold ❄️","2026-03-22 10:06:29.918267"
9181,"Kapan",13.8,9.1,"Mild 🌤","2026-03-22 10:06:30.258332"
9182,"Goris",10.8,8.4,"Mild 🌤","2026-03-22 10:06:30.600118"
9183,"Sevan",6.9,9.4,"Cold ❄️","2026-03-22 10:06:30.925396"
9184,"Ijevan",10.7,9.2,"Mild 🌤","2026-03-22 10:06:31.249387"
9185,"Armavir",13.0,7.8,"Mild 🌤","2026-03-22 10:06:31.585247"
9186,"Artashat",15.3,21.7,"Mild 🌤","2026-03-22 10:06:31.92604"
9187,"Sisian",10.4,3.4,"Mild 🌤","2026-03-22 10:06:32.268085"
9188,"Yerevan",13.1,12.4,"Mild 🌤","2026-03-22 10:06:32.602336"
9189,"Gyumri",8.5,12.5,"Cold ❄️","2026-03-22 10:06:32.937395"
9190,"Vanadzor",10.0,7.4,"Cold ❄️","2026-03-22 10:06:33.272797"
9191,"Dilijan",11.2,9.2,"Mild 🌤","2026-03-22 10:06:33.62247"
9192,"Hrazdan",6.9,15.3,"Cold ❄️","2026-03-22 10:06:33.961949"
9193,"Abovyan",8.3,6.9,"Cold ❄️","2026-03-22 10:06:34.319694"
9194,"Kapan",13.8,9.1,"Mild 🌤","2026-03-22 10:06:34.66293"
9195,"Goris",10.8,8.4,"Mild 🌤","2026-03-22 10:06:35.007634"
9196,"Sevan",6.9,9.4,"Cold ❄️","2026-03-22 10:06:35.321309"
9197,"Ijevan",10.7,9.2,"Mild 🌤","2026-03-22 10:06:35.644162"
9198,"Armavir",13.0,7.8,"Mild 🌤","2026-03-22 10:06:35.958916"
9199,"Artashat",15.3,21.7,"Mild 🌤","2026-03-22 10:06:36.298233"
9200,"Sisian",10.4,3.4,"Mild 🌤","2026-03-22 10:06:36.624544"
9201,"Yerevan",13.1,12.4,"Mild 🌤","2026-03-22 10:06:36.981908"
9202,"Gyumri",8.5,12.5,"Cold ❄️","2026-03-22 10:06:37.355253"
9203,"Vanadzor",10.0,7.4,"Cold ❄️","2026-03-22 10:06:37.698212"
9204,"Dilijan",11.2,9.2,"Mild 🌤","2026-03-22 10:06:38.035644"
9205,"Hrazdan",6.9,15.3,"Cold ❄️","2026-03-22 10:06:38.368172"
9206,"Abovyan",8.3,6.9,"Cold ❄️","2026-03-22 10:06:38.744203"
9207,"Kapan",13.8,9.1,"Mild 🌤","2026-03-22 10:06:39.083418"
9208,"Goris",10.8,8.4,"Mild 🌤","2026-03-22 10:06:39.41053"
9209,"Sevan",6.9,9.4,"Cold ❄️","2026-03-22 10:06:39.740371"
9210,"Ijevan",10.7,9.2,"Mild 🌤","2026-03-22 10:06:40.066388"
9211,"Armavir",13.0,7.8,"Mild 🌤","2026-03-22 10:06:40.393888"
9212,"Artashat",15.3,21.7,"Mild 🌤","2026-03-22 10:06:40.744768"
9213,"Sisian",10.4,3.4,"Mild 🌤","2026-03-22 10:06:41.063842"
9214,"Yerevan",13.1,12.4,"Mild 🌤","2026-03-22 10:06:41.400257"
9215,"Gyumri",8.5,12.5,"Cold ❄️","2026-03-22 10:06:41.734959"
9216,"Vanadzor",10.0,7.4,"Cold ❄️","2026-03-22 10:06:42.063603"
9217,"Dilijan",11.2,9.2,"Mild 🌤","2026-03-22 10:06:42.381446"
9218,"Hrazdan",6.9,15.3,"Cold ❄️","2026-03-22 10:06:42.722656"
9219,"Abovyan",8.3,6.9,"Cold ❄️","2026-03-22 10:06:43.056324"
9220,"Kapan",13.8,9.1,"Mild 🌤","2026-03-22 10:06:43.396698"
9221,"Goris",10.8,8.4,"Mild 🌤","2026-03-22 10:06:43.717349"
9222,"Sevan",6.9,9.4,"Cold ❄️","2026-03-22 10:06:44.055785"
9223,"Ijevan",10.7,9.2,"Mild 🌤","2026-03-22 10:06:44.404738"
9224,"Armavir",13.0,7.8,"Mild 🌤","2026-03-22 10:06:44.746195"
9225,"Artashat",15.3,21.7,"Mild 🌤","2026-03-22 10:06:45.065303"
9226,"Sisian",10.4,3.4,"Mild 🌤","2026-03-22 10:06:45.390239"
9227,"Yerevan",13.1,12.4,"Mild 🌤","2026-03-22 10:06:45.721181"
9228,"Gyumri",8.5,12.5,"Cold ❄️","2026-03-22 10:06:46.040394"
9229,"Vanadzor",10.0,7.4,"Cold ❄️","2026-03-22 10:06:46.367884"
9230,"Dilijan",11.2,9.2,"Mild 🌤","2026-03-22 10:06:46.708734"
9231,"Hrazdan",6.9,15.3,"Cold ❄️","2026-03-22 10:06:47.047768"
9232,"Abovyan",8.3,6.9,"Cold ❄️","2026-03-22 10:06:47.39665"
9233,"Kapan",13.8,9.1,"Mild 🌤","2026-03-22 10:06:47.737316"
9234,"Goris",10.8,8.4,"Mild 🌤","2026-03-22 10:06:48.073808"
9235,"Sevan",6.9,9.4,"Cold ❄️","2026-03-22 10:06:48.398444"
9236,"Ijevan",10.7,9.2,"Mild 🌤","2026-03-22 10:06:48.743604"
9237,"Armavir",13.0,7.8,"Mild 🌤","2026-03-22 10:06:49.073881"
9238,"Artashat",15.3,21.7,"Mild 🌤","2026-03-22 10:06:49.407483"
9239,"Sisian",10.4,3.4,"Mild 🌤","2026-03-22 10:06:49.750012"
9240,"Yerevan",13.1,12.4,"Mild 🌤","2026-03-22 10:06:50.100376"
9241,"Gyumri",8.5,12.5,"Cold ❄️","2026-03-22 10:06:50.439007"
9242,"Vanadzor",10.0,7.4,"Cold ❄️","2026-03-22 10:06:50.759625"
9243,"Dilijan",11.2,9.2,"Mild 🌤","2026-03-22 10:06:51.080708"
9244,"Hrazdan",6.9,15.3,"Cold ❄️","2026-03-22 10:06:51.414805"
9245,"Abovyan",8.3,6.9,"Cold ❄️","2026-03-22 10:06:51.754648"
9246,"Kapan",13.8,9.1,"Mild 🌤","2026-03-22 10:06:52.260456"
9247,"Goris",10.8,8.4,"Mild 🌤","2026-03-22 10:06:52.596544"
9248,"Sevan",6.9,9.4,"Cold ❄️","2026-03-22 10:06:52.938518"
9249,"Ijevan",10.7,9.2,"Mild 🌤","2026-03-22 10:06:53.275145"
9250,"Armavir",13.0,7.8,"Mild 🌤","2026-03-22 10:06:53.599841"
9251,"Artashat",15.3,21.7,"Mild 🌤","2026-03-22 10:06:53.94069"
9252,"Sisian",10.4,3.4,"Mild 🌤","2026-03-22 10:06:54.284755"
9253,"Yerevan",13.1,12.4,"Mild 🌤","2026-03-22 10:06:54.620091"
9254,"Gyumri",8.5,12.5,"Cold ❄️","2026-03-22 10:06:54.962792"
9255,"Vanadzor",10.0,7.4,"Cold ❄️","2026-03-22 10:06:55.309733"
9256,"Dilijan",11.2,9.2,"Mild 🌤","2026-03-22 10:06:55.636613"
9257,"Hrazdan",6.9,15.3,"Cold ❄️","2026-03-22 10:06:55.958948"
9258,"Abovyan",8.3,6.9,"Cold ❄️","2026-03-22 10:06:56.298041"
9259,"Kapan",13.8,9.1,"Mild 🌤","2026-03-22 10:06:56.616596"
9260,"Goris",10.8,8.4,"Mild 🌤","2026-03-22 10:06:56.94602"
9261,"Sevan",6.9,9.4,"Cold ❄️","2026-03-22 10:06:57.286573"
9262,"Ijevan",10.7,9.2,"Mild 🌤","2026-03-22 10:06:57.616382"
9263,"Armavir",13.0,7.8,"Mild 🌤","2026-03-22 10:06:57.962817"
9264,"Artashat",15.3,21.7,"Mild 🌤","2026-03-22 10:06:58.29769"
9265,"Sisian",10.4,3.4,"Mild 🌤","2026-03-22 10:06:58.6373"
9266,"Yerevan",13.1,12.4,"Mild 🌤","2026-03-22 10:06:59.025008"
9267,"Gyumri",8.5,12.5,"Cold ❄️","2026-03-22 10:06:59.393172"
9268,"Vanadzor",10.0,7.4,"Cold ❄️","2026-03-22 10:06:59.726076"
9269,"Dilijan",11.2,9.2,"Mild 🌤","2026-03-22 10:07:00.048158"
9270,"Hrazdan",6.9,15.3,"Cold ❄️","2026-03-22 10:07:00.396837"
9271,"Abovyan",8.3,6.9,"Cold ❄️","2026-03-22 10:07:00.756832"
9272,"Kapan",13.8,9.1,"Mild 🌤","2026-03-22 10:07:01.097914"
9273,"Goris",10.8,8.4,"Mild 🌤","2026-03-22 10:07:01.415101"
9274,"Sevan",6.9,9.4,"Cold ❄️","2026-03-22 10:07:01.756431"
9275,"Ijevan",10.7,9.2,"Mild 🌤","2026-03-22 10:07:02.102925"
9276,"Armavir",13.0,7.8,"Mild 🌤","2026-03-22 10:07:02.413526"
9277,"Artashat",15.3,21.7,"Mild 🌤","2026-03-22 10:07:02.735472"
9278,"Sisian",10.4,3.4,"Mild 🌤","2026-03-22 10:07:03.063091"
9279,"Yerevan",13.1,12.4,"Mild 🌤","2026-03-22 10:07:03.421459"
9280,"Gyumri",8.5,12.5,"Cold ❄️","2026-03-22 10:07:03.747616"
9281,"Vanadzor",10.0,7.4,"Cold ❄️","2026-03-22 10:07:04.084059"
9282,"Dilijan",11.2,9.2,"Mild 🌤","2026-03-22 10:07:04.443919"
9283,"Hrazdan",6.9,15.3,"Cold ❄️","2026-03-22 10:07:04.779789"
9284,"Abovyan",8.3,6.9,"Cold ❄️","2026-03-22 10:07:05.109309"
9285,"Kapan",13.8,9.1,"Mild 🌤","2026-03-22 10:07:05.448817"
9286,"Goris",10.8,8.4,"Mild 🌤","2026-03-22 10:07:05.771307"
9287,"Sevan",6.9,9.4,"Cold ❄️","2026-03-22 10:07:06.094419"
9288,"Ijevan",10.7,9.2,"Mild 🌤","2026-03-22 10:07:06.431983"
9289,"Armavir",13.0,7.8,"Mild 🌤","2026-03-22 10:07:06.770004"
9290,"Artashat",15.3,21.7,"Mild 🌤","2026-03-22 10:07:07.103247"
9291,"Sisian",10.4,3.4,"Mild 🌤","2026-03-22 10:07:07.437568"
9292,"Yerevan",13.1,12.4,"Mild 🌤","2026-03-22 10:07:07.766894"
9293,"Gyumri",8.5,12.5,"Cold ❄️","2026-03-22 10:07:08.111312"
9294,"Vanadzor",10.0,7.4,"Cold ❄️","2026-03-22 10:07:08.431156"
9295,"Dilijan",11.2,9.2,"Mild 🌤","2026-03-22 10:07:08.759293"
9296,"Hrazdan",6.9,15.3,"Cold ❄️","2026-03-22 10:07:09.098826"
9297,"Abovyan",8.3,6.9,"Cold ❄️","2026-03-22 10:07:09.424972"
9298,"Kapan",13.8,9.1,"Mild 🌤","2026-03-22 10:07:09.765617"
9299,"Goris",10.8,8.4,"Mild 🌤","2026-03-22 10:07:10.098877"
9300,"Sevan",6.9,9.4,"Cold ❄️","2026-03-22 10:07:10.445713"
9301,"Ijevan",10.7,9.2,"Mild 🌤","2026-03-22 10:07:10.775278"
9302,"Armavir",13.0,7.8,"Mild 🌤","2026-03-22 10:07:11.086273"
9303,"Artashat",15.3,21.7,"Mild 🌤","2026-03-22 10:07:11.403745"
9304,"Sisian",10.4,3.4,"Mild 🌤","2026-03-22 10:07:11.728701"
9305,"Yerevan",13.1,12.4,"Mild 🌤","2026-03-22 10:07:12.083092"
9306,"Gyumri",8.5,12.5,"Cold ❄️","2026-03-22 10:07:12.407158"
9307,"Vanadzor",10.0,7.4,"Cold ❄️","2026-03-22 10:07:12.74645"
9308,"Dilijan",11.2,9.2,"Mild 🌤","2026-03-22 10:07:13.093261"
9309,"Hrazdan",6.9,15.3,"Cold ❄️","2026-03-22 10:07:13.419826"
9310,"Abovyan",8.3,6.9,"Cold ❄️","2026-03-22 10:07:13.760949"
9311,"Kapan",13.8,9.1,"Mild 🌤","2026-03-22 10:07:14.09433"
9312,"Goris",10.8,8.4,"Mild 🌤","2026-03-22 10:07:14.437095"
9313,"Sevan",6.9,9.4,"Cold ❄️","2026-03-22 10:07:14.79796"
9314,"Ijevan",10.7,9.2,"Mild 🌤","2026-03-22 10:07:15.117094"
9315,"Armavir",13.0,7.8,"Mild 🌤","2026-03-22 10:07:15.466411"
9316,"Artashat",15.3,21.7,"Mild 🌤","2026-03-22 10:07:15.80421"
9317,"Sisian",10.4,3.4,"Mild 🌤","2026-03-22 10:07:16.134988"
9318,"Yerevan",13.1,12.4,"Mild 🌤","2026-03-22 10:07:16.490816"
9319,"Gyumri",8.5,12.5,"Cold ❄️","2026-03-22 10:07:16.816091"
9320,"Vanadzor",10.0,7.4,"Cold ❄️","2026-03-22 10:07:17.145862"
9321,"Dilijan",11.2,9.2,"Mild 🌤","2026-03-22 10:07:17.530453"
9322,"Hrazdan",6.9,15.3,"Cold ❄️","2026-03-22 10:07:17.866869"
9323,"Abovyan",8.3,6.9,"Cold ❄️","2026-03-22 10:07:18.209581"
9324,"Kapan",13.8,9.1,"Mild 🌤","2026-03-22 10:07:18.536286"
9325,"Goris",10.8,8.4,"Mild 🌤","2026-03-22 10:07:18.878533"
9326,"Sevan",6.9,9.4,"Cold ❄️","2026-03-22 10:07:19.321003"
9327,"Ijevan",10.7,9.2,"Mild 🌤","2026-03-22 10:07:19.821625"
9328,"Armavir",13.0,7.8,"Mild 🌤","2026-03-22 10:07:20.154839"
9329,"Artashat",15.3,21.7,"Mild 🌤","2026-03-22 10:07:20.484352"
9330,"Sisian",10.4,3.4,"Mild 🌤","2026-03-22 10:07:20.826366"
9331,"Yerevan",13.1,12.4,"Mild 🌤","2026-03-22 10:07:21.155615"
9332,"Gyumri",8.5,12.5,"Cold ❄️","2026-03-22 10:07:21.473746"
9333,"Vanadzor",10.0,7.4,"Cold ❄️","2026-03-22 10:07:21.810436"
9334,"Dilijan",11.2,9.2,"Mild 🌤","2026-03-22 10:07:22.143045"
9335,"Hrazdan",6.9,15.3,"Cold ❄️","2026-03-22 10:07:22.47087"
9336,"Abovyan",8.3,6.9,"Cold ❄️","2026-03-22 10:07:22.808852"
9337,"Kapan",13.8,9.1,"Mild 🌤","2026-03-22 10:07:23.148599"
9338,"Goris",10.8,8.4,"Mild 🌤","2026-03-22 10:07:23.467946"
9339,"Sevan",6.9,9.4,"Cold ❄️","2026-03-22 10:07:23.809457"
9340,"Ijevan",10.7,9.2,"Mild 🌤","2026-03-22 10:07:24.140859"
9341,"Armavir",13.0,7.8,"Mild 🌤","2026-03-22 10:07:24.487462"
9342,"Artashat",15.3,21.7,"Mild 🌤","2026-03-22 10:07:24.838899"
9343,"Sisian",10.4,3.4,"Mild 🌤","2026-03-22 10:07:25.180823"
9344,"Yerevan",13.1,12.4,"Mild 🌤","2026-03-22 10:07:25.513683"
9345,"Gyumri",8.5,12.5,"Cold ❄️","2026-03-22 10:07:25.838992"
9346,"Vanadzor",10.0,7.4,"Cold ❄️","2026-03-22 10:07:26.167528"
9347,"Dilijan",11.2,9.2,"Mild 🌤","2026-03-22 10:07:26.49019"
9348,"Hrazdan",6.9,15.3,"Cold ❄️","2026-03-22 10:07:26.82346"
9349,"Abovyan",8.3,6.9,"Cold ❄️","2026-03-22 10:07:27.140426"
9350,"Kapan",13.8,9.1,"Mild 🌤","2026-03-22 10:07:27.471"
9351,"Goris",10.8,8.4,"Mild 🌤","2026-03-22 10:07:27.81348"
9352,"Sevan",6.9,9.4,"Cold ❄️","2026-03-22 10:07:28.131428"
9353,"Ijevan",10.7,9.2,"Mild 🌤","2026-03-22 10:07:28.460094"
9354,"Armavir",13.0,7.8,"Mild 🌤","2026-03-22 10:07:28.788756"
9355,"Artashat",15.3,21.7,"Mild 🌤","2026-03-22 10:07:29.109461"
9356,"Sisian",10.4,3.4,"Mild 🌤","2026-03-22 10:07:29.423042"
9357,"Yerevan",13.1,12.4,"Mild 🌤","2026-03-22 10:07:31.123971"
9358,"Gyumri",8.5,12.5,"Cold ❄️","2026-03-22 10:07:31.450455"
9359,"Vanadzor",10.0,7.4,"Cold ❄️","2026-03-22 10:07:31.793955"
9360,"Dilijan",11.2,9.2,"Mild 🌤","2026-03-22 10:07:32.209862"
9361,"Hrazdan",6.9,15.3,"Cold ❄️","2026-03-22 10:07:32.617976"
9362,"Abovyan",8.3,6.9,"Cold ❄️","2026-03-22 10:07:33.029415"
9363,"Kapan",13.8,9.1,"Mild 🌤","2026-03-22 10:07:33.439823"
9364,"Goris",10.8,8.4,"Mild 🌤","2026-03-22 10:07:33.849327"
9365,"Sevan",6.9,9.4,"Cold ❄️","2026-03-22 10:07:34.577868"
9366,"Ijevan",10.7,9.2,"Mild 🌤","2026-03-22 10:07:34.903803"
9367,"Armavir",13.0,7.8,"Mild 🌤","2026-03-22 10:07:35.245927"
9368,"Artashat",15.3,21.7,"Mild 🌤","2026-03-22 10:07:35.599279"
9369,"Sisian",10.4,3.4,"Mild 🌤","2026-03-22 10:07:35.953202"
9370,"Yerevan",13.1,12.4,"Mild 🌤","2026-03-22 10:07:36.281944"
9371,"Gyumri",8.5,12.5,"Cold ❄️","2026-03-22 10:07:36.634736"
9372,"Vanadzor",10.0,7.4,"Cold ❄️","2026-03-22 10:07:36.975616"
9373,"Dilijan",11.2,9.2,"Mild 🌤","2026-03-22 10:07:37.310892"
9374,"Hrazdan",6.9,15.3,"Cold ❄️","2026-03-22 10:07:37.631926"
9375,"Abovyan",8.3,6.9,"Cold ❄️","2026-03-22 10:07:37.962067"
9376,"Kapan",13.8,9.1,"Mild 🌤","2026-03-22 10:07:38.28718"
9377,"Goris",10.8,8.4,"Mild 🌤","2026-03-22 10:07:38.624472"
9378,"Sevan",6.9,9.4,"Cold ❄️","2026-03-22 10:07:38.939346"
9379,"Ijevan",10.7,9.2,"Mild 🌤","2026-03-22 10:07:39.265778"
9380,"Armavir",13.0,7.8,"Mild 🌤","2026-03-22 10:07:39.592199"
9381,"Artashat",15.3,21.7,"Mild 🌤","2026-03-22 10:07:39.938208"
9382,"Sisian",10.4,3.4,"Mild 🌤","2026-03-22 10:07:40.274741"
9383,"Yerevan",13.1,12.4,"Mild 🌤","2026-03-22 10:07:41.134088"
9384,"Gyumri",8.5,12.5,"Cold ❄️","2026-03-22 10:07:41.483992"
9385,"Vanadzor",10.0,7.4,"Cold ❄️","2026-03-22 10:07:41.817472"
9386,"Dilijan",11.2,9.2,"Mild 🌤","2026-03-22 10:07:42.153111"
9387,"Hrazdan",6.9,15.3,"Cold ❄️","2026-03-22 10:07:42.493812"
9388,"Abovyan",8.3,6.9,"Cold ❄️","2026-03-22 10:07:42.816823"
9389,"Kapan",13.8,9.1,"Mild 🌤","2026-03-22 10:07:43.155536"
9390,"Goris",10.8,8.4,"Mild 🌤","2026-03-22 10:07:43.490164"
9391,"Sevan",6.9,9.4,"Cold ❄️","2026-03-22 10:07:43.833296"
9392,"Ijevan",10.7,9.2,"Mild 🌤","2026-03-22 10:07:44.164115"
9393,"Armavir",13.0,7.8,"Mild 🌤","2026-03-22 10:07:44.496397"
9394,"Artashat",15.3,21.7,"Mild 🌤","2026-03-22 10:07:44.835523"
9395,"Sisian",10.4,3.4,"Mild 🌤","2026-03-22 10:07:45.176106"
9396,"Yerevan",13.1,12.4,"Mild 🌤","2026-03-22 10:07:45.51873"
9397,"Gyumri",8.5,12.5,"Cold ❄️","2026-03-22 10:07:45.863724"
9398,"Vanadzor",10.0,7.4,"Cold ❄️","2026-03-22 10:07:46.197336"
9399,"Dilijan",11.2,9.2,"Mild 🌤","2026-03-22 10:07:46.537657"
9400,"Hrazdan",6.9,15.3,"Cold ❄️","2026-03-22 10:07:46.87578"
9401,"Abovyan",8.3,6.9,"Cold ❄️","2026-03-22 10:07:47.207672"
9402,"Kapan",13.8,9.1,"Mild 🌤","2026-03-22 10:07:47.527607"
9403,"Goris",10.8,8.4,"Mild 🌤","2026-03-22 10:07:47.871626"
9404,"Sevan",6.9,9.4,"Cold ❄️","2026-03-22 10:07:48.216772"
9405,"Ijevan",10.7,9.2,"Mild 🌤","2026-03-22 10:07:48.563339"
9406,"Armavir",13.0,7.8,"Mild 🌤","2026-03-22 10:07:48.902896"
9407,"Artashat",15.3,21.7,"Mild 🌤","2026-03-22 10:07:49.229409"
9408,"Sisian",10.4,3.4,"Mild 🌤","2026-03-22 10:07:49.570001"
9409,"Yerevan",13.1,12.4,"Mild 🌤","2026-03-22 10:07:51.119456"
9410,"Gyumri",8.5,12.5,"Cold ❄️","2026-03-22 10:07:51.44697"
9411,"Vanadzor",10.0,7.4,"Cold ❄️","2026-03-22 10:07:51.774041"
9412,"Dilijan",11.2,9.2,"Mild 🌤","2026-03-22 10:07:52.492384"
9413,"Hrazdan",6.9,15.3,"Cold ❄️","2026-03-22 10:07:53.099376"
9414,"Abovyan",8.3,6.9,"Cold ❄️","2026-03-22 10:07:53.611492"
9415,"Kapan",13.8,9.1,"Mild 🌤","2026-03-22 10:07:54.020825"
9416,"Goris",10.8,8.4,"Mild 🌤","2026-03-22 10:07:54.430586"
9417,"Sevan",6.9,9.4,"Cold ❄️","2026-03-22 10:07:54.840533"
9418,"Ijevan",10.7,9.2,"Mild 🌤","2026-03-22 10:07:55.250044"
9419,"Armavir",13.0,7.8,"Mild 🌤","2026-03-22 10:07:55.660516"
9420,"Artashat",15.3,21.7,"Mild 🌤","2026-03-22 10:07:56.030599"
9421,"Sisian",10.4,3.4,"Mild 🌤","2026-03-22 10:07:56.37301"
9422,"Yerevan",13.1,12.4,"Mild 🌤","2026-03-22 10:07:56.716746"
9423,"Gyumri",8.5,12.5,"Cold ❄️","2026-03-22 10:07:57.06516"
9424,"Vanadzor",10.0,7.4,"Cold ❄️","2026-03-22 10:07:57.461168"
9425,"Dilijan",11.2,9.2,"Mild 🌤","2026-03-22 10:07:57.826151"
9426,"Hrazdan",6.9,15.3,"Cold ❄️","2026-03-22 10:07:58.245461"
9427,"Abovyan",8.3,6.9,"Cold ❄️","2026-03-22 10:07:58.581193"
9428,"Kapan",13.8,9.1,"Mild 🌤","2026-03-22 10:07:58.901857"
9429,"Goris",10.8,8.4,"Mild 🌤","2026-03-22 10:07:59.241724"
9430,"Sevan",6.9,9.4,"Cold ❄️","2026-03-22 10:07:59.579417"
9431,"Ijevan",10.7,9.2,"Mild 🌤","2026-03-22 10:07:59.920654"
9432,"Armavir",13.0,7.8,"Mild 🌤","2026-03-22 10:08:00.271939"
9433,"Artashat",15.3,21.7,"Mild 🌤","2026-03-22 10:08:00.627516"
9434,"Sisian",10.4,3.4,"Mild 🌤","2026-03-22 10:08:00.961293"
9435,"Yerevan",12.9,15.7,"Mild 🌤","2026-03-22 11:57:49.209791"
9436,"Gyumri",7.3,10.6,"Cold ❄️","2026-03-22 11:57:49.825762"
9437,"Vanadzor",8.9,10.3,"Cold ❄️","2026-03-22 11:57:50.238102"
9438,"Dilijan",10.0,8.5,"Cold ❄️","2026-03-22 11:57:50.644611"
9439,"Hrazdan",5.5,5.6,"Cold ❄️","2026-03-22 11:57:51.040322"
9440,"Abovyan",7.7,7.2,"Cold ❄️","2026-03-22 11:57:51.445055"
9441,"Kapan",12.1,7.3,"Mild 🌤","2026-03-22 11:57:51.798835"
9442,"Goris",9.5,7.9,"Cold ❄️","2026-03-22 11:57:52.147988"
9443,"Sevan",6.3,8.0,"Cold ❄️","2026-03-22 11:57:52.49168"
9444,"Ijevan",9.5,8.5,"Cold ❄️","2026-03-22 11:57:52.903125"
9445,"Armavir",13.1,10.2,"Mild 🌤","2026-03-22 11:57:53.274385"
9446,"Artashat",14.4,23.1,"Mild 🌤","2026-03-22 11:57:53.63299"
9447,"Sisian",8.7,5.3,"Cold ❄️","2026-03-22 11:57:53.989063"
9448,"Yerevan",12.7,15.7,"Mild 🌤","2026-03-22 11:57:54.356225"
9449,"Gyumri",7.0,10.6,"Cold ❄️","2026-03-22 11:57:54.693913"
9450,"Vanadzor",8.5,10.3,"Cold ❄️","2026-03-22 11:57:55.055164"
9451,"Dilijan",9.6,8.5,"Cold ❄️","2026-03-22 11:57:55.397154"
9452,"Hrazdan",5.4,5.6,"Cold ❄️","2026-03-22 11:57:55.757038"
9453,"Abovyan",7.7,7.2,"Cold ❄️","2026-03-22 11:57:56.122295"
9454,"Kapan",12.1,7.3,"Mild 🌤","2026-03-22 11:57:56.771853"
9455,"Goris",9.5,7.9,"Cold ❄️","2026-03-22 11:57:57.126782"
9456,"Sevan",6.3,8.0,"Cold ❄️","2026-03-22 11:57:57.480703"
9457,"Ijevan",9.5,8.5,"Cold ❄️","2026-03-22 11:57:57.841371"
9458,"Armavir",13.1,10.2,"Mild 🌤","2026-03-22 11:57:58.188765"
9459,"Artashat",14.4,23.1,"Mild 🌤","2026-03-22 11:57:58.558628"
9460,"Sisian",8.7,5.3,"Cold ❄️","2026-03-22 11:57:58.90816"
9461,"Yerevan",12.7,15.7,"Mild 🌤","2026-03-22 11:57:59.301453"
9462,"Gyumri",7.0,10.6,"Cold ❄️","2026-03-22 11:57:59.662358"
9463,"Vanadzor",8.5,10.3,"Cold ❄️","2026-03-22 11:58:00.056752"
9464,"Dilijan",9.6,8.5,"Cold ❄️","2026-03-22 11:58:00.420724"
9465,"Hrazdan",5.4,5.6,"Cold ❄️","2026-03-22 11:58:00.804558"
9466,"Abovyan",7.7,7.2,"Cold ❄️","2026-03-22 11:58:01.147201"
9467,"Kapan",12.1,7.3,"Mild 🌤","2026-03-22 11:58:02.532164"
9468,"Goris",9.5,7.9,"Cold ❄️","2026-03-22 11:58:02.897485"
9469,"Sevan",6.3,8.0,"Cold ❄️","2026-03-22 11:58:03.25775"
9470,"Ijevan",9.5,8.5,"Cold ❄️","2026-03-22 11:58:03.61312"
9471,"Armavir",13.1,10.2,"Mild 🌤","2026-03-22 11:58:03.967714"
9472,"Artashat",14.4,23.1,"Mild 🌤","2026-03-22 11:58:04.3268"
9473,"Sisian",8.7,5.3,"Cold ❄️","2026-03-22 11:58:04.685433"
9474,"Yerevan",12.7,15.7,"Mild 🌤","2026-03-22 11:58:05.058006"
9475,"Gyumri",7.0,10.6,"Cold ❄️","2026-03-22 11:58:05.408526"
9476,"Vanadzor",8.5,10.3,"Cold ❄️","2026-03-22 11:58:05.771157"
9477,"Dilijan",9.6,8.5,"Cold ❄️","2026-03-22 11:58:07.222463"
9478,"Hrazdan",5.4,5.6,"Cold ❄️","2026-03-22 11:58:08.053946"
9479,"Abovyan",7.7,7.2,"Cold ❄️","2026-03-22 11:58:08.873094"
9480,"Kapan",12.1,7.3,"Mild 🌤","2026-03-22 11:58:09.385214"
9481,"Goris",9.5,7.9,"Cold ❄️","2026-03-22 11:58:10.307016"
9482,"Sevan",6.3,8.0,"Cold ❄️","2026-03-22 11:58:10.921016"
9483,"Ijevan",9.5,8.5,"Cold ❄️","2026-03-22 11:58:11.63768"
9484,"Armavir",13.1,10.2,"Mild 🌤","2026-03-22 11:58:12.150151"
9485,"Artashat",14.4,23.1,"Mild 🌤","2026-03-22 11:58:12.661641"
9486,"Sisian",8.7,5.3,"Cold ❄️","2026-03-22 11:58:13.277451"
9487,"Yerevan",12.7,15.7,"Mild 🌤","2026-03-22 11:58:13.888731"
9488,"Gyumri",7.0,10.6,"Cold ❄️","2026-03-22 11:58:14.403131"
9489,"Vanadzor",8.5,10.3,"Cold ❄️","2026-03-22 11:58:14.914278"
9490,"Dilijan",9.6,8.5,"Cold ❄️","2026-03-22 11:58:15.315203"
9491,"Hrazdan",5.4,5.6,"Cold ❄️","2026-03-22 11:58:15.677178"
9492,"Abovyan",7.7,7.2,"Cold ❄️","2026-03-22 11:58:16.045618"
9493,"Kapan",12.1,7.3,"Mild 🌤","2026-03-22 11:58:16.386987"
9494,"Goris",9.5,7.9,"Cold ❄️","2026-03-22 11:58:17.121041"
9495,"Sevan",6.3,8.0,"Cold ❄️","2026-03-22 11:58:17.471135"
9496,"Ijevan",9.5,8.5,"Cold ❄️","2026-03-22 11:58:18.985471"
9497,"Armavir",13.1,10.2,"Mild 🌤","2026-03-22 11:58:20.034895"
9498,"Sisian",8.7,5.6,"Cold ❄️","2026-03-22 11:58:27.029027"
9499,"Yerevan",12.7,15.4,"Mild 🌤","2026-03-22 11:58:27.410651"
9500,"Gyumri",7.0,8.5,"Cold ❄️","2026-03-22 11:58:28.568905"
9501,"Vanadzor",8.5,9.9,"Cold ❄️","2026-03-22 11:58:28.922933"
9502,"Dilijan",9.6,8.5,"Cold ❄️","2026-03-22 11:58:29.441346"
9503,"Hrazdan",5.4,5.1,"Cold ❄️","2026-03-22 11:58:30.684662"
9504,"Abovyan",7.7,7.6,"Cold ❄️","2026-03-22 11:58:31.299886"
9505,"Kapan",12.1,7.3,"Mild 🌤","2026-03-22 11:58:32.122813"
9506,"Goris",9.5,8.2,"Cold ❄️","2026-03-22 11:58:35.600498"
9507,"Sevan",6.3,8.0,"Cold ❄️","2026-03-22 11:58:36.075707"
9508,"Ijevan",9.5,8.4,"Cold ❄️","2026-03-22 11:58:36.624302"
9509,"Armavir",13.1,9.8,"Mild 🌤","2026-03-22 11:58:37.444545"
9510,"Artashat",14.4,21.8,"Mild 🌤","2026-03-22 11:58:38.057381"
9511,"Sisian",8.7,5.6,"Cold ❄️","2026-03-22 11:58:38.671857"
9512,"Yerevan",12.7,15.4,"Mild 🌤","2026-03-22 11:58:39.150507"
9513,"Gyumri",7.0,8.5,"Cold ❄️","2026-03-22 11:58:39.499418"
9514,"Vanadzor",8.5,9.9,"Cold ❄️","2026-03-22 11:58:39.862041"
9515,"Dilijan",9.6,8.5,"Cold ❄️","2026-03-22 11:58:40.224544"
9516,"Hrazdan",5.4,5.1,"Cold ❄️","2026-03-22 11:58:40.564094"
9517,"Abovyan",7.7,7.6,"Cold ❄️","2026-03-22 11:58:40.900169"
9518,"Kapan",12.1,7.3,"Mild 🌤","2026-03-22 11:58:41.26881"
9519,"Goris",9.5,8.2,"Cold ❄️","2026-03-22 11:58:41.630823"
9520,"Sevan",6.3,8.0,"Cold ❄️","2026-03-22 11:58:41.998161"
9521,"Ijevan",9.5,8.4,"Cold ❄️","2026-03-22 11:58:42.346951"
9522,"Armavir",13.1,9.8,"Mild 🌤","2026-03-22 11:58:42.712975"
9523,"Artashat",14.4,21.8,"Mild 🌤","2026-03-22 11:58:43.076843"
9524,"Sisian",8.7,5.6,"Cold ❄️","2026-03-22 11:58:43.453057"
9525,"Yerevan",12.7,15.4,"Mild 🌤","2026-03-22 11:58:43.831353"
9526,"Gyumri",7.0,8.5,"Cold ❄️","2026-03-22 11:58:44.188852"
9527,"Vanadzor",8.5,9.9,"Cold ❄️","2026-03-22 11:58:44.535684"
9528,"Dilijan",9.6,8.5,"Cold ❄️","2026-03-22 11:58:44.932838"
9529,"Hrazdan",5.4,5.1,"Cold ❄️","2026-03-22 11:58:45.287675"
9530,"Abovyan",7.7,7.6,"Cold ❄️","2026-03-22 11:58:45.633261"
9531,"Kapan",12.1,7.3,"Mild 🌤","2026-03-22 11:58:46.006284"
9532,"Goris",9.5,8.2,"Cold ❄️","2026-03-22 11:58:46.363541"
9533,"Sevan",6.3,8.0,"Cold ❄️","2026-03-22 11:58:46.739264"
9534,"Ijevan",9.5,8.4,"Cold ❄️","2026-03-22 11:58:47.082785"
9535,"Armavir",13.1,9.8,"Mild 🌤","2026-03-22 11:58:47.496264"
9536,"Artashat",14.4,21.8,"Mild 🌤","2026-03-22 11:58:47.845681"
9537,"Sisian",8.7,5.6,"Cold ❄️","2026-03-22 11:58:48.184051"
9538,"Yerevan",12.7,15.4,"Mild 🌤","2026-03-22 11:58:48.55693"
9539,"Gyumri",7.0,8.5,"Cold ❄️","2026-03-22 11:58:48.897647"
9540,"Vanadzor",8.5,9.9,"Cold ❄️","2026-03-22 11:58:49.252211"
9541,"Dilijan",9.6,8.5,"Cold ❄️","2026-03-22 11:58:49.590713"
9542,"Hrazdan",5.4,5.1,"Cold ❄️","2026-03-22 11:58:49.934448"
9543,"Abovyan",7.7,7.6,"Cold ❄️","2026-03-22 11:58:50.286707"
9544,"Kapan",12.1,7.3,"Mild 🌤","2026-03-22 11:58:50.636093"
9545,"Goris",9.5,8.2,"Cold ❄️","2026-03-22 11:58:51.011756"
9546,"Sevan",6.3,8.0,"Cold ❄️","2026-03-22 11:58:51.362835"
9547,"Ijevan",9.5,7.4,"Cold ❄️","2026-03-22 11:58:51.876573"
9548,"Armavir",13.1,9.7,"Mild 🌤","2026-03-22 11:58:52.240217"
9549,"Artashat",14.4,19.2,"Mild 🌤","2026-03-22 11:58:52.579398"
9550,"Sisian",8.7,5.6,"Cold ❄️","2026-03-22 11:58:52.951231"
9551,"Yerevan",12.7,12.6,"Mild 🌤","2026-03-22 11:58:53.331482"
9552,"Gyumri",7.0,8.4,"Cold ❄️","2026-03-22 11:58:53.720249"
9553,"Vanadzor",8.5,9.2,"Cold ❄️","2026-03-22 11:58:54.106001"
9554,"Dilijan",9.6,9.2,"Cold ❄️","2026-03-22 11:58:54.459329"
9555,"Hrazdan",5.4,3.8,"Cold ❄️","2026-03-22 11:58:54.869721"
9556,"Abovyan",7.7,4.7,"Cold ❄️","2026-03-22 11:58:55.227837"
9557,"Kapan",12.1,7.0,"Mild 🌤","2026-03-22 11:58:55.589487"
9558,"Goris",9.5,8.7,"Cold ❄️","2026-03-22 11:58:55.989598"
9559,"Sevan",6.3,6.6,"Cold ❄️","2026-03-22 11:58:56.35566"
9560,"Ijevan",9.5,7.4,"Cold ❄️","2026-03-22 11:58:56.707285"
9561,"Armavir",13.1,9.7,"Mild 🌤","2026-03-22 11:58:57.053208"
9562,"Artashat",14.4,19.2,"Mild 🌤","2026-03-22 11:58:57.389978"
9563,"Sisian",8.7,5.6,"Cold ❄️","2026-03-22 11:58:57.751779"
9564,"Yerevan",12.7,12.6,"Mild 🌤","2026-03-22 11:58:58.107443"
9565,"Gyumri",7.0,8.4,"Cold ❄️","2026-03-22 11:58:58.470782"
9566,"Vanadzor",8.5,9.2,"Cold ❄️","2026-03-22 11:58:58.83044"
9567,"Dilijan",9.6,9.2,"Cold ❄️","2026-03-22 11:58:59.198365"
9568,"Hrazdan",5.4,3.8,"Cold ❄️","2026-03-22 11:58:59.565401"
9569,"Abovyan",7.7,4.7,"Cold ❄️","2026-03-22 11:58:59.938168"
9570,"Kapan",12.1,7.0,"Mild 🌤","2026-03-22 11:59:00.316616"
9571,"Goris",9.5,8.7,"Cold ❄️","2026-03-22 11:59:00.686245"
9572,"Sevan",6.3,6.6,"Cold ❄️","2026-03-22 11:59:01.060087"
9573,"Ijevan",9.5,7.4,"Cold ❄️","2026-03-22 11:59:01.41342"
9574,"Armavir",13.1,9.7,"Mild 🌤","2026-03-22 11:59:01.760198"
9575,"Artashat",14.4,19.2,"Mild 🌤","2026-03-22 11:59:02.098046"
9576,"Sisian",8.7,5.6,"Cold ❄️","2026-03-22 11:59:02.45091"
9577,"Yerevan",12.7,12.6,"Mild 🌤","2026-03-22 11:59:03.815333"
9578,"Gyumri",7.0,8.4,"Cold ❄️","2026-03-22 11:59:04.162331"
9579,"Vanadzor",8.5,9.2,"Cold ❄️","2026-03-22 11:59:04.525643"
9580,"Dilijan",9.6,9.2,"Cold ❄️","2026-03-22 11:59:04.867787"
9581,"Hrazdan",5.4,3.8,"Cold ❄️","2026-03-22 11:59:05.217456"
9582,"Abovyan",7.7,4.7,"Cold ❄️","2026-03-22 11:59:05.584479"
9583,"Kapan",12.1,7.0,"Mild 🌤","2026-03-22 11:59:05.942591"
9584,"Goris",9.5,8.7,"Cold ❄️","2026-03-22 11:59:06.300255"
9585,"Sevan",6.3,6.6,"Cold ❄️","2026-03-22 11:59:06.660566"
9586,"Ijevan",9.5,7.4,"Cold ❄️","2026-03-22 11:59:07.017854"
9587,"Armavir",13.1,9.7,"Mild 🌤","2026-03-22 11:59:07.364688"
9588,"Artashat",14.4,19.2,"Mild 🌤","2026-03-22 11:59:07.719625"
9589,"Sisian",8.7,5.6,"Cold ❄️","2026-03-22 11:59:08.076519"
9590,"Yerevan",12.7,12.6,"Mild 🌤","2026-03-22 11:59:13.816787"
9591,"Gyumri",7.0,8.4,"Cold ❄️","2026-03-22 11:59:14.162451"
9592,"Vanadzor",8.5,9.2,"Cold ❄️","2026-03-22 11:59:14.533713"
9593,"Dilijan",9.6,9.2,"Cold ❄️","2026-03-22 11:59:14.880528"
9594,"Hrazdan",5.4,3.8,"Cold ❄️","2026-03-22 11:59:15.220309"
9595,"Abovyan",7.7,4.7,"Cold ❄️","2026-03-22 11:59:15.560388"
9596,"Kapan",12.1,7.0,"Mild 🌤","2026-03-22 11:59:15.912926"
9597,"Goris",9.5,8.7,"Cold ❄️","2026-03-22 11:59:16.281053"
9598,"Sevan",6.3,6.6,"Cold ❄️","2026-03-22 11:59:16.621543"
9599,"Ijevan",9.5,7.4,"Cold ❄️","2026-03-22 11:59:16.981676"
9600,"Armavir",13.1,9.7,"Mild 🌤","2026-03-22 11:59:17.37598"
9601,"Artashat",14.4,19.2,"Mild 🌤","2026-03-22 11:59:17.724611"
9602,"Sisian",8.7,5.6,"Cold ❄️","2026-03-22 11:59:18.07939"
9603,"Yerevan",12.7,12.6,"Mild 🌤","2026-03-22 11:59:23.932051"
9604,"Gyumri",7.0,8.4,"Cold ❄️","2026-03-22 11:59:24.446186"
9605,"Vanadzor",8.5,9.2,"Cold ❄️","2026-03-22 11:59:24.958599"
9606,"Hrazdan",5.4,3.8,"Cold ❄️","2026-03-22 11:59:30.79483"
9607,"Abovyan",7.7,4.7,"Cold ❄️","2026-03-22 11:59:31.270667"
9608,"Kapan",12.1,7.0,"Mild 🌤","2026-03-22 11:59:31.632622"
9609,"Goris",9.5,8.7,"Cold ❄️","2026-03-22 11:59:31.962192"
9610,"Sevan",6.3,6.6,"Cold ❄️","2026-03-22 11:59:32.30899"
9611,"Ijevan",9.5,7.4,"Cold ❄️","2026-03-22 11:59:32.667853"
9612,"Armavir",13.1,9.7,"Mild 🌤","2026-03-22 11:59:33.042141"
9613,"Artashat",14.4,19.2,"Mild 🌤","2026-03-22 11:59:33.426315"
9614,"Sisian",8.7,5.6,"Cold ❄️","2026-03-22 11:59:33.781754"
9615,"Yerevan",12.7,12.6,"Mild 🌤","2026-03-22 11:59:34.135669"
9616,"Gyumri",7.0,8.4,"Cold ❄️","2026-03-22 11:59:34.508269"
9617,"Vanadzor",8.5,9.2,"Cold ❄️","2026-03-22 11:59:34.851039"
9618,"Dilijan",9.6,9.2,"Cold ❄️","2026-03-22 11:59:35.210715"
9619,"Hrazdan",5.4,3.8,"Cold ❄️","2026-03-22 11:59:35.606079"
9620,"Abovyan",7.7,4.7,"Cold ❄️","2026-03-22 11:59:35.972607"
9621,"Kapan",12.1,7.0,"Mild 🌤","2026-03-22 11:59:36.337583"
9622,"Goris",9.5,8.7,"Cold ❄️","2026-03-22 11:59:36.69671"
9623,"Sevan",6.3,6.6,"Cold ❄️","2026-03-22 11:59:37.029343"
9624,"Ijevan",9.5,7.4,"Cold ❄️","2026-03-22 11:59:37.384849"
9625,"Armavir",13.1,9.7,"Mild 🌤","2026-03-22 11:59:37.735879"
9626,"Artashat",14.4,19.2,"Mild 🌤","2026-03-22 11:59:38.094332"
9627,"Sisian",8.7,5.6,"Cold ❄️","2026-03-22 11:59:38.453121"
9628,"Yerevan",12.7,12.6,"Mild 🌤","2026-03-22 11:59:44.003259"
9629,"Gyumri",7.0,8.4,"Cold ❄️","2026-03-22 11:59:44.535973"
9630,"Vanadzor",8.5,9.2,"Cold ❄️","2026-03-22 11:59:45.131561"
9631,"Dilijan",9.6,9.2,"Cold ❄️","2026-03-22 11:59:45.745509"
9632,"Hrazdan",5.4,3.8,"Cold ❄️","2026-03-22 11:59:46.564836"
9633,"Abovyan",7.7,4.7,"Cold ❄️","2026-03-22 11:59:47.100946"
9634,"Kapan",12.1,7.0,"Mild 🌤","2026-03-22 11:59:47.672502"
9635,"Goris",9.5,8.7,"Cold ❄️","2026-03-22 11:59:48.203217"
9636,"Sevan",6.3,6.6,"Cold ❄️","2026-03-22 11:59:48.920556"
9637,"Ijevan",9.5,7.4,"Cold ❄️","2026-03-22 11:59:49.3245"
9638,"Armavir",13.1,9.7,"Mild 🌤","2026-03-22 11:59:49.737748"
9639,"Artashat",14.4,19.2,"Mild 🌤","2026-03-22 11:59:50.13198"
9640,"Sisian",8.7,5.6,"Cold ❄️","2026-03-22 11:59:50.487369"
9641,"Yerevan",12.7,12.6,"Mild 🌤","2026-03-22 11:59:54.03844"
9642,"Gyumri",7.0,8.4,"Cold ❄️","2026-03-22 11:59:54.599568"
9643,"Vanadzor",8.5,9.2,"Cold ❄️","2026-03-22 11:59:55.271267"
9644,"Dilijan",9.6,9.2,"Cold ❄️","2026-03-22 11:59:55.883948"
9645,"Hrazdan",5.4,3.8,"Cold ❄️","2026-03-22 11:59:56.395646"
9646,"Abovyan",7.7,4.7,"Cold ❄️","2026-03-22 11:59:56.857173"
9647,"Kapan",12.1,7.0,"Mild 🌤","2026-03-22 11:59:57.218033"
9648,"Goris",9.5,8.7,"Cold ❄️","2026-03-22 11:59:57.570784"
9649,"Sevan",6.3,6.6,"Cold ❄️","2026-03-22 11:59:57.919332"
9650,"Ijevan",9.5,7.4,"Cold ❄️","2026-03-22 11:59:58.273782"
9651,"Armavir",13.1,9.7,"Mild 🌤","2026-03-22 11:59:58.624859"
9652,"Artashat",14.4,19.2,"Mild 🌤","2026-03-22 11:59:58.976304"
9653,"Sisian",8.7,5.6,"Cold ❄️","2026-03-22 11:59:59.342635"
9654,"Dilijan",9.5,8.9,"Cold ❄️","2026-03-22 12:00:08.894457"
9655,"Hrazdan",5.3,3.1,"Cold ❄️","2026-03-22 12:00:12.473547"
9656,"Abovyan",7.6,3.5,"Cold ❄️","2026-03-22 12:00:14.495711"
9657,"Kapan",11.9,6.9,"Mild 🌤","2026-03-22 12:00:16.511577"
9658,"Goris",9.2,8.7,"Cold ❄️","2026-03-22 12:00:18.104907"
9659,"Sevan",6.2,8.0,"Cold ❄️","2026-03-22 12:00:20.050547"
9660,"Ijevan",9.5,7.4,"Cold ❄️","2026-03-22 12:00:21.381523"
9661,"Armavir",13.1,10.1,"Mild 🌤","2026-03-22 12:00:22.741425"
9662,"Artashat",14.4,19.1,"Mild 🌤","2026-03-22 12:00:23.861433"
9663,"Sisian",8.5,5.8,"Cold ❄️","2026-03-22 12:00:24.925077"
9664,"Yerevan",12.6,13.1,"Mild 🌤","2026-03-22 12:00:25.833352"
9665,"Gyumri",7.0,7.3,"Cold ❄️","2026-03-22 12:00:26.70518"
9666,"Vanadzor",8.3,8.8,"Cold ❄️","2026-03-22 12:00:27.578199"
9667,"Dilijan",9.5,8.9,"Cold ❄️","2026-03-22 12:00:28.36949"
9668,"Hrazdan",5.3,3.1,"Cold ❄️","2026-03-22 12:00:29.16442"
9669,"Abovyan",7.6,3.5,"Cold ❄️","2026-03-22 12:00:29.983803"
9670,"Kapan",11.9,6.9,"Mild 🌤","2026-03-22 12:00:30.804167"
9671,"Goris",9.2,8.7,"Cold ❄️","2026-03-22 12:00:31.520156"
9672,"Sevan",6.2,8.0,"Cold ❄️","2026-03-22 12:00:32.337135"
9673,"Ijevan",9.5,7.4,"Cold ❄️","2026-03-22 12:00:33.260879"
9674,"Armavir",13.1,10.1,"Mild 🌤","2026-03-22 12:00:34.592684"
9675,"Artashat",14.4,19.1,"Mild 🌤","2026-03-22 12:00:35.309232"
9676,"Sisian",8.5,5.8,"Cold ❄️","2026-03-22 12:00:35.934467"
9677,"Yerevan",12.6,13.1,"Mild 🌤","2026-03-22 12:00:36.638093"
9678,"Gyumri",7.0,7.3,"Cold ❄️","2026-03-22 12:00:37.275234"
9679,"Vanadzor",8.3,8.8,"Cold ❄️","2026-03-22 12:00:38.017753"
9680,"Dilijan",9.5,8.9,"Cold ❄️","2026-03-22 12:00:38.897311"
9681,"Hrazdan",5.3,3.1,"Cold ❄️","2026-03-22 12:00:39.410227"
9682,"Abovyan",7.6,3.5,"Cold ❄️","2026-03-22 12:00:40.12155"
9683,"Kapan",11.9,6.9,"Mild 🌤","2026-03-22 12:00:40.748154"
9684,"Goris",9.2,8.7,"Cold ❄️","2026-03-22 12:00:41.4533"
9685,"Sevan",6.2,8.0,"Cold ❄️","2026-03-22 12:00:42.475547"
9686,"Ijevan",9.5,7.4,"Cold ❄️","2026-03-22 12:00:43.079368"
9687,"Armavir",13.1,10.1,"Mild 🌤","2026-03-22 12:00:43.517848"
9688,"Artashat",14.4,19.1,"Mild 🌤","2026-03-22 12:00:43.941801"
9689,"Sisian",8.5,5.8,"Cold ❄️","2026-03-22 12:00:44.374288"
9690,"Yerevan",12.6,13.1,"Mild 🌤","2026-03-22 12:00:44.81445"
9691,"Gyumri",7.0,7.3,"Cold ❄️","2026-03-22 12:00:45.221305"
9692,"Vanadzor",8.3,8.8,"Cold ❄️","2026-03-22 12:00:45.642449"
9693,"Dilijan",9.5,8.9,"Cold ❄️","2026-03-22 12:00:46.085276"
9694,"Hrazdan",5.3,3.1,"Cold ❄️","2026-03-22 12:00:46.50001"
9695,"Abovyan",7.6,3.5,"Cold ❄️","2026-03-22 12:00:46.943061"
9696,"Kapan",11.9,6.9,"Mild 🌤","2026-03-22 12:00:47.366808"
9697,"Goris",9.2,8.7,"Cold ❄️","2026-03-22 12:00:47.756587"
9698,"Sevan",6.2,8.0,"Cold ❄️","2026-03-22 12:00:48.165846"
9699,"Ijevan",9.5,7.4,"Cold ❄️","2026-03-22 12:00:48.555604"
9700,"Armavir",13.1,10.1,"Mild 🌤","2026-03-22 12:00:48.942665"
9701,"Artashat",14.4,19.1,"Mild 🌤","2026-03-22 12:00:49.335951"
9702,"Sisian",8.5,5.8,"Cold ❄️","2026-03-22 12:00:49.765737"
9703,"Yerevan",12.6,13.1,"Mild 🌤","2026-03-22 12:00:50.182823"
9704,"Gyumri",7.0,7.3,"Cold ❄️","2026-03-22 12:00:50.633967"
9705,"Vanadzor",8.3,8.8,"Cold ❄️","2026-03-22 12:00:51.005077"
9706,"Dilijan",9.5,8.9,"Cold ❄️","2026-03-22 12:00:51.442596"
9707,"Hrazdan",5.3,3.1,"Cold ❄️","2026-03-22 12:00:51.849849"
9708,"Abovyan",7.6,3.5,"Cold ❄️","2026-03-22 12:00:52.240549"
9709,"Kapan",11.9,6.9,"Mild 🌤","2026-03-22 12:00:52.650117"
9710,"Goris",9.2,8.7,"Cold ❄️","2026-03-22 12:00:53.043657"
9711,"Sevan",6.2,8.0,"Cold ❄️","2026-03-22 12:00:53.405471"
9712,"Ijevan",9.5,7.4,"Cold ❄️","2026-03-22 12:00:53.768471"
9713,"Armavir",13.1,10.1,"Mild 🌤","2026-03-22 12:00:54.119329"
9714,"Artashat",14.4,19.1,"Mild 🌤","2026-03-22 12:00:54.464869"
9715,"Sisian",8.5,5.8,"Cold ❄️","2026-03-22 12:00:54.826272"
9716,"Yerevan",12.6,13.1,"Mild 🌤","2026-03-22 12:00:55.17603"
9717,"Gyumri",7.0,7.3,"Cold ❄️","2026-03-22 12:00:56.584167"
9718,"Vanadzor",8.3,8.8,"Cold ❄️","2026-03-22 12:00:56.94296"
9719,"Dilijan",9.5,8.9,"Cold ❄️","2026-03-22 12:00:57.28608"
9720,"Hrazdan",5.3,3.1,"Cold ❄️","2026-03-22 12:00:58.01884"
9721,"Goris",9.2,8.7,"Cold ❄️","2026-03-22 12:01:08.898355"
9722,"Sevan",6.2,8.0,"Cold ❄️","2026-03-22 12:01:09.285606"
9723,"Ijevan",9.5,7.4,"Cold ❄️","2026-03-22 12:01:09.649137"
9724,"Armavir",13.1,10.1,"Mild 🌤","2026-03-22 12:01:10.028992"
9725,"Artashat",14.4,19.1,"Mild 🌤","2026-03-22 12:01:10.484699"
9726,"Sisian",8.5,5.8,"Cold ❄️","2026-03-22 12:01:10.874594"
9727,"Yerevan",12.6,13.1,"Mild 🌤","2026-03-22 12:01:11.491548"
9728,"Gyumri",7.0,7.3,"Cold ❄️","2026-03-22 12:01:11.841642"
9729,"Vanadzor",8.3,8.8,"Cold ❄️","2026-03-22 12:01:12.213359"
9730,"Dilijan",9.5,8.9,"Cold ❄️","2026-03-22 12:01:12.553894"
9731,"Hrazdan",5.3,3.1,"Cold ❄️","2026-03-22 12:01:12.901177"
9732,"Abovyan",7.6,3.5,"Cold ❄️","2026-03-22 12:01:13.272134"
9733,"Kapan",11.9,6.9,"Mild 🌤","2026-03-22 12:01:13.615027"
9734,"Goris",9.2,8.7,"Cold ❄️","2026-03-22 12:01:13.975026"
9735,"Sevan",6.2,8.0,"Cold ❄️","2026-03-22 12:01:14.325946"
9736,"Ijevan",9.5,7.4,"Cold ❄️","2026-03-22 12:01:14.677151"
9737,"Armavir",13.1,10.1,"Mild 🌤","2026-03-22 12:01:15.062367"
9738,"Artashat",14.4,19.1,"Mild 🌤","2026-03-22 12:01:15.416491"
9739,"Sisian",8.5,5.8,"Cold ❄️","2026-03-22 12:01:15.767547"
9740,"Yerevan",12.6,13.1,"Mild 🌤","2026-03-22 12:01:16.147669"
9741,"Gyumri",7.0,7.3,"Cold ❄️","2026-03-22 12:01:16.496759"
9742,"Vanadzor",8.3,8.8,"Cold ❄️","2026-03-22 12:01:17.232962"
9743,"Dilijan",9.5,8.9,"Cold ❄️","2026-03-22 12:01:17.593477"
9744,"Hrazdan",5.3,3.1,"Cold ❄️","2026-03-22 12:01:17.932428"
9745,"Abovyan",7.6,3.5,"Cold ❄️","2026-03-22 12:01:18.280275"
9746,"Kapan",11.9,6.9,"Mild 🌤","2026-03-22 12:01:18.623615"
9747,"Goris",9.2,8.7,"Cold ❄️","2026-03-22 12:01:19.048954"
9748,"Sevan",6.2,8.0,"Cold ❄️","2026-03-22 12:01:19.412231"
9749,"Ijevan",9.5,7.4,"Cold ❄️","2026-03-22 12:01:19.752758"
9750,"Armavir",13.1,10.1,"Mild 🌤","2026-03-22 12:01:20.099184"
9751,"Artashat",14.4,19.1,"Mild 🌤","2026-03-22 12:01:20.473015"
9752,"Sisian",8.5,5.8,"Cold ❄️","2026-03-22 12:01:20.811635"
9753,"Yerevan",12.6,13.1,"Mild 🌤","2026-03-22 12:01:27.256797"
9754,"Gyumri",7.0,7.3,"Cold ❄️","2026-03-22 12:01:27.624899"
9755,"Vanadzor",8.3,8.8,"Cold ❄️","2026-03-22 12:01:27.962005"
9756,"Dilijan",9.5,8.9,"Cold ❄️","2026-03-22 12:01:28.662339"
9757,"Hrazdan",5.3,3.1,"Cold ❄️","2026-03-22 12:01:29.05518"
9758,"Abovyan",7.6,3.5,"Cold ❄️","2026-03-22 12:01:29.422907"
9759,"Kapan",11.9,6.9,"Mild 🌤","2026-03-22 12:01:29.766484"
9760,"Goris",9.2,8.7,"Cold ❄️","2026-03-22 12:01:30.107779"
9761,"Sevan",6.2,8.0,"Cold ❄️","2026-03-22 12:01:30.447007"
9762,"Ijevan",9.5,7.4,"Cold ❄️","2026-03-22 12:01:30.793978"
9763,"Armavir",13.1,10.1,"Mild 🌤","2026-03-22 12:01:31.152899"
9764,"Artashat",14.4,19.1,"Mild 🌤","2026-03-22 12:01:31.502763"
9765,"Sisian",8.5,5.8,"Cold ❄️","2026-03-22 12:01:31.856122"
9766,"Yerevan",12.6,13.1,"Mild 🌤","2026-03-22 12:01:34.775241"
9767,"Gyumri",7.0,7.3,"Cold ❄️","2026-03-22 12:01:35.191855"
9768,"Vanadzor",8.3,8.8,"Cold ❄️","2026-03-22 12:01:35.726011"
9769,"Dilijan",9.5,8.9,"Cold ❄️","2026-03-22 12:01:36.238041"
9770,"Hrazdan",5.3,3.1,"Cold ❄️","2026-03-22 12:01:37.024112"
9771,"Abovyan",7.6,3.5,"Cold ❄️","2026-03-22 12:01:37.674616"
9772,"Kapan",11.9,6.9,"Mild 🌤","2026-03-22 12:01:38.184234"
9773,"Goris",9.2,8.7,"Cold ❄️","2026-03-22 12:01:38.695918"
9774,"Sevan",6.2,8.0,"Cold ❄️","2026-03-22 12:01:39.0884"
9775,"Ijevan",9.5,7.4,"Cold ❄️","2026-03-22 12:01:39.437181"
9776,"Armavir",13.1,10.1,"Mild 🌤","2026-03-22 12:01:39.783419"
9777,"Artashat",14.4,19.1,"Mild 🌤","2026-03-22 12:01:40.130938"
9778,"Sisian",8.5,5.8,"Cold ❄️","2026-03-22 12:01:40.49941"
9779,"Yerevan",12.6,13.1,"Mild 🌤","2026-03-22 12:01:45.021774"
9780,"Gyumri",7.0,7.3,"Cold ❄️","2026-03-22 12:01:45.659497"
9781,"Vanadzor",8.3,8.8,"Cold ❄️","2026-03-22 12:01:46.151994"
9782,"Dilijan",9.5,8.9,"Cold ❄️","2026-03-22 12:01:46.785994"
9783,"Hrazdan",5.3,3.1,"Cold ❄️","2026-03-22 12:01:47.564617"
9784,"Abovyan",7.6,3.5,"Cold ❄️","2026-03-22 12:01:47.917311"
9785,"Kapan",11.9,6.9,"Mild 🌤","2026-03-22 12:01:48.278198"
9786,"Goris",9.2,8.7,"Cold ❄️","2026-03-22 12:01:48.630588"
9787,"Sevan",6.2,8.0,"Cold ❄️","2026-03-22 12:01:48.982441"
9788,"Ijevan",9.5,7.4,"Cold ❄️","2026-03-22 12:01:49.324241"
9789,"Armavir",13.1,10.1,"Mild 🌤","2026-03-22 12:01:49.681173"
9790,"Artashat",14.4,19.1,"Mild 🌤","2026-03-22 12:01:50.023224"
9791,"Yerevan",12.6,13.1,"Mild 🌤","2026-03-22 12:01:55.600471"
9792,"Gyumri",7.0,7.3,"Cold ❄️","2026-03-22 12:01:56.079511"
9793,"Vanadzor",8.3,8.8,"Cold ❄️","2026-03-22 12:01:56.923969"
9794,"Dilijan",9.5,8.9,"Cold ❄️","2026-03-22 12:01:57.3206"
9795,"Hrazdan",5.3,3.1,"Cold ❄️","2026-03-22 12:01:57.68379"
9796,"Abovyan",7.6,3.5,"Cold ❄️","2026-03-22 12:01:58.046536"
9797,"Kapan",11.9,6.9,"Mild 🌤","2026-03-22 12:01:58.423412"
9798,"Goris",9.2,8.7,"Cold ❄️","2026-03-22 12:01:58.765147"
9799,"Sevan",6.2,8.0,"Cold ❄️","2026-03-22 12:01:59.126831"
9800,"Ijevan",9.5,7.4,"Cold ❄️","2026-03-22 12:01:59.482165"
9801,"Armavir",13.1,10.1,"Mild 🌤","2026-03-22 12:01:59.842277"
9802,"Artashat",14.4,19.1,"Mild 🌤","2026-03-22 12:02:00.198812"
9803,"Sisian",8.5,5.8,"Cold ❄️","2026-03-22 12:02:00.608255"
9804,"Yerevan",12.6,13.1,"Mild 🌤","2026-03-22 12:02:04.725977"
9805,"Gyumri",7.0,7.3,"Cold ❄️","2026-03-22 12:02:05.053262"
9806,"Vanadzor",8.3,8.8,"Cold ❄️","2026-03-22 12:02:05.401992"
9807,"Dilijan",9.5,8.9,"Cold ❄️","2026-03-22 12:02:05.748683"
9808,"Hrazdan",5.3,3.1,"Cold ❄️","2026-03-22 12:02:06.134325"
9809,"Abovyan",7.6,3.5,"Cold ❄️","2026-03-22 12:02:06.863015"
9810,"Kapan",11.9,6.9,"Mild 🌤","2026-03-22 12:02:07.403847"
9811,"Goris",9.2,8.7,"Cold ❄️","2026-03-22 12:02:07.937493"
9812,"Sevan",6.2,8.0,"Cold ❄️","2026-03-22 12:02:08.291614"
9813,"Ijevan",9.5,7.4,"Cold ❄️","2026-03-22 12:02:08.623203"
9814,"Armavir",13.1,10.1,"Mild 🌤","2026-03-22 12:02:08.974565"
9815,"Artashat",14.4,19.1,"Mild 🌤","2026-03-22 12:02:09.315693"
9816,"Sisian",8.5,5.8,"Cold ❄️","2026-03-22 12:02:09.663384"
9817,"Yerevan",12.6,13.1,"Mild 🌤","2026-03-22 12:02:14.945169"
9818,"Gyumri",7.0,7.3,"Cold ❄️","2026-03-22 12:02:15.356159"
9819,"Vanadzor",8.3,8.8,"Cold ❄️","2026-03-22 12:02:15.970324"
9820,"Dilijan",9.5,8.9,"Cold ❄️","2026-03-22 12:02:16.380565"
9821,"Hrazdan",5.3,3.1,"Cold ❄️","2026-03-22 12:02:16.79005"
9822,"Abovyan",7.6,3.5,"Cold ❄️","2026-03-22 12:02:17.182055"
9823,"Kapan",11.9,6.9,"Mild 🌤","2026-03-22 12:02:17.530932"
9824,"Goris",9.2,8.7,"Cold ❄️","2026-03-22 12:02:17.88294"
9825,"Sevan",6.2,8.0,"Cold ❄️","2026-03-22 12:02:18.230768"
9826,"Ijevan",9.5,7.4,"Cold ❄️","2026-03-22 12:02:18.624983"
9827,"Armavir",13.1,10.1,"Mild 🌤","2026-03-22 12:02:18.98236"
9828,"Artashat",14.4,19.1,"Mild 🌤","2026-03-22 12:02:19.332036"
9829,"Sisian",8.5,5.8,"Cold ❄️","2026-03-22 12:02:19.682431"
9830,"Yerevan",12.6,13.1,"Mild 🌤","2026-03-22 12:02:24.960501"
9831,"Gyumri",7.0,7.3,"Cold ❄️","2026-03-22 12:02:25.306251"
9832,"Vanadzor",8.3,8.8,"Cold ❄️","2026-03-22 12:02:25.653415"
9833,"Dilijan",9.5,8.9,"Cold ❄️","2026-03-22 12:02:25.998021"
9834,"Hrazdan",5.3,3.1,"Cold ❄️","2026-03-22 12:02:26.346694"
9835,"Abovyan",7.6,3.5,"Cold ❄️","2026-03-22 12:02:26.704153"
9836,"Kapan",11.9,6.9,"Mild 🌤","2026-03-22 12:02:27.068695"
9837,"Goris",9.2,8.7,"Cold ❄️","2026-03-22 12:02:27.410956"
9838,"Sevan",6.2,8.0,"Cold ❄️","2026-03-22 12:02:27.763883"
9839,"Ijevan",9.5,7.4,"Cold ❄️","2026-03-22 12:02:28.122669"
9840,"Armavir",13.1,10.1,"Mild 🌤","2026-03-22 12:02:28.467711"
9841,"Artashat",14.4,19.1,"Mild 🌤","2026-03-22 12:02:28.811381"
9842,"Sisian",8.5,5.8,"Cold ❄️","2026-03-22 12:02:29.174356"
9843,"Yerevan",12.6,13.1,"Mild 🌤","2026-03-22 12:02:34.913277"
9844,"Gyumri",7.0,7.3,"Cold ❄️","2026-03-22 12:02:35.631957"
9845,"Vanadzor",8.3,8.8,"Cold ❄️","2026-03-22 12:02:36.151637"
9846,"Dilijan",9.5,8.9,"Cold ❄️","2026-03-22 12:02:36.655735"
9847,"Hrazdan",5.3,3.1,"Cold ❄️","2026-03-22 12:02:37.056039"
9848,"Abovyan",7.6,3.5,"Cold ❄️","2026-03-22 12:02:37.409295"
9849,"Kapan",11.9,6.9,"Mild 🌤","2026-03-22 12:02:37.731594"
9850,"Goris",9.2,8.7,"Cold ❄️","2026-03-22 12:02:38.070642"
9851,"Sevan",6.2,8.0,"Cold ❄️","2026-03-22 12:02:38.409807"
9852,"Ijevan",9.5,7.4,"Cold ❄️","2026-03-22 12:02:38.768936"
9853,"Armavir",13.1,10.1,"Mild 🌤","2026-03-22 12:02:39.112108"
9854,"Artashat",14.4,19.1,"Mild 🌤","2026-03-22 12:02:39.475259"
9855,"Sisian",8.5,5.8,"Cold ❄️","2026-03-22 12:02:39.820238"
9856,"Yerevan",12.6,13.1,"Mild 🌤","2026-03-22 12:02:44.949159"
9857,"Gyumri",7.0,7.3,"Cold ❄️","2026-03-22 12:02:45.360541"
9858,"Vanadzor",8.3,8.8,"Cold ❄️","2026-03-22 12:02:45.872931"
9859,"Dilijan",9.5,8.9,"Cold ❄️","2026-03-22 12:02:46.281873"
9860,"Hrazdan",5.3,3.1,"Cold ❄️","2026-03-22 12:02:46.691429"
9861,"Abovyan",7.6,3.5,"Cold ❄️","2026-03-22 12:02:47.171732"
9862,"Kapan",11.9,6.9,"Mild 🌤","2026-03-22 12:02:47.524103"
9863,"Goris",9.2,8.7,"Cold ❄️","2026-03-22 12:02:47.87936"
9864,"Sevan",6.2,8.0,"Cold ❄️","2026-03-22 12:02:48.226032"
9865,"Ijevan",9.5,7.4,"Cold ❄️","2026-03-22 12:02:48.555754"
9866,"Armavir",13.1,10.1,"Mild 🌤","2026-03-22 12:02:48.89201"
9867,"Artashat",14.4,19.1,"Mild 🌤","2026-03-22 12:02:49.239872"
9868,"Sisian",8.5,5.8,"Cold ❄️","2026-03-22 12:02:49.598081"
9869,"Yerevan",12.6,13.1,"Mild 🌤","2026-03-22 12:02:55.189028"
9870,"Gyumri",7.0,7.3,"Cold ❄️","2026-03-22 12:02:56.11319"
9871,"Vanadzor",8.3,8.8,"Cold ❄️","2026-03-22 12:02:56.751582"
9872,"Dilijan",9.5,8.9,"Cold ❄️","2026-03-22 12:02:57.242703"
9873,"Hrazdan",5.3,3.1,"Cold ❄️","2026-03-22 12:02:57.649614"
9874,"Abovyan",7.6,3.5,"Cold ❄️","2026-03-22 12:02:58.292845"
9875,"Kapan",11.9,6.9,"Mild 🌤","2026-03-22 12:02:58.775039"
9876,"Goris",9.2,8.7,"Cold ❄️","2026-03-22 12:02:59.127487"
9877,"Sevan",6.2,8.0,"Cold ❄️","2026-03-22 12:02:59.477437"
9878,"Ijevan",9.5,7.4,"Cold ❄️","2026-03-22 12:02:59.819925"
9879,"Armavir",13.1,10.1,"Mild 🌤","2026-03-22 12:03:00.17699"
9880,"Artashat",14.4,19.1,"Mild 🌤","2026-03-22 12:03:00.597334"
9881,"Sisian",8.5,5.8,"Cold ❄️","2026-03-22 12:03:00.956923"
9882,"Yerevan",12.6,13.1,"Mild 🌤","2026-03-22 12:03:05.224966"
9883,"Gyumri",7.0,7.3,"Cold ❄️","2026-03-22 12:03:05.635393"
9884,"Vanadzor",8.3,8.8,"Cold ❄️","2026-03-22 12:03:06.045567"
9885,"Dilijan",9.5,8.9,"Cold ❄️","2026-03-22 12:03:06.454745"
9886,"Hrazdan",5.3,3.1,"Cold ❄️","2026-03-22 12:03:06.86462"
9887,"Abovyan",7.6,3.5,"Cold ❄️","2026-03-22 12:03:07.22264"
9888,"Kapan",11.9,6.9,"Mild 🌤","2026-03-22 12:03:07.559583"
9889,"Goris",9.2,8.7,"Cold ❄️","2026-03-22 12:03:07.90019"
9890,"Sevan",6.2,8.0,"Cold ❄️","2026-03-22 12:03:08.263886"
9891,"Ijevan",9.5,7.4,"Cold ❄️","2026-03-22 12:03:08.620689"
9892,"Armavir",13.1,10.1,"Mild 🌤","2026-03-22 12:03:08.972757"
9893,"Artashat",14.4,19.1,"Mild 🌤","2026-03-22 12:03:09.324449"
9894,"Sisian",8.5,5.8,"Cold ❄️","2026-03-22 12:03:09.677396"
9895,"Yerevan",12.6,13.1,"Mild 🌤","2026-03-22 12:03:15.362546"
9896,"Gyumri",7.0,7.3,"Cold ❄️","2026-03-22 12:03:16.080836"
9897,"Vanadzor",8.3,8.8,"Cold ❄️","2026-03-22 12:03:16.695631"
9898,"Dilijan",9.5,8.9,"Cold ❄️","2026-03-22 12:03:17.207612"
9899,"Hrazdan",5.3,3.1,"Cold ❄️","2026-03-22 12:03:17.617177"
9900,"Abovyan",7.6,3.5,"Cold ❄️","2026-03-22 12:03:18.027053"
9901,"Kapan",11.9,6.9,"Mild 🌤","2026-03-22 12:03:18.43627"
9902,"Goris",9.2,8.7,"Cold ❄️","2026-03-22 12:03:18.845954"
9903,"Sevan",6.2,8.0,"Cold ❄️","2026-03-22 12:03:19.212847"
9904,"Ijevan",9.5,7.4,"Cold ❄️","2026-03-22 12:03:19.550201"
9905,"Armavir",13.1,10.1,"Mild 🌤","2026-03-22 12:03:19.918505"
9906,"Artashat",14.4,19.1,"Mild 🌤","2026-03-22 12:03:20.283893"
9907,"Sisian",8.5,5.8,"Cold ❄️","2026-03-22 12:03:20.656751"
9908,"Yerevan",12.6,13.1,"Mild 🌤","2026-03-22 12:03:25.259288"
9909,"Gyumri",7.0,7.3,"Cold ❄️","2026-03-22 12:03:25.62419"
9910,"Vanadzor",8.3,8.8,"Cold ❄️","2026-03-22 12:03:25.979944"
9911,"Dilijan",9.5,8.9,"Cold ❄️","2026-03-22 12:03:26.347366"
9912,"Hrazdan",5.3,3.1,"Cold ❄️","2026-03-22 12:03:26.685073"
9913,"Abovyan",7.6,3.5,"Cold ❄️","2026-03-22 12:03:27.030142"
9914,"Kapan",11.9,6.9,"Mild 🌤","2026-03-22 12:03:27.394467"
9915,"Goris",9.2,8.7,"Cold ❄️","2026-03-22 12:03:27.722412"
9916,"Sevan",6.2,8.0,"Cold ❄️","2026-03-22 12:03:28.073207"
9917,"Ijevan",9.5,7.4,"Cold ❄️","2026-03-22 12:03:28.422677"
9918,"Armavir",13.1,10.1,"Mild 🌤","2026-03-22 12:03:28.762074"
9919,"Artashat",14.4,19.1,"Mild 🌤","2026-03-22 12:03:29.123438"
9920,"Sisian",8.5,5.8,"Cold ❄️","2026-03-22 12:03:29.486729"
9921,"Yerevan",12.6,13.1,"Mild 🌤","2026-03-22 12:03:35.144472"
9922,"Gyumri",7.0,7.3,"Cold ❄️","2026-03-22 12:03:35.505887"
9923,"Vanadzor",8.3,8.8,"Cold ❄️","2026-03-22 12:03:35.856724"
9924,"Dilijan",9.5,8.9,"Cold ❄️","2026-03-22 12:03:36.20871"
9925,"Hrazdan",5.3,3.1,"Cold ❄️","2026-03-22 12:03:36.570706"
9926,"Abovyan",7.6,3.5,"Cold ❄️","2026-03-22 12:03:36.911467"
9927,"Kapan",11.9,6.9,"Mild 🌤","2026-03-22 12:03:37.24792"
9928,"Goris",9.2,8.7,"Cold ❄️","2026-03-22 12:03:37.587857"
9929,"Sevan",6.2,8.0,"Cold ❄️","2026-03-22 12:03:37.936842"
9930,"Ijevan",9.5,7.4,"Cold ❄️","2026-03-22 12:03:38.270001"
9931,"Armavir",13.1,10.1,"Mild 🌤","2026-03-22 12:03:38.618935"
9932,"Artashat",14.4,19.1,"Mild 🌤","2026-03-22 12:03:38.957566"
9933,"Sisian",8.5,5.8,"Cold ❄️","2026-03-22 12:03:39.317901"
9934,"Yerevan",12.6,13.1,"Mild 🌤","2026-03-22 12:03:45.264398"
9935,"Gyumri",7.0,7.3,"Cold ❄️","2026-03-22 12:03:45.778056"
9936,"Vanadzor",8.3,8.8,"Cold ❄️","2026-03-22 12:03:46.187958"
9937,"Dilijan",9.5,8.9,"Cold ❄️","2026-03-22 12:03:46.597305"
9938,"Hrazdan",5.3,3.1,"Cold ❄️","2026-03-22 12:03:47.006732"
9939,"Abovyan",7.6,3.5,"Cold ❄️","2026-03-22 12:03:47.346308"
9940,"Kapan",11.9,6.9,"Mild 🌤","2026-03-22 12:03:47.69032"
9941,"Goris",9.2,8.7,"Cold ❄️","2026-03-22 12:03:48.039162"
9942,"Sevan",6.2,8.0,"Cold ❄️","2026-03-22 12:03:48.399095"
9943,"Ijevan",9.5,7.4,"Cold ❄️","2026-03-22 12:03:48.736634"
9944,"Armavir",13.1,10.1,"Mild 🌤","2026-03-22 12:03:49.081654"
9945,"Artashat",14.4,19.1,"Mild 🌤","2026-03-22 12:03:49.426649"
9946,"Sisian",8.5,5.8,"Cold ❄️","2026-03-22 12:03:49.780711"
9947,"Yerevan",12.6,13.1,"Mild 🌤","2026-03-22 12:03:55.402493"
9948,"Gyumri",7.0,7.3,"Cold ❄️","2026-03-22 12:03:56.018192"
9949,"Vanadzor",8.3,8.8,"Cold ❄️","2026-03-22 12:03:56.530109"
9950,"Dilijan",9.5,8.9,"Cold ❄️","2026-03-22 12:03:56.940732"
9951,"Hrazdan",5.3,3.1,"Cold ❄️","2026-03-22 12:03:57.286786"
9952,"Abovyan",7.6,3.5,"Cold ❄️","2026-03-22 12:03:57.631172"
9953,"Kapan",11.9,6.9,"Mild 🌤","2026-03-22 12:03:57.949589"
9954,"Goris",9.2,8.7,"Cold ❄️","2026-03-22 12:03:58.281407"
9955,"Sevan",6.2,8.0,"Cold ❄️","2026-03-22 12:03:58.620986"
9956,"Ijevan",9.5,7.4,"Cold ❄️","2026-03-22 12:03:58.949025"
9957,"Armavir",13.1,10.1,"Mild 🌤","2026-03-22 12:03:59.274164"
9958,"Artashat",14.4,19.1,"Mild 🌤","2026-03-22 12:03:59.6167"
9959,"Sisian",8.5,5.8,"Cold ❄️","2026-03-22 12:03:59.959113"
9960,"Yerevan",12.6,13.1,"Mild 🌤","2026-03-22 12:04:05.949264"
9961,"Gyumri",7.0,7.3,"Cold ❄️","2026-03-22 12:04:06.360988"
9962,"Vanadzor",8.3,8.8,"Cold ❄️","2026-03-22 12:04:06.77029"
9963,"Dilijan",9.5,8.9,"Cold ❄️","2026-03-22 12:04:07.180174"
9964,"Hrazdan",5.3,3.1,"Cold ❄️","2026-03-22 12:04:07.692521"
9965,"Abovyan",7.6,3.5,"Cold ❄️","2026-03-22 12:04:08.409106"
9966,"Kapan",11.9,6.9,"Mild 🌤","2026-03-22 12:04:09.022337"
9967,"Goris",9.2,8.7,"Cold ❄️","2026-03-22 12:04:09.351573"
9968,"Sevan",6.2,8.0,"Cold ❄️","2026-03-22 12:04:09.690108"
9969,"Ijevan",9.5,7.4,"Cold ❄️","2026-03-22 12:04:10.011255"
9970,"Armavir",13.1,10.1,"Mild 🌤","2026-03-22 12:04:10.376771"
9971,"Artashat",14.4,19.1,"Mild 🌤","2026-03-22 12:04:10.705599"
9972,"Sisian",8.5,5.8,"Cold ❄️","2026-03-22 12:04:11.047852"
9973,"Yerevan",12.6,13.1,"Mild 🌤","2026-03-22 12:04:15.984992"
9974,"Gyumri",7.0,7.3,"Cold ❄️","2026-03-22 12:04:16.498721"
9975,"Vanadzor",8.3,8.8,"Cold ❄️","2026-03-22 12:04:16.90821"
9976,"Dilijan",9.5,8.9,"Cold ❄️","2026-03-22 12:04:17.317689"
9977,"Hrazdan",5.3,3.1,"Cold ❄️","2026-03-22 12:04:17.829882"
9978,"Abovyan",7.6,3.5,"Cold ❄️","2026-03-22 12:04:18.239634"
9979,"Kapan",11.9,6.9,"Mild 🌤","2026-03-22 12:04:18.649654"
9980,"Goris",9.2,8.7,"Cold ❄️","2026-03-22 12:04:19.036411"
9981,"Sevan",6.2,8.0,"Cold ❄️","2026-03-22 12:04:19.383008"
9982,"Ijevan",9.5,7.4,"Cold ❄️","2026-03-22 12:04:19.727398"
9983,"Armavir",13.1,10.1,"Mild 🌤","2026-03-22 12:04:20.066425"
9984,"Artashat",14.4,19.1,"Mild 🌤","2026-03-22 12:04:20.397228"
9985,"Sisian",8.5,5.8,"Cold ❄️","2026-03-22 12:04:20.732406"
9986,"Yerevan",12.6,13.1,"Mild 🌤","2026-03-22 12:04:25.918476"
9987,"Gyumri",7.0,7.3,"Cold ❄️","2026-03-22 12:04:26.431458"
9988,"Vanadzor",8.3,8.8,"Cold ❄️","2026-03-22 12:04:26.944292"
9989,"Dilijan",9.5,8.9,"Cold ❄️","2026-03-22 12:04:27.456312"
9990,"Hrazdan",5.3,3.1,"Cold ❄️","2026-03-22 12:04:27.968205"
9991,"Abovyan",7.6,3.5,"Cold ❄️","2026-03-22 12:04:28.480525"
9992,"Kapan",11.9,6.9,"Mild 🌤","2026-03-22 12:04:28.88993"
9993,"Goris",9.2,8.7,"Cold ❄️","2026-03-22 12:04:29.241226"
9994,"Sevan",6.2,8.0,"Cold ❄️","2026-03-22 12:04:29.555925"
9995,"Ijevan",9.5,7.4,"Cold ❄️","2026-03-22 12:04:29.874909"
9996,"Armavir",13.1,10.1,"Mild 🌤","2026-03-22 12:04:30.20589"
9997,"Artashat",14.4,19.1,"Mild 🌤","2026-03-22 12:04:30.543998"
9998,"Sisian",8.5,5.8,"Cold ❄️","2026-03-22 12:04:30.879172"
9999,"Yerevan",12.6,13.1,"Mild 🌤","2026-03-22 12:04:35.930818"
10000,"Gyumri",7.0,7.3,"Cold ❄️","2026-03-22 12:04:36.365391"
10001,"Vanadzor",8.3,8.8,"Cold ❄️","2026-03-22 12:04:36.774475"
10002,"Dilijan",9.5,8.9,"Cold ❄️","2026-03-22 12:04:37.244985"
10003,"Hrazdan",5.3,3.1,"Cold ❄️","2026-03-22 12:04:37.584266"
10004,"Abovyan",7.6,3.5,"Cold ❄️","2026-03-22 12:04:37.903786"
10005,"Kapan",11.9,6.9,"Mild 🌤","2026-03-22 12:04:38.250433"
10006,"Goris",9.2,8.7,"Cold ❄️","2026-03-22 12:04:38.602463"
10007,"Sevan",6.2,8.0,"Cold ❄️","2026-03-22 12:04:38.927024"
10008,"Ijevan",9.5,7.4,"Cold ❄️","2026-03-22 12:04:39.261902"
10009,"Armavir",13.1,10.1,"Mild 🌤","2026-03-22 12:04:39.590214"
10010,"Artashat",14.4,19.1,"Mild 🌤","2026-03-22 12:04:39.924503"
10011,"Sisian",8.5,5.8,"Cold ❄️","2026-03-22 12:04:40.249497"
10012,"Yerevan",12.6,13.1,"Mild 🌤","2026-03-22 12:04:45.804222"
10013,"Gyumri",7.0,7.3,"Cold ❄️","2026-03-22 12:04:46.140774"
10014,"Vanadzor",8.3,8.8,"Cold ❄️","2026-03-22 12:04:46.459423"
10015,"Dilijan",9.5,8.9,"Cold ❄️","2026-03-22 12:04:46.786037"
10016,"Hrazdan",5.3,3.1,"Cold ❄️","2026-03-22 12:04:47.114436"
10017,"Abovyan",7.6,3.5,"Cold ❄️","2026-03-22 12:04:47.510323"
10018,"Kapan",11.9,6.9,"Mild 🌤","2026-03-22 12:04:47.830499"
10019,"Goris",9.2,8.7,"Cold ❄️","2026-03-22 12:04:48.152561"
10020,"Sevan",6.2,8.0,"Cold ❄️","2026-03-22 12:04:48.489687"
10021,"Ijevan",9.5,7.4,"Cold ❄️","2026-03-22 12:04:48.833153"
10022,"Armavir",13.1,10.1,"Mild 🌤","2026-03-22 12:04:49.175035"
10023,"Artashat",14.4,19.1,"Mild 🌤","2026-03-22 12:04:49.535312"
10024,"Sisian",8.5,5.8,"Cold ❄️","2026-03-22 12:04:49.865671"
10025,"Yerevan",12.6,13.1,"Mild 🌤","2026-03-22 12:04:55.838109"
10026,"Gyumri",7.0,7.3,"Cold ❄️","2026-03-22 12:04:56.177535"
10027,"Vanadzor",8.3,8.8,"Cold ❄️","2026-03-22 12:04:56.51727"
10028,"Dilijan",9.5,8.9,"Cold ❄️","2026-03-22 12:04:56.861973"
10029,"Hrazdan",5.3,3.1,"Cold ❄️","2026-03-22 12:04:57.201356"
10030,"Abovyan",7.6,3.5,"Cold ❄️","2026-03-22 12:04:57.530839"
10031,"Kapan",11.9,6.9,"Mild 🌤","2026-03-22 12:04:57.85719"
10032,"Goris",9.2,8.7,"Cold ❄️","2026-03-22 12:04:58.195517"
10033,"Sevan",6.2,8.0,"Cold ❄️","2026-03-22 12:04:58.543989"
10034,"Ijevan",9.5,7.4,"Cold ❄️","2026-03-22 12:04:58.878106"
10035,"Armavir",13.1,10.1,"Mild 🌤","2026-03-22 12:04:59.221627"
10036,"Artashat",14.4,19.1,"Mild 🌤","2026-03-22 12:04:59.545393"
10037,"Sisian",8.5,5.8,"Cold ❄️","2026-03-22 12:04:59.875975"
10038,"Yerevan",12.6,13.1,"Mild 🌤","2026-03-22 12:05:06.16253"
10039,"Gyumri",7.0,7.3,"Cold ❄️","2026-03-22 12:05:06.77853"
10040,"Vanadzor",8.3,8.8,"Cold ❄️","2026-03-22 12:05:07.290663"
10041,"Dilijan",9.5,8.9,"Cold ❄️","2026-03-22 12:05:07.700832"
10042,"Hrazdan",5.3,3.1,"Cold ❄️","2026-03-22 12:05:08.212242"
10043,"Abovyan",7.6,3.5,"Cold ❄️","2026-03-22 12:05:08.621364"
10044,"Kapan",11.9,6.9,"Mild 🌤","2026-03-22 12:05:09.05852"
10045,"Goris",9.2,8.7,"Cold ❄️","2026-03-22 12:05:09.381077"
10046,"Sevan",6.2,8.0,"Cold ❄️","2026-03-22 12:05:09.731278"
10047,"Ijevan",9.5,7.4,"Cold ❄️","2026-03-22 12:05:10.080836"
10048,"Armavir",13.1,10.1,"Mild 🌤","2026-03-22 12:05:10.501183"
10049,"Artashat",14.4,19.1,"Mild 🌤","2026-03-22 12:05:10.842496"
10050,"Sisian",8.5,5.8,"Cold ❄️","2026-03-22 12:05:11.199442"
10051,"Yerevan",12.6,13.1,"Mild 🌤","2026-03-22 12:05:15.992575"
10052,"Gyumri",7.0,7.3,"Cold ❄️","2026-03-22 12:05:16.404165"
10053,"Vanadzor",8.3,8.8,"Cold ❄️","2026-03-22 12:05:16.799829"
10054,"Dilijan",9.5,8.9,"Cold ❄️","2026-03-22 12:05:17.223756"
10055,"Hrazdan",5.3,3.1,"Cold ❄️","2026-03-22 12:05:17.63321"
10056,"Abovyan",7.6,3.5,"Cold ❄️","2026-03-22 12:05:18.145834"
10057,"Kapan",11.9,6.9,"Mild 🌤","2026-03-22 12:05:18.554743"
10058,"Goris",9.2,8.7,"Cold ❄️","2026-03-22 12:05:18.964824"
10059,"Sevan",6.2,8.0,"Cold ❄️","2026-03-22 12:05:19.308754"
10060,"Ijevan",9.5,7.4,"Cold ❄️","2026-03-22 12:05:19.670537"
10061,"Armavir",13.1,10.1,"Mild 🌤","2026-03-22 12:05:20.02055"
10062,"Artashat",14.4,19.1,"Mild 🌤","2026-03-22 12:05:20.405065"
10063,"Sisian",8.5,5.8,"Cold ❄️","2026-03-22 12:05:20.758135"
10064,"Yerevan",12.6,13.1,"Mild 🌤","2026-03-22 12:05:26.174181"
10065,"Gyumri",7.0,7.3,"Cold ❄️","2026-03-22 12:05:26.746891"
10066,"Vanadzor",8.3,8.8,"Cold ❄️","2026-03-22 12:05:27.158623"
10067,"Dilijan",9.5,8.9,"Cold ❄️","2026-03-22 12:05:27.670027"
10068,"Hrazdan",5.3,3.1,"Cold ❄️","2026-03-22 12:05:28.087085"
10069,"Abovyan",7.6,3.5,"Cold ❄️","2026-03-22 12:05:28.489523"
10070,"Kapan",11.9,6.9,"Mild 🌤","2026-03-22 12:05:28.898857"
10071,"Goris",9.2,8.7,"Cold ❄️","2026-03-22 12:05:29.309535"
10072,"Sevan",6.2,8.0,"Cold ❄️","2026-03-22 12:05:29.713309"
10073,"Ijevan",9.5,7.4,"Cold ❄️","2026-03-22 12:05:30.047181"
10074,"Armavir",13.1,10.1,"Mild 🌤","2026-03-22 12:05:30.381622"
10075,"Artashat",14.4,19.1,"Mild 🌤","2026-03-22 12:05:30.727925"
10076,"Sisian",8.5,5.8,"Cold ❄️","2026-03-22 12:05:31.081545"
10077,"Yerevan",12.6,13.1,"Mild 🌤","2026-03-22 12:05:35.96163"
10078,"Gyumri",7.0,7.3,"Cold ❄️","2026-03-22 12:05:36.373104"
10079,"Vanadzor",8.3,8.8,"Cold ❄️","2026-03-22 12:05:36.782514"
10080,"Dilijan",9.5,8.9,"Cold ❄️","2026-03-22 12:05:37.125482"
10081,"Hrazdan",5.3,3.1,"Cold ❄️","2026-03-22 12:05:37.481675"
10082,"Abovyan",7.6,3.5,"Cold ❄️","2026-03-22 12:05:37.851216"
10083,"Kapan",11.9,6.9,"Mild 🌤","2026-03-22 12:05:38.190576"
10084,"Goris",9.2,8.7,"Cold ❄️","2026-03-22 12:05:38.533347"
10085,"Sevan",6.2,8.0,"Cold ❄️","2026-03-22 12:05:38.892269"
10086,"Ijevan",9.5,7.4,"Cold ❄️","2026-03-22 12:05:39.252913"
10087,"Armavir",13.1,10.1,"Mild 🌤","2026-03-22 12:05:39.608933"
10088,"Artashat",14.4,19.1,"Mild 🌤","2026-03-22 12:05:39.968263"
10089,"Sisian",8.5,5.8,"Cold ❄️","2026-03-22 12:05:40.322923"
10090,"Yerevan",12.6,13.1,"Mild 🌤","2026-03-22 12:05:45.894553"
10091,"Gyumri",7.0,7.3,"Cold ❄️","2026-03-22 12:05:46.306336"
10092,"Vanadzor",8.3,8.8,"Cold ❄️","2026-03-22 12:05:46.818279"
10093,"Dilijan",9.5,8.9,"Cold ❄️","2026-03-22 12:05:47.329744"
10094,"Hrazdan",5.3,3.1,"Cold ❄️","2026-03-22 12:05:47.842377"
10095,"Abovyan",7.6,3.5,"Cold ❄️","2026-03-22 12:05:48.25173"
10096,"Kapan",11.9,6.9,"Mild 🌤","2026-03-22 12:05:48.870638"
10097,"Goris",9.2,8.7,"Cold ❄️","2026-03-22 12:05:49.231587"
10098,"Sevan",6.2,8.0,"Cold ❄️","2026-03-22 12:05:49.562898"
10099,"Ijevan",9.5,7.4,"Cold ❄️","2026-03-22 12:05:49.920827"
10100,"Armavir",13.1,10.1,"Mild 🌤","2026-03-22 12:05:50.255952"
10101,"Artashat",14.4,19.1,"Mild 🌤","2026-03-22 12:05:50.614017"
10102,"Sisian",8.5,5.8,"Cold ❄️","2026-03-22 12:05:50.974361"
10103,"Yerevan",12.6,13.1,"Mild 🌤","2026-03-22 12:05:55.841316"
10104,"Gyumri",7.0,7.3,"Cold ❄️","2026-03-22 12:05:56.342684"
10105,"Vanadzor",8.3,8.8,"Cold ❄️","2026-03-22 12:05:56.757825"
10106,"Dilijan",9.5,8.9,"Cold ❄️","2026-03-22 12:05:57.121621"
10107,"Hrazdan",5.3,3.1,"Cold ❄️","2026-03-22 12:05:57.49062"
10108,"Abovyan",7.6,3.5,"Cold ❄️","2026-03-22 12:05:57.837242"
10109,"Kapan",11.9,6.9,"Mild 🌤","2026-03-22 12:05:58.166064"
10110,"Goris",9.2,8.7,"Cold ❄️","2026-03-22 12:05:58.515065"
10111,"Sevan",6.2,8.0,"Cold ❄️","2026-03-22 12:05:58.865476"
10112,"Ijevan",9.5,7.4,"Cold ❄️","2026-03-22 12:05:59.217773"
10113,"Armavir",13.1,10.1,"Mild 🌤","2026-03-22 12:05:59.556981"
10114,"Artashat",14.4,19.1,"Mild 🌤","2026-03-22 12:05:59.911126"
10115,"Sisian",8.5,5.8,"Cold ❄️","2026-03-22 12:06:00.303917"
10116,"Yerevan",12.6,13.1,"Mild 🌤","2026-03-22 12:06:05.965579"
10117,"Gyumri",7.0,7.3,"Cold ❄️","2026-03-22 12:06:06.581597"
10118,"Vanadzor",8.3,8.8,"Cold ❄️","2026-03-22 12:06:06.991166"
10119,"Dilijan",9.5,8.9,"Cold ❄️","2026-03-22 12:06:07.345796"
10120,"Hrazdan",5.3,3.1,"Cold ❄️","2026-03-22 12:06:07.681639"
10121,"Abovyan",7.6,3.5,"Cold ❄️","2026-03-22 12:06:08.027736"
10122,"Kapan",11.9,6.9,"Mild 🌤","2026-03-22 12:06:08.395513"
10123,"Goris",9.2,8.7,"Cold ❄️","2026-03-22 12:06:08.753386"
10124,"Sevan",6.2,8.0,"Cold ❄️","2026-03-22 12:06:09.095465"
10125,"Ijevan",9.5,7.4,"Cold ❄️","2026-03-22 12:06:09.440082"
10126,"Armavir",13.1,10.1,"Mild 🌤","2026-03-22 12:06:09.775497"
10127,"Artashat",14.4,19.1,"Mild 🌤","2026-03-22 12:06:10.12839"
10128,"Sisian",8.5,5.8,"Cold ❄️","2026-03-22 12:06:11.529977"
10129,"Yerevan",12.6,13.1,"Mild 🌤","2026-03-22 12:06:16.103285"
10130,"Gyumri",7.0,7.3,"Cold ❄️","2026-03-22 12:06:16.514378"
10131,"Vanadzor",8.3,8.8,"Cold ❄️","2026-03-22 12:06:16.924846"
10132,"Dilijan",9.5,8.9,"Cold ❄️","2026-03-22 12:06:17.333792"
10133,"Hrazdan",5.3,3.1,"Cold ❄️","2026-03-22 12:06:17.73218"
10134,"Abovyan",7.6,3.5,"Cold ❄️","2026-03-22 12:06:18.161028"
10135,"Kapan",11.9,6.9,"Mild 🌤","2026-03-22 12:06:18.647657"
10136,"Goris",9.2,8.7,"Cold ❄️","2026-03-22 12:06:19.143134"
10137,"Sevan",6.2,8.0,"Cold ❄️","2026-03-22 12:06:19.50164"
10138,"Ijevan",9.5,7.4,"Cold ❄️","2026-03-22 12:06:19.851844"
10139,"Armavir",13.1,10.1,"Mild 🌤","2026-03-22 12:06:20.579809"
10140,"Artashat",14.4,19.1,"Mild 🌤","2026-03-22 12:06:20.93373"
10141,"Sisian",8.5,5.8,"Cold ❄️","2026-03-22 12:06:21.294145"
10142,"Yerevan",12.6,13.1,"Mild 🌤","2026-03-22 12:06:26.139517"
10143,"Gyumri",7.0,7.3,"Cold ❄️","2026-03-22 12:06:26.651419"
10144,"Vanadzor",8.3,8.8,"Cold ❄️","2026-03-22 12:06:27.065661"
10145,"Dilijan",9.5,8.9,"Cold ❄️","2026-03-22 12:06:27.427095"
10146,"Hrazdan",5.3,3.1,"Cold ❄️","2026-03-22 12:06:27.763928"
10147,"Abovyan",7.6,3.5,"Cold ❄️","2026-03-22 12:06:28.114441"
10148,"Kapan",11.9,6.9,"Mild 🌤","2026-03-22 12:06:28.447053"
10149,"Goris",9.2,8.7,"Cold ❄️","2026-03-22 12:06:28.79093"
10150,"Sevan",6.2,8.0,"Cold ❄️","2026-03-22 12:06:29.145274"
10151,"Ijevan",9.5,7.4,"Cold ❄️","2026-03-22 12:06:29.505545"
10152,"Armavir",13.1,10.1,"Mild 🌤","2026-03-22 12:06:29.85809"
10153,"Artashat",14.4,19.1,"Mild 🌤","2026-03-22 12:06:30.222438"
10154,"Sisian",8.5,5.8,"Cold ❄️","2026-03-22 12:06:30.566318"
10155,"Yerevan",12.6,13.1,"Mild 🌤","2026-03-22 12:06:35.969292"
10156,"Gyumri",7.0,7.3,"Cold ❄️","2026-03-22 12:06:36.359915"
10157,"Vanadzor",8.3,8.8,"Cold ❄️","2026-03-22 12:06:36.790738"
10158,"Dilijan",9.5,8.9,"Cold ❄️","2026-03-22 12:06:37.163502"
10159,"Hrazdan",5.3,3.1,"Cold ❄️","2026-03-22 12:06:37.508763"
10160,"Abovyan",7.6,3.5,"Cold ❄️","2026-03-22 12:06:37.882039"
10161,"Kapan",11.9,6.9,"Mild 🌤","2026-03-22 12:06:38.240996"
10162,"Goris",9.2,8.7,"Cold ❄️","2026-03-22 12:06:38.596368"
10163,"Sevan",6.2,8.0,"Cold ❄️","2026-03-22 12:06:38.945539"
10164,"Ijevan",9.5,7.4,"Cold ❄️","2026-03-22 12:06:39.290324"
10165,"Armavir",13.1,10.1,"Mild 🌤","2026-03-22 12:06:39.648324"
10166,"Artashat",14.4,19.1,"Mild 🌤","2026-03-22 12:06:39.997994"
10167,"Sisian",8.5,5.8,"Cold ❄️","2026-03-22 12:06:40.33559"
10168,"Yerevan",12.6,13.1,"Mild 🌤","2026-03-22 12:06:46.107366"
10169,"Gyumri",7.0,7.3,"Cold ❄️","2026-03-22 12:06:46.621065"
10170,"Vanadzor",8.3,8.8,"Cold ❄️","2026-03-22 12:06:47.030352"
10171,"Dilijan",9.5,8.9,"Cold ❄️","2026-03-22 12:06:47.451524"
10172,"Hrazdan",5.3,3.1,"Cold ❄️","2026-03-22 12:06:47.952166"
10173,"Abovyan",7.6,3.5,"Cold ❄️","2026-03-22 12:06:48.36295"
10174,"Kapan",11.9,6.9,"Mild 🌤","2026-03-22 12:06:48.772227"
10175,"Goris",9.2,8.7,"Cold ❄️","2026-03-22 12:06:49.145818"
10176,"Sevan",6.2,8.0,"Cold ❄️","2026-03-22 12:06:49.497101"
10177,"Ijevan",9.5,7.4,"Cold ❄️","2026-03-22 12:06:49.848921"
10178,"Armavir",13.1,10.1,"Mild 🌤","2026-03-22 12:06:50.199214"
10179,"Artashat",14.4,19.1,"Mild 🌤","2026-03-22 12:06:50.549154"
10180,"Sisian",8.5,5.8,"Cold ❄️","2026-03-22 12:06:50.892385"
10181,"Yerevan",12.6,13.1,"Mild 🌤","2026-03-22 12:06:56.040724"
10182,"Gyumri",7.0,7.3,"Cold ❄️","2026-03-22 12:06:56.861675"
10183,"Vanadzor",8.3,8.8,"Cold ❄️","2026-03-22 12:06:57.680719"
10184,"Dilijan",9.5,8.9,"Cold ❄️","2026-03-22 12:06:58.295484"
10185,"Hrazdan",5.3,3.1,"Cold ❄️","2026-03-22 12:06:58.909922"
10186,"Abovyan",7.6,3.5,"Cold ❄️","2026-03-22 12:06:59.284566"
10187,"Kapan",11.9,6.9,"Mild 🌤","2026-03-22 12:06:59.64241"
10188,"Goris",9.2,8.7,"Cold ❄️","2026-03-22 12:07:00.067172"
10189,"Sevan",6.2,8.0,"Cold ❄️","2026-03-22 12:07:00.426935"
10190,"Ijevan",9.5,7.4,"Cold ❄️","2026-03-22 12:07:00.794854"
10191,"Armavir",13.1,10.1,"Mild 🌤","2026-03-22 12:07:01.16332"
10192,"Artashat",14.4,19.1,"Mild 🌤","2026-03-22 12:07:01.499992"
10193,"Sisian",8.5,5.8,"Cold ❄️","2026-03-22 12:07:01.856132"
10194,"Yerevan",12.6,13.1,"Mild 🌤","2026-03-22 12:07:06.232764"
10195,"Gyumri",7.0,7.3,"Cold ❄️","2026-03-22 12:07:06.851189"
10196,"Vanadzor",8.3,8.8,"Cold ❄️","2026-03-22 12:07:07.365489"
10197,"Dilijan",9.5,8.9,"Cold ❄️","2026-03-22 12:07:08.085221"
10198,"Hrazdan",5.3,3.1,"Cold ❄️","2026-03-22 12:07:08.907283"
10199,"Abovyan",7.6,3.5,"Cold ❄️","2026-03-22 12:07:09.52284"
10200,"Kapan",11.9,6.9,"Mild 🌤","2026-03-22 12:07:10.036309"
10201,"Goris",9.2,8.7,"Cold ❄️","2026-03-22 12:07:10.728142"
10202,"Sevan",6.2,8.0,"Cold ❄️","2026-03-22 12:07:11.213781"
10203,"Ijevan",9.5,7.4,"Cold ❄️","2026-03-22 12:07:11.573376"
10204,"Armavir",13.1,10.1,"Mild 🌤","2026-03-22 12:07:11.972607"
10205,"Artashat",14.4,19.1,"Mild 🌤","2026-03-22 12:07:12.330928"
10206,"Sisian",8.5,5.8,"Cold ❄️","2026-03-22 12:07:12.688271"
10207,"Yerevan",12.6,13.1,"Mild 🌤","2026-03-22 12:07:15.850516"
10208,"Gyumri",7.0,7.3,"Cold ❄️","2026-03-22 12:07:16.220398"
10209,"Vanadzor",8.3,8.8,"Cold ❄️","2026-03-22 12:07:16.560676"
10210,"Dilijan",9.5,8.9,"Cold ❄️","2026-03-22 12:07:16.935538"
10211,"Hrazdan",5.3,3.1,"Cold ❄️","2026-03-22 12:07:17.286593"
10212,"Abovyan",7.6,3.5,"Cold ❄️","2026-03-22 12:07:17.643621"
10213,"Kapan",11.9,6.9,"Mild 🌤","2026-03-22 12:07:18.000375"
10214,"Goris",9.2,8.7,"Cold ❄️","2026-03-22 12:07:18.3472"
10215,"Sevan",6.2,8.0,"Cold ❄️","2026-03-22 12:07:18.704699"
10216,"Ijevan",9.5,7.4,"Cold ❄️","2026-03-22 12:07:19.063578"
10217,"Armavir",13.1,10.1,"Mild 🌤","2026-03-22 12:07:19.407307"
10218,"Artashat",14.4,19.1,"Mild 🌤","2026-03-22 12:07:19.771148"
10219,"Sisian",8.5,5.8,"Cold ❄️","2026-03-22 12:07:20.130387"
10220,"Yerevan",12.6,13.1,"Mild 🌤","2026-03-22 12:07:25.869253"
10221,"Gyumri",7.0,7.3,"Cold ❄️","2026-03-22 12:07:27.264332"
10222,"Vanadzor",8.3,8.8,"Cold ❄️","2026-03-22 12:07:27.612559"
10223,"Dilijan",9.5,8.9,"Cold ❄️","2026-03-22 12:07:27.972231"
10224,"Hrazdan",5.3,3.1,"Cold ❄️","2026-03-22 12:07:28.305465"
10225,"Abovyan",7.6,3.5,"Cold ❄️","2026-03-22 12:07:28.660201"
10226,"Kapan",11.9,6.9,"Mild 🌤","2026-03-22 12:07:30.070217"
10227,"Goris",9.2,8.7,"Cold ❄️","2026-03-22 12:07:30.425539"
10228,"Sevan",6.2,8.0,"Cold ❄️","2026-03-22 12:07:30.772602"
10229,"Ijevan",9.5,7.4,"Cold ❄️","2026-03-22 12:07:31.137045"
10230,"Armavir",13.1,10.1,"Mild 🌤","2026-03-22 12:07:31.483924"
10231,"Artashat",14.4,19.1,"Mild 🌤","2026-03-22 12:07:31.850787"
10232,"Sisian",8.5,5.8,"Cold ❄️","2026-03-22 12:07:32.198389"
10233,"Yerevan",12.6,13.1,"Mild 🌤","2026-03-22 12:07:35.837709"
10234,"Gyumri",7.0,7.3,"Cold ❄️","2026-03-22 12:07:36.208224"
10235,"Vanadzor",8.3,8.8,"Cold ❄️","2026-03-22 12:07:36.53866"
10236,"Dilijan",9.5,8.9,"Cold ❄️","2026-03-22 12:07:36.909313"
10237,"Hrazdan",5.3,3.1,"Cold ❄️","2026-03-22 12:07:37.275252"
10238,"Abovyan",7.6,3.5,"Cold ❄️","2026-03-22 12:07:37.62136"
10239,"Kapan",11.9,6.9,"Mild 🌤","2026-03-22 12:07:37.965712"
10240,"Goris",9.2,8.7,"Cold ❄️","2026-03-22 12:07:38.315159"
10241,"Sevan",6.2,8.0,"Cold ❄️","2026-03-22 12:07:38.676595"
10242,"Ijevan",9.5,7.4,"Cold ❄️","2026-03-22 12:07:39.036646"
10243,"Armavir",13.1,10.1,"Mild 🌤","2026-03-22 12:07:39.3713"
10244,"Artashat",14.4,19.1,"Mild 🌤","2026-03-22 12:07:39.716663"
10245,"Sisian",8.5,5.8,"Cold ❄️","2026-03-22 12:07:40.077856"
10246,"Yerevan",12.6,13.1,"Mild 🌤","2026-03-22 12:07:45.849086"
10247,"Gyumri",7.0,7.3,"Cold ❄️","2026-03-22 12:07:46.20271"
10248,"Vanadzor",8.3,8.8,"Cold ❄️","2026-03-22 12:07:46.577894"
10249,"Dilijan",9.5,8.9,"Cold ❄️","2026-03-22 12:07:46.936076"
10250,"Hrazdan",5.3,3.1,"Cold ❄️","2026-03-22 12:07:47.276402"
10251,"Abovyan",7.6,3.5,"Cold ❄️","2026-03-22 12:07:47.618752"
10252,"Kapan",11.9,6.9,"Mild 🌤","2026-03-22 12:07:47.968406"
10253,"Goris",9.2,8.7,"Cold ❄️","2026-03-22 12:07:48.33619"
10254,"Sevan",6.2,8.0,"Cold ❄️","2026-03-22 12:07:48.67212"
10255,"Ijevan",9.5,7.4,"Cold ❄️","2026-03-22 12:07:49.022173"
10256,"Armavir",13.1,10.1,"Mild 🌤","2026-03-22 12:07:49.384942"
10257,"Artashat",14.4,19.1,"Mild 🌤","2026-03-22 12:07:49.728547"
10258,"Sisian",8.5,5.8,"Cold ❄️","2026-03-22 12:07:50.071536"
10259,"Yerevan",12.6,13.1,"Mild 🌤","2026-03-22 12:07:55.951229"
10260,"Gyumri",7.0,7.3,"Cold ❄️","2026-03-22 12:07:56.363123"
10261,"Vanadzor",8.3,8.8,"Cold ❄️","2026-03-22 12:07:56.875081"
10262,"Dilijan",9.5,8.9,"Cold ❄️","2026-03-22 12:07:57.230999"
10263,"Hrazdan",5.3,3.1,"Cold ❄️","2026-03-22 12:07:57.597204"
10264,"Abovyan",7.6,3.5,"Cold ❄️","2026-03-22 12:07:57.949544"
10265,"Kapan",11.9,6.9,"Mild 🌤","2026-03-22 12:07:58.307956"
10266,"Goris",9.2,8.7,"Cold ❄️","2026-03-22 12:07:58.656242"
10267,"Sevan",6.2,8.0,"Cold ❄️","2026-03-22 12:07:58.990313"
10268,"Ijevan",9.5,7.4,"Cold ❄️","2026-03-22 12:07:59.362144"
10269,"Armavir",13.1,10.1,"Mild 🌤","2026-03-22 12:07:59.72828"
10270,"Artashat",14.4,19.1,"Mild 🌤","2026-03-22 12:08:00.072241"
10271,"Sisian",8.5,5.8,"Cold ❄️","2026-03-22 12:08:00.438381"
10272,"Yerevan",12.6,13.1,"Mild 🌤","2026-03-22 12:08:06.299039"
10273,"Gyumri",7.0,7.3,"Cold ❄️","2026-03-22 12:08:06.710109"
10274,"Vanadzor",8.3,8.8,"Cold ❄️","2026-03-22 12:08:07.131227"
10275,"Dilijan",9.5,8.9,"Cold ❄️","2026-03-22 12:08:07.465354"
10276,"Hrazdan",5.3,3.1,"Cold ❄️","2026-03-22 12:08:07.828386"
10277,"Abovyan",7.6,3.5,"Cold ❄️","2026-03-22 12:08:08.189133"
10278,"Kapan",11.9,6.9,"Mild 🌤","2026-03-22 12:08:08.541689"
10279,"Goris",9.2,8.7,"Cold ❄️","2026-03-22 12:08:08.895047"
10280,"Sevan",6.2,8.0,"Cold ❄️","2026-03-22 12:08:09.240143"
10281,"Ijevan",9.5,7.4,"Cold ❄️","2026-03-22 12:08:09.602781"
10282,"Armavir",13.1,10.1,"Mild 🌤","2026-03-22 12:08:09.964313"
10283,"Artashat",14.4,19.1,"Mild 🌤","2026-03-22 12:08:10.330257"
10284,"Sisian",8.5,5.8,"Cold ❄️","2026-03-22 12:08:10.69721"
10285,"Yerevan",12.6,13.1,"Mild 🌤","2026-03-22 12:08:16.236473"
10286,"Gyumri",7.0,7.3,"Cold ❄️","2026-03-22 12:08:16.959903"
10287,"Vanadzor",8.3,8.8,"Cold ❄️","2026-03-22 12:08:17.433383"
10288,"Dilijan",9.5,8.9,"Cold ❄️","2026-03-22 12:08:17.78541"
10289,"Hrazdan",5.3,3.1,"Cold ❄️","2026-03-22 12:08:18.124219"
10290,"Abovyan",7.6,3.5,"Cold ❄️","2026-03-22 12:08:18.45107"
10291,"Kapan",11.9,6.9,"Mild 🌤","2026-03-22 12:08:18.815399"
10292,"Goris",9.2,8.7,"Cold ❄️","2026-03-22 12:08:19.164391"
10293,"Sevan",6.2,8.0,"Cold ❄️","2026-03-22 12:08:19.522708"
10294,"Ijevan",9.5,7.4,"Cold ❄️","2026-03-22 12:08:19.883496"
10295,"Armavir",13.1,10.1,"Mild 🌤","2026-03-22 12:08:20.248779"
10296,"Artashat",14.4,19.1,"Mild 🌤","2026-03-22 12:08:20.613007"
10297,"Sisian",8.5,5.8,"Cold ❄️","2026-03-22 12:08:20.952304"
10298,"Yerevan",12.6,13.1,"Mild 🌤","2026-03-22 12:08:26.141117"
10299,"Gyumri",7.0,7.3,"Cold ❄️","2026-03-22 12:08:26.495563"
10300,"Vanadzor",8.3,8.8,"Cold ❄️","2026-03-22 12:08:26.850626"
10301,"Dilijan",9.5,8.9,"Cold ❄️","2026-03-22 12:08:27.197741"
10302,"Hrazdan",5.3,3.1,"Cold ❄️","2026-03-22 12:08:27.565095"
10303,"Abovyan",7.6,3.5,"Cold ❄️","2026-03-22 12:08:28.196055"
10304,"Kapan",11.9,6.9,"Mild 🌤","2026-03-22 12:08:28.560718"
10305,"Goris",9.2,8.7,"Cold ❄️","2026-03-22 12:08:28.924328"
10306,"Sevan",6.2,8.0,"Cold ❄️","2026-03-22 12:08:29.286056"
10307,"Ijevan",9.5,7.4,"Cold ❄️","2026-03-22 12:08:29.633543"
10308,"Armavir",13.1,10.1,"Mild 🌤","2026-03-22 12:08:29.998016"
10309,"Artashat",14.4,19.1,"Mild 🌤","2026-03-22 12:08:30.330738"
10310,"Sisian",8.5,5.8,"Cold ❄️","2026-03-22 12:08:30.689803"
10311,"Yerevan",12.6,13.1,"Mild 🌤","2026-03-22 12:08:36.15552"
10312,"Gyumri",7.0,7.3,"Cold ❄️","2026-03-22 12:08:36.511498"
10313,"Vanadzor",8.3,8.8,"Cold ❄️","2026-03-22 12:08:36.86233"
10314,"Dilijan",9.5,8.9,"Cold ❄️","2026-03-22 12:08:37.218218"
10315,"Abovyan",7.6,3.5,"Cold ❄️","2026-03-22 12:08:43.027488"
10316,"Goris",9.2,8.7,"Cold ❄️","2026-03-22 12:08:48.593227"
10317,"Sevan",6.2,8.0,"Cold ❄️","2026-03-22 12:08:49.024054"
10318,"Ijevan",9.5,7.4,"Cold ❄️","2026-03-22 12:08:49.514131"
10319,"Armavir",13.1,10.1,"Mild 🌤","2026-03-22 12:08:50.127952"
10320,"Artashat",14.4,19.1,"Mild 🌤","2026-03-22 12:08:50.639175"
10321,"Sisian",8.5,5.8,"Cold ❄️","2026-03-22 12:08:51.139076"
10322,"Yerevan",12.6,13.1,"Mild 🌤","2026-03-22 12:08:51.516343"
10323,"Gyumri",7.0,7.3,"Cold ❄️","2026-03-22 12:08:51.881293"
10324,"Vanadzor",8.3,8.8,"Cold ❄️","2026-03-22 12:08:52.239444"
10325,"Dilijan",9.5,8.9,"Cold ❄️","2026-03-22 12:08:52.599181"
10326,"Hrazdan",5.3,3.1,"Cold ❄️","2026-03-22 12:08:52.970791"
10327,"Abovyan",7.6,3.5,"Cold ❄️","2026-03-22 12:08:53.323632"
10328,"Kapan",11.9,6.9,"Mild 🌤","2026-03-22 12:08:53.665042"
10329,"Goris",9.2,8.7,"Cold ❄️","2026-03-22 12:08:54.014546"
10330,"Sevan",6.2,8.0,"Cold ❄️","2026-03-22 12:08:54.373322"
10331,"Ijevan",9.5,7.4,"Cold ❄️","2026-03-22 12:08:54.72972"
10332,"Armavir",13.1,10.1,"Mild 🌤","2026-03-22 12:08:55.08093"
10333,"Sisian",8.5,5.8,"Cold ❄️","2026-03-22 12:09:00.772638"
10334,"Yerevan",12.6,13.1,"Mild 🌤","2026-03-22 12:09:01.144992"
10335,"Gyumri",7.0,7.3,"Cold ❄️","2026-03-22 12:09:01.505595"
10336,"Dilijan",9.5,8.9,"Cold ❄️","2026-03-22 12:09:07.118929"
10337,"Hrazdan",5.3,3.1,"Cold ❄️","2026-03-22 12:09:07.527063"
10338,"Abovyan",7.6,3.5,"Cold ❄️","2026-03-22 12:09:07.947253"
10339,"Kapan",11.9,6.9,"Mild 🌤","2026-03-22 12:09:08.345803"
10340,"Goris",9.2,8.7,"Cold ❄️","2026-03-22 12:09:08.755719"
10341,"Sevan",6.2,8.0,"Cold ❄️","2026-03-22 12:09:09.245686"
10342,"Ijevan",9.5,7.4,"Cold ❄️","2026-03-22 12:09:09.605186"
10343,"Armavir",13.1,10.1,"Mild 🌤","2026-03-22 12:09:09.94314"
10344,"Artashat",14.4,19.1,"Mild 🌤","2026-03-22 12:09:10.337327"
10345,"Sisian",8.5,5.8,"Cold ❄️","2026-03-22 12:09:10.705048"
10346,"Yerevan",12.6,13.1,"Mild 🌤","2026-03-22 12:09:11.070267"
10347,"Gyumri",7.0,7.3,"Cold ❄️","2026-03-22 12:09:11.42249"
10348,"Vanadzor",8.3,8.8,"Cold ❄️","2026-03-22 12:09:11.767287"
10349,"Dilijan",9.5,8.9,"Cold ❄️","2026-03-22 12:09:12.105179"
10350,"Hrazdan",5.3,3.1,"Cold ❄️","2026-03-22 12:09:12.470962"
10351,"Abovyan",7.6,3.5,"Cold ❄️","2026-03-22 12:09:12.82022"
10352,"Kapan",11.9,6.9,"Mild 🌤","2026-03-22 12:09:13.168574"
10353,"Goris",9.2,8.7,"Cold ❄️","2026-03-22 12:09:13.50639"
10354,"Sevan",6.2,8.0,"Cold ❄️","2026-03-22 12:09:13.858756"
10355,"Ijevan",9.5,7.4,"Cold ❄️","2026-03-22 12:09:14.2078"
10356,"Armavir",13.1,10.1,"Mild 🌤","2026-03-22 12:09:14.563252"
10357,"Artashat",14.4,19.1,"Mild 🌤","2026-03-22 12:09:14.904719"
10358,"Sisian",8.5,5.8,"Cold ❄️","2026-03-22 12:09:15.285382"
10359,"Yerevan",12.6,13.1,"Mild 🌤","2026-03-22 12:09:17.867474"
10360,"Gyumri",7.0,7.3,"Cold ❄️","2026-03-22 12:09:18.380395"
10361,"Vanadzor",8.3,8.8,"Cold ❄️","2026-03-22 12:09:18.789908"
10362,"Dilijan",9.5,8.9,"Cold ❄️","2026-03-22 12:09:19.199758"
10363,"Hrazdan",5.3,3.1,"Cold ❄️","2026-03-22 12:09:19.818201"
10364,"Abovyan",7.6,3.5,"Cold ❄️","2026-03-22 12:09:20.326272"
10365,"Kapan",11.9,6.9,"Mild 🌤","2026-03-22 12:09:20.738016"
10366,"Goris",9.2,8.7,"Cold ❄️","2026-03-22 12:09:21.111145"
10367,"Sevan",6.2,8.0,"Cold ❄️","2026-03-22 12:09:21.466428"
10368,"Ijevan",9.5,7.4,"Cold ❄️","2026-03-22 12:09:21.803521"
10369,"Armavir",13.1,10.1,"Mild 🌤","2026-03-22 12:09:22.147681"
10370,"Artashat",14.4,19.1,"Mild 🌤","2026-03-22 12:09:22.480076"
10371,"Sisian",8.5,5.8,"Cold ❄️","2026-03-22 12:09:22.810114"
10372,"Yerevan",12.6,13.1,"Mild 🌤","2026-03-22 12:09:28.311447"
10373,"Gyumri",7.0,7.3,"Cold ❄️","2026-03-22 12:09:28.927129"
10374,"Vanadzor",8.3,8.8,"Cold ❄️","2026-03-22 12:09:29.542567"
10375,"Dilijan",9.5,8.9,"Cold ❄️","2026-03-22 12:09:30.05481"
10376,"Hrazdan",5.3,3.1,"Cold ❄️","2026-03-22 12:09:30.668464"
10377,"Abovyan",7.6,3.5,"Cold ❄️","2026-03-22 12:09:31.283256"
10378,"Kapan",11.9,6.9,"Mild 🌤","2026-03-22 12:09:31.795281"
10379,"Goris",9.2,8.7,"Cold ❄️","2026-03-22 12:09:32.186148"
10380,"Sevan",6.2,8.0,"Cold ❄️","2026-03-22 12:09:32.615157"
10381,"Ijevan",9.5,7.4,"Cold ❄️","2026-03-22 12:09:33.024365"
10382,"Armavir",13.1,10.1,"Mild 🌤","2026-03-22 12:09:33.386119"
10383,"Artashat",14.4,19.1,"Mild 🌤","2026-03-22 12:09:33.715703"
10384,"Sisian",8.5,5.8,"Cold ❄️","2026-03-22 12:09:34.064083"
10385,"Yerevan",12.6,13.1,"Mild 🌤","2026-03-22 12:09:38.55221"
10386,"Gyumri",7.0,7.3,"Cold ❄️","2026-03-22 12:09:38.924474"
10387,"Vanadzor",8.3,8.8,"Cold ❄️","2026-03-22 12:09:39.264725"
10388,"Dilijan",9.5,8.9,"Cold ❄️","2026-03-22 12:09:39.611424"
10389,"Hrazdan",5.3,3.1,"Cold ❄️","2026-03-22 12:09:40.04045"
10390,"Abovyan",7.6,3.5,"Cold ❄️","2026-03-22 12:09:40.879431"
10391,"Kapan",11.9,6.9,"Mild 🌤","2026-03-22 12:09:41.243559"
10392,"Goris",9.2,8.7,"Cold ❄️","2026-03-22 12:09:41.603091"
10393,"Sevan",6.2,8.0,"Cold ❄️","2026-03-22 12:09:41.945514"
10394,"Ijevan",9.5,7.4,"Cold ❄️","2026-03-22 12:09:42.31014"
10395,"Armavir",13.1,10.1,"Mild 🌤","2026-03-22 12:09:42.659722"
10396,"Artashat",14.4,19.1,"Mild 🌤","2026-03-22 12:09:42.999611"
10397,"Sisian",8.5,5.8,"Cold ❄️","2026-03-22 12:09:43.354386"
10398,"Yerevan",12.6,13.1,"Mild 🌤","2026-03-22 12:09:48.690367"
10399,"Gyumri",7.0,7.3,"Cold ❄️","2026-03-22 12:09:49.102508"
10400,"Vanadzor",8.3,8.8,"Cold ❄️","2026-03-22 12:09:49.615776"
10401,"Dilijan",9.5,8.9,"Cold ❄️","2026-03-22 12:09:50.127973"
10402,"Hrazdan",5.3,3.1,"Cold ❄️","2026-03-22 12:09:50.536778"
10403,"Abovyan",7.6,3.5,"Cold ❄️","2026-03-22 12:09:51.04003"
10404,"Kapan",11.9,6.9,"Mild 🌤","2026-03-22 12:09:51.401631"
10405,"Goris",9.2,8.7,"Cold ❄️","2026-03-22 12:09:51.741161"
10406,"Sevan",6.2,8.0,"Cold ❄️","2026-03-22 12:09:52.089223"
10407,"Ijevan",9.5,7.4,"Cold ❄️","2026-03-22 12:09:52.440515"
10408,"Armavir",13.1,10.1,"Mild 🌤","2026-03-22 12:09:52.788138"
10409,"Artashat",14.4,19.1,"Mild 🌤","2026-03-22 12:09:53.14748"
10410,"Sisian",8.5,5.8,"Cold ❄️","2026-03-22 12:09:53.490423"
10411,"Yerevan",8.6,2.3,"Cold ❄️","2026-03-23 05:28:51.309801"
10412,"Gyumri",2.2,4.9,"Cold ❄️","2026-03-23 05:28:51.578719"
10413,"Vanadzor",4.4,2.4,"Cold ❄️","2026-03-23 05:28:51.855979"
10414,"Dilijan",7.0,3.9,"Cold ❄️","2026-03-23 05:28:52.134696"
10415,"Hrazdan",2.9,14.7,"Cold ❄️","2026-03-23 05:28:52.405504"
10416,"Abovyan",4.8,6.1,"Cold ❄️","2026-03-23 05:28:52.703842"
10417,"Kapan",9.7,1.1,"Cold ❄️","2026-03-23 05:28:52.981289"
10418,"Goris",7.5,4.2,"Cold ❄️","2026-03-23 05:28:53.270038"
10419,"Sevan",2.9,8.7,"Cold ❄️","2026-03-23 05:28:53.543569"
10420,"Ijevan",9.1,4.7,"Cold ❄️","2026-03-23 05:28:53.83313"
10421,"Armavir",9.2,1.8,"Cold ❄️","2026-03-23 05:28:54.118785"
10422,"Artashat",9.4,6.2,"Cold ❄️","2026-03-23 05:28:54.392773"
10423,"Sisian",6.3,3.2,"Cold ❄️","2026-03-23 05:28:54.678456"
10424,"Yerevan",8.6,2.3,"Cold ❄️","2026-03-23 05:28:56.775887"
10425,"Gyumri",2.2,4.9,"Cold ❄️","2026-03-23 05:28:57.050243"
10426,"Vanadzor",4.4,2.4,"Cold ❄️","2026-03-23 05:28:57.322652"
10427,"Dilijan",7.0,3.9,"Cold ❄️","2026-03-23 05:28:58.137166"
10428,"Hrazdan",2.9,14.7,"Cold ❄️","2026-03-23 05:28:59.391557"
10429,"Abovyan",4.8,6.1,"Cold ❄️","2026-03-23 05:29:02.43439"
10430,"Kapan",9.7,1.1,"Cold ❄️","2026-03-23 05:29:03.516719"
10431,"Goris",7.5,4.2,"Cold ❄️","2026-03-23 05:29:03.986598"
10432,"Sevan",2.9,8.7,"Cold ❄️","2026-03-23 05:29:04.260578"
10433,"Ijevan",9.1,4.7,"Cold ❄️","2026-03-23 05:29:04.538809"
10434,"Armavir",9.2,1.8,"Cold ❄️","2026-03-23 05:29:04.905325"
10435,"Artashat",9.4,6.2,"Cold ❄️","2026-03-23 05:29:05.202377"
10436,"Sisian",6.3,3.2,"Cold ❄️","2026-03-23 05:29:05.467935"
10437,"Yerevan",8.6,2.3,"Cold ❄️","2026-03-23 05:29:06.769544"
10438,"Gyumri",2.2,4.9,"Cold ❄️","2026-03-23 05:29:07.04602"
10439,"Vanadzor",4.4,2.4,"Cold ❄️","2026-03-23 05:29:07.319446"
10440,"Dilijan",7.0,3.9,"Cold ❄️","2026-03-23 05:29:07.652131"
10441,"Hrazdan",2.9,14.7,"Cold ❄️","2026-03-23 05:29:07.930739"
10442,"Abovyan",4.8,6.1,"Cold ❄️","2026-03-23 05:29:08.278844"
10443,"Kapan",9.7,1.1,"Cold ❄️","2026-03-23 05:29:08.667781"
10444,"Goris",7.5,4.2,"Cold ❄️","2026-03-23 05:29:09.052506"
10445,"Sevan",2.9,8.7,"Cold ❄️","2026-03-23 05:29:09.438911"
10446,"Ijevan",9.1,4.7,"Cold ❄️","2026-03-23 05:29:10.19363"
10447,"Armavir",9.2,1.8,"Cold ❄️","2026-03-23 05:29:10.50861"
10448,"Artashat",9.4,6.2,"Cold ❄️","2026-03-23 05:29:12.878572"
10449,"Sisian",6.3,3.2,"Cold ❄️","2026-03-23 05:29:14.20799"
